path,size_bytes,size_human,ext,mtime
Complete_Works_of_Swami_Vivekananda_all_volumes.pdf,18005432,17.2 MB,.pdf,2026-02-05 01:37:42
The Best SOC Analyst Tools.pdf,3522312,3.4 MB,.pdf,2026-02-05 01:38:48
Atomic habits ( PDFDrive ).pdf,5386052,5.1 MB,.pdf,2026-07-10 14:03:25
.gitignore,162,162.0 B,,2026-08-12 09:20:54
.gitattributes,84,84.0 B,,2026-08-12 09:20:55
README.md,962,962.0 B,.md,2026-08-12 09:21:00
books_index.csv,0,0.0 B,.csv,2026-08-12 09:21:09
books/13_1971_vetore_baire.pdf,15544902,14.8 MB,.pdf,2026-02-05 01:37:44
books/14-05-2021-133654Dark-Psychology -James-Williams.pdf,551342,538.4 KB,.pdf,2026-02-05 01:37:44
books/Ajker Neta Shofol Netritter Shoto Koushol.pdf,6636210,6.3 MB,.pdf,2026-02-05 01:37:44
books/Amar Fashi Chai @Priyoboi.blogspot.coM.pdf,1248756,1.2 MB,.pdf,2026-02-05 01:37:44
books/amar_dekha_rajnitir_50_bochor.pdf,21622849,20.6 MB,.pdf,2026-02-05 01:38:12
books/Ami-major-dalim-bolchi (1).pdf,2454287,2.3 MB,.pdf,2026-02-05 01:37:44
books/Ami-major-dalim-bolchi.pdf,2454287,2.3 MB,.pdf,2026-02-05 01:37:44
books/bangladesh_rokter_rin.pdf,7346355,7.0 MB,.pdf,2026-02-05 01:38:14
books/Body Language by Allan Pease.pdf,14494713,13.8 MB,.pdf,2026-02-05 01:37:48
books/Career Bikoshito Jiboner Dar.pdf,5855487,5.6 MB,.pdf,2026-02-05 01:37:48
books/City of Joy.pdf,26213277,25.0 MB,.pdf,2026-02-05 01:37:52
books/dark-psychology-and-manipulation-by-richard-covert-pdf-free.pdf,799536,780.8 KB,.pdf,2026-02-05 01:38:14
books/Deyal By Humayun Ahmed.pdf,5407567,5.2 MB,.pdf,2026-02-05 01:37:52
books/Eat That Frog by Brian Tracy.pdf,10566597,10.1 MB,.pdf,2026-02-05 01:37:54
books/ek_jenareler_nirob_sakho.pdf,5827446,5.6 MB,.pdf,2026-02-05 01:38:14
books/HowToReadAPersonLikeABook .pdf,1206192,1.2 MB,.pdf,2026-02-05 01:37:54
books/jasoder_uthan_poton_osthir_somoyer_rajoniti_by_mohiuddin_ahmad.pdf,9088242,8.7 MB,.pdf,2026-02-05 01:38:14
books/kupdf_net_witness_to_surrender_siddique_salik_24382468250924782.pdf,26097117,24.9 MB,.pdf,2026-02-05 01:38:16
books/READ-PEOPLE-LIKE-A-BOOK.pdf,1246057,1.2 MB,.pdf,2026-02-05 01:37:54
books/Rich Dad Poor Dad By Robert T. Kiyosaki.pdf,33920021,32.3 MB,.pdf,2026-02-05 01:37:56
books/sarendar_art_dhaka.pdf,11810827,11.3 MB,.pdf,2026-02-05 01:38:16
books/Surjakkhor-year-1-Number-1-May-2024.pdf,4447881,4.2 MB,.pdf,2026-02-05 01:37:58
books/The 5 Second Rule by Mel Robbins.pdf,2580082,2.5 MB,.pdf,2026-02-05 01:37:58
books/The 7 Habits of Highly Effective Teens by Sean Covey.pdf,20454069,19.5 MB,.pdf,2026-02-05 01:37:58
books/The Art of Thinking Clearly By Rolf Dobelli.pdf,34301327,32.7 MB,.pdf,2026-02-05 01:38:00
books/The Business School by Robert Kiyosaki.pdf,20864246,19.9 MB,.pdf,2026-02-05 01:38:02
books/The Monk Who Sold His Ferrari by Robin Sharma.pdf,9770801,9.3 MB,.pdf,2026-02-05 01:38:02
books/The One Minute Manager by Ken Blanchard and Spencer Johnson.pdf,10409544,9.9 MB,.pdf,2026-02-05 01:38:04
books/The Power of Positive Thinking by Norman Vincent Peale.pdf,12729905,12.1 MB,.pdf,2026-02-05 01:38:04
books/The Power of Your Subconscious Mind by Joseph Murphy.pdf,9836029,9.4 MB,.pdf,2026-02-05 01:38:04
books/the_bitroyel_of_east_pakistan.pdf,10527006,10.0 MB,.pdf,2026-02-05 01:38:16
books/the_rape_of_bangladesh (1).pdf,5296663,5.1 MB,.pdf,2026-02-05 01:38:18
books/the_rape_of_bangladesh.pdf,5296663,5.1 MB,.pdf,2026-02-05 01:38:18
books/tinti_sena_ovurtan_o_kisu_na_bola_kotha.pdf,6955869,6.6 MB,.pdf,2026-02-05 01:38:18
books/Warren Buffett_s Management Secrets Proven Tools for Personal and Business Success.pdf,8395011,8.0 MB,.pdf,2026-02-05 01:38:06
books/Who Moved My Cheese by Spencer Johnson.pdf,9301041,8.9 MB,.pdf,2026-02-05 01:38:08
books/You Can Win by Shiv Khera.pdf,7032834,6.7 MB,.pdf,2026-02-05 01:38:10
books/za_dekeci_za_bujeci_za_koreci.pdf,16281095,15.5 MB,.pdf,2026-02-05 01:38:20
books/Zero to One by Blake Masters and Peter Thiel.pdf,34443948,32.8 MB,.pdf,2026-02-05 01:38:12
books/গঙ্গাঋদ্ধি_থেকে_বাংলাদেশ_মুহাম্মদ_হাবিবুর_রহমান_boimate_com.pdf,19480879,18.6 MB,.pdf,2026-02-05 01:38:24
books/তাজউদ্দীন নেতা ও পিতা.pdf,11293415,10.8 MB,.pdf,2026-02-05 01:38:26
books/না বলতে শিখুন.pdf,8038332,7.7 MB,.pdf,2026-02-05 01:38:26
"books/বলেছি, বলছি, বলবো.pdf",20088120,19.2 MB,.pdf,2026-02-05 01:38:28
books/মূলধারা_৭১_মঈদুল_হাসান_boimate_com (1).pdf,1484251,1.4 MB,.pdf,2026-02-05 01:38:28
books/মূলধারা_৭১_মঈদুল_হাসান_boimate_com.pdf,1484251,1.4 MB,.pdf,2026-02-05 01:38:28
books/স্বাধীনতা_উত্তর_বাংলাদেশ_4th_Edition_Part1.pdf,47658197,45.5 MB,.pdf,2026-02-05 01:38:30
drive-download-20250116T171806Z-001/Abul Bashar 5/Agni Bolaka By Abul Bashar (BDeBooks.Com).pdf,22053358,21.0 MB,.pdf,2020-10-13 13:51:12
drive-download-20250116T171806Z-001/Abul Bashar 5/Moru Sorgo By Abul Bashar (BDeBooks.Com).pdf,9732482,9.3 MB,.pdf,2020-10-13 13:50:42
drive-download-20250116T171806Z-001/Abul Bashar 5/Moyuri Ebong Moyuri By Abul Bashar (BDeBooks.Com).pdf,5683307,5.4 MB,.pdf,2020-10-13 13:51:18
drive-download-20250116T171806Z-001/Abul Bashar 5/Phulbou By Abul Bashar (BDeBooks.Com).pdf,13621902,13.0 MB,.pdf,2020-10-13 13:50:34
drive-download-20250116T171806Z-001/Abul Bashar 5/Rajaboli By Abul Bashar (BDeBooks.Com).pdf,9790971,9.3 MB,.pdf,2020-10-13 13:51:16
drive-download-20250116T171806Z-001/Abul Mansur Ahmad  3/Amar ekha rajnitir 50 bochor Abul Mansur Ahmed (BDeBooks.Com).pdf,21622849,20.6 MB,.pdf,2020-04-19 18:37:32
drive-download-20250116T171806Z-001/Abul Mansur Ahmad  3/Food Conference by Abul Mansur Ahmed (BDeBooks.Com).pdf,2829826,2.7 MB,.pdf,2020-04-19 18:37:50
drive-download-20250116T171806Z-001/Abul Mansur Ahmad  3/Galivorer Sofor Nama by Abul Mansur Ahmad (BDeBooks.Com).pdf,23571772,22.5 MB,.pdf,2020-04-19 18:36:20
drive-download-20250116T171806Z-001/Ahmed Sofa 10/Bangali Musolmaner Mon by Ahmed Sofa (BDeBooks.Com).pdf,11514293,11.0 MB,.pdf,2020-04-09 11:23:16
drive-download-20250116T171806Z-001/Ahmed Sofa 10/Buddhibrittir Natun Binyas by Ahmed Sofa (BDeBooks.Com).pdf,4159335,4.0 MB,.pdf,2020-04-09 11:23:44
drive-download-20250116T171806Z-001/Ahmed Sofa 10/Gavi Bittanto by Ahmed Sofa (BDeBooks.Com).pdf,9416817,9.0 MB,.pdf,2020-04-09 11:24:36
drive-download-20250116T171806Z-001/Ahmed Sofa 10/Harano Lekha by Ahmed Sofa (BDeBooks.Com).pdf,13436388,12.8 MB,.pdf,2020-04-09 11:25:36
drive-download-20250116T171806Z-001/Ahmed Sofa 10/Joddopi Amar Guru by Ahmed Sofa (BDeBooks.Com).pdf,5509277,5.3 MB,.pdf,2020-04-09 11:26:22
drive-download-20250116T171806Z-001/Ahmed Sofa 10/Nihoto Nokkhotro by Ahmed Sofa (BDeBooks.Com).pdf,5704620,5.4 MB,.pdf,2020-04-09 11:24:02
drive-download-20250116T171806Z-001/Ahmed Sofa 10/Onkar by Ahmed Sofa (BDeBooks.Com).pdf,345163,337.1 KB,.pdf,2020-04-09 11:22:20
drive-download-20250116T171806Z-001/Ahmed Sofa 10/Ordhek Nari Ordhek Issori by Ahmed Sofa (BDeBooks.Com).pdf,4786024,4.6 MB,.pdf,2020-04-09 11:24:46
drive-download-20250116T171806Z-001/Ahmed Sofa 10/Soto Borsher Ferrari Bankim Chandra Chattopadhyay by Ahmed Sofa (BDeBooks.Com).pdf,2569504,2.5 MB,.pdf,2020-04-09 11:23:28
drive-download-20250116T171806Z-001/Ahmed Sofa 10/Uttor Khondo by Ahmed Sofa (BDeBooks.Com).pdf,13187824,12.6 MB,.pdf,2020-04-09 11:26:16
drive-download-20250116T171806Z-001/Ahsan Habib 2/Shomudrer Daak By Ahsan Habib (BDeBooks.Com).pdf,3853753,3.7 MB,.pdf,2020-04-22 19:52:00
drive-download-20250116T171806Z-001/Ahsan Habib 2/Tigers Jumping Club By Ahsan Habib (BDeBooks.Com).pdf,5824567,5.6 MB,.pdf,2020-04-22 19:51:48
drive-download-20250116T171806Z-001/Akhtaruzzaman Elias 4/Akhtaruzzaman Elias Er Sahitto Jibon O Somokal (BDeBooks.Com).pdf,11175328,10.7 MB,.pdf,2020-05-05 17:21:52
drive-download-20250116T171806Z-001/Akhtaruzzaman Elias 4/Chilekothar Shepai By Akhtaruzzaman Elias (BDeBooks.Com).pdf,17007003,16.2 MB,.pdf,2020-05-05 17:08:42
drive-download-20250116T171806Z-001/Akhtaruzzaman Elias 4/Khowabnama By Akhtaruzzaman Elias (BDeBooks.Com).pdf,13428927,12.8 MB,.pdf,2020-05-05 17:09:58
drive-download-20250116T171806Z-001/Akhtaruzzaman Elias 4/Sanskritir Bhanga Setu By Akhtaruzzaman Elias (BDeBooks.Com).pdf,29970060,28.6 MB,.pdf,2020-05-05 17:11:08
drive-download-20250116T171806Z-001/Al Mahmud  4/Alok Pulok Shihoron By Al Mahmud (BDeBooks.Com).pdf,1420689,1.4 MB,.pdf,2020-04-25 02:45:06
drive-download-20250116T171806Z-001/Al Mahmud  4/Ek Veza Biralir Biborton by Al Mahmud (BDeBooks.Com).pdf,1848191,1.8 MB,.pdf,2020-04-25 02:46:10
drive-download-20250116T171806Z-001/Al Mahmud  4/Je Paro Vuliye Dao By Al Mahmud (BDeBooks.Com).pdf,4820422,4.6 MB,.pdf,2020-04-25 02:45:28
drive-download-20250116T171806Z-001/Al Mahmud  4/Sonali Kabin Kabita book by Al Mahmud (BDeBooks.Com).pdf,731490,714.3 KB,.pdf,2020-04-25 02:45:28
drive-download-20250116T171806Z-001/Anisul Hoque 23/Abar Tora Kipte Ho by Anisul Haque (BDeBooks.Com).pdf,5852479,5.6 MB,.pdf,2020-03-30 19:29:00
drive-download-20250116T171806Z-001/Anisul Hoque 23/Alo Andhokare Jai by Anisul Haque (BDeBooks.Com).pdf,1246672,1.2 MB,.pdf,2020-03-30 19:28:12
drive-download-20250116T171806Z-001/Anisul Hoque 23/Alo Hate Choliyachhe Adharer Jatri Anisul Haque (BDeBooks.Com).pdf,1770365,1.7 MB,.pdf,2020-03-30 19:22:06
drive-download-20250116T171806Z-001/Anisul Hoque 23/Amar Ekta Dukkho Ache by Anisul Haque (BDeBooks.Com).pdf,21513676,20.5 MB,.pdf,2020-03-30 19:32:52
drive-download-20250116T171806Z-001/Anisul Hoque 23/Asshadimbo by Anisul Haque (BDeBooks.Com).pdf,6874371,6.6 MB,.pdf,2020-03-30 19:21:56
drive-download-20250116T171806Z-001/Anisul Hoque 23/Bhalobasha Mondobasa by Anisul Haque (BDeBooks.Com).pdf,12255316,11.7 MB,.pdf,2020-03-30 19:27:52
drive-download-20250116T171806Z-001/Anisul Hoque 23/Bhalobasi Ashchorjo Meghdol by Anisul Haque (BDeBooks.Com).pdf,20065838,19.1 MB,.pdf,2020-03-30 19:27:52
drive-download-20250116T171806Z-001/Anisul Hoque 23/Bikel Belar Golpo by Anisul Haque (BDeBooks.Com).pdf,339486,331.5 KB,.pdf,2020-03-30 19:21:24
drive-download-20250116T171806Z-001/Anisul Hoque 23/Etodin Kothay Chilen by Anisul Haque (BDeBooks.Com).pdf,6812469,6.5 MB,.pdf,2020-03-30 19:25:42
drive-download-20250116T171806Z-001/Anisul Hoque 23/Fazi by Anisul Haque (BDeBooks.Com).pdf,5841527,5.6 MB,.pdf,2020-03-30 19:25:18
drive-download-20250116T171806Z-001/Anisul Hoque 23/Fire Eso Sundoritoma by Anisul Haque (BDeBooks.Com).pdf,29557615,28.2 MB,.pdf,2020-03-30 19:30:48
drive-download-20250116T171806Z-001/Anisul Hoque 23/Greece Desher Rupkatha By Anisul Hoque (BDeBooks.Com).pdf,2689024,2.6 MB,.pdf,2020-03-30 19:21:24
drive-download-20250116T171806Z-001/Anisul Hoque 23/Hridita by Anisul Haque (BDeBooks.Com).pdf,19268608,18.4 MB,.pdf,2020-03-30 19:25:10
drive-download-20250116T171806Z-001/Anisul Hoque 23/Kheya by Anisul Haque (BDeBooks.Com).pdf,11785807,11.2 MB,.pdf,2020-03-30 19:30:06
drive-download-20250116T171806Z-001/Anisul Hoque 23/Maa by Anisul Haque (BDeBooks.Com).pdf,718519,701.7 KB,.pdf,2020-03-30 19:29:20
drive-download-20250116T171806Z-001/Anisul Hoque 23/Mon Plus Hridoy By Anisul Haque (BDeBooks.Com).pdf,2767899,2.6 MB,.pdf,2020-03-30 19:30:12
drive-download-20250116T171806Z-001/Anisul Hoque 23/Nondini by Anisul Haque (BDeBooks.Com).pdf,5339927,5.1 MB,.pdf,2020-03-30 19:32:18
drive-download-20250116T171806Z-001/Anisul Hoque 23/Ondhokarer Eksho Bochor By Anisul Hoque (BDeBooks.Com).pdf,4466185,4.3 MB,.pdf,2020-03-30 19:31:52
drive-download-20250116T171806Z-001/Anisul Hoque 23/Osomapto Chumboner Unish Bosor Por by Anisul Haque (BDeBooks.Com).pdf,539812,527.2 KB,.pdf,2020-03-30 19:22:22
drive-download-20250116T171806Z-001/Anisul Hoque 23/Porshi Jodi Amay Chuto by Anisul Haque (BDeBooks.Com).pdf,13870337,13.2 MB,.pdf,2020-03-30 19:32:04
drive-download-20250116T171806Z-001/Anisul Hoque 23/Sei Gumer Por by Anisul Haque (BDeBooks.Com).pdf,8725096,8.3 MB,.pdf,2020-03-30 19:31:26
drive-download-20250116T171806Z-001/Anisul Hoque 23/Sejuti Tomar Jonno by Anisul Haque (BDeBooks.Com).pdf,2711274,2.6 MB,.pdf,2020-03-30 19:31:22
drive-download-20250116T171806Z-001/Anisul Hoque 23/Swapno by Anisul Haque (BDeBooks.Com).pdf,3328305,3.2 MB,.pdf,2020-03-30 19:32:08
drive-download-20250116T171806Z-001/Arif Azad 4/Aroj Ali Somipe By Arif Azad - ( BdeBooks.Com).pdf,33910469,32.3 MB,.pdf,2020-04-12 13:47:46
drive-download-20250116T171806Z-001/Arif Azad 4/Paradoxical Sajid (BDeBook.Com).pdf,10129632,9.7 MB,.pdf,2020-04-12 13:48:58
drive-download-20250116T171806Z-001/Arif Azad 4/Paradoxical Sazid- 02 (BDeBooks.com).pdf,7033999,6.7 MB,.pdf,2020-04-12 13:48:56
drive-download-20250116T171806Z-001/Arif Azad 4/Shottokothon By Arif Azad - (BdeBooks.Com).pdf,10858221,10.4 MB,.pdf,2020-04-12 13:48:44
drive-download-20250116T171806Z-001/Ashapurna Devi 39/50 Priyo Golpo By Ashapurna Devi (BDeBooks.Com).pdf,17796876,17.0 MB,.pdf,2020-04-25 02:54:50
drive-download-20250116T171806Z-001/Ashapurna Devi 39/Aaar Ek Jhor By Ashapurna Devi (BDeBooks.Com).pdf,5369910,5.1 MB,.pdf,2020-04-25 03:06:50
drive-download-20250116T171806Z-001/Ashapurna Devi 39/Agniparikha By Ashapurna Devi (BDeBooks.Com).pdf,5262949,5.0 MB,.pdf,2020-04-25 03:07:32
drive-download-20250116T171806Z-001/Ashapurna Devi 39/Aphuranta By Ashapurna Devi (BDeBooks.Com).pdf,6549761,6.2 MB,.pdf,2020-04-25 03:04:56
drive-download-20250116T171806Z-001/Ashapurna Devi 39/Astitwa By Ashapurna Devi (BDeBooks.Com).pdf,4807078,4.6 MB,.pdf,2020-04-25 03:04:58
drive-download-20250116T171806Z-001/Ashapurna Devi 39/Biragi Pakhi By Ashapurna Devi (BDeBooks.Com).pdf,2992539,2.9 MB,.pdf,2020-04-25 03:04:04
drive-download-20250116T171806Z-001/Ashapurna Devi 39/Bokul Khotha By Ashapurna Devi (BDeBooks.Com).pdf,10542263,10.1 MB,.pdf,2020-04-25 03:07:40
drive-download-20250116T171806Z-001/Ashapurna Devi 39/Bolber Moto Noi By Ashapurna Devi (BDeBooks.Com).pdf,3088433,2.9 MB,.pdf,2020-04-25 02:51:18
drive-download-20250116T171806Z-001/Ashapurna Devi 39/Dui Nayaka By Ashapurna Devi (BDeBooks.Com).pdf,2522004,2.4 MB,.pdf,2020-04-25 03:07:32
drive-download-20250116T171806Z-001/Ashapurna Devi 39/Ekhane Okhane Shakhane By Ashapurna Devi (BDeBooks.Com).pdf,5531331,5.3 MB,.pdf,2020-04-25 03:05:16
drive-download-20250116T171806Z-001/Ashapurna Devi 39/Gojo Ukiler Hatya Rohosyo By Ashapurna Devi (BDeBooks.Com).pdf,14604032,13.9 MB,.pdf,2020-04-25 03:06:12
drive-download-20250116T171806Z-001/Ashapurna Devi 39/Golpo Samagro By Ashapurna Devi (BDeBooks.Com).pdf,12267409,11.7 MB,.pdf,2020-04-25 02:55:38
drive-download-20250116T171806Z-001/Ashapurna Devi 39/Juganter Jobonika Pare By Ashapurna Devi (BDeBooks.Com).pdf,5924622,5.7 MB,.pdf,2020-04-25 03:06:36
drive-download-20250116T171806Z-001/Ashapurna Devi 39/Jugol Rotno Tiktiki Office By Ashapurna Devi (BDeBooks.Com).pdf,1595853,1.5 MB,.pdf,2020-04-25 03:02:32
drive-download-20250116T171806Z-001/Ashapurna Devi 39/Kalyani By Ashapurna Devi (BDeBooks.Com).pdf,8553185,8.2 MB,.pdf,2020-04-25 03:01:50
drive-download-20250116T171806Z-001/Ashapurna Devi 39/Kanak Dwip By Ashapurna Devi (BDeBooks.Com).pdf,4228565,4.0 MB,.pdf,2020-04-25 03:02:02
drive-download-20250116T171806Z-001/Ashapurna Devi 39/Kokhono Kache Kokhono Dure By Ashapurna Devi (BDeBooks.Com).pdf,6411880,6.1 MB,.pdf,2020-04-25 03:01:22
drive-download-20250116T171806Z-001/Ashapurna Devi 39/Kumirer Ha By Ashapurna Devi (BDeBooks.Com).pdf,2224656,2.1 MB,.pdf,2020-04-25 03:03:08
drive-download-20250116T171806Z-001/Ashapurna Devi 39/Mohini Maya By Ashapurna Devi (BDeBooks.Com).pdf,2755713,2.6 MB,.pdf,2020-04-25 03:07:34
drive-download-20250116T171806Z-001/Ashapurna Devi 39/Nabajanma By Ashapurna Devi (BDeBooks.Com).pdf,5155188,4.9 MB,.pdf,2020-04-25 03:03:24
drive-download-20250116T171806Z-001/Ashapurna Devi 39/Nije Bujhe Nin By Ashapurna Devi (BDeBooks.Com).pdf,8208991,7.8 MB,.pdf,2020-04-25 02:51:16
drive-download-20250116T171806Z-001/Ashapurna Devi 39/Notun Prohoson By Ashapurna Devi (BDeBooks.Com).pdf,1997333,1.9 MB,.pdf,2020-04-25 03:03:28
drive-download-20250116T171806Z-001/Ashapurna Devi 39/Path Janahin By Ashapurna Devi (BDeBooks.Com).pdf,6467528,6.2 MB,.pdf,2020-04-25 03:03:04
drive-download-20250116T171806Z-001/Ashapurna Devi 39/Paysa Diye Kena By Ashapurna Devi (BDeBooks.Com).pdf,2889425,2.8 MB,.pdf,2020-04-25 03:00:54
drive-download-20250116T171806Z-001/Ashapurna Devi 39/Pratham Pratisruti By Ashapurna Devi (BDeBooks.Com).pdf,22479321,21.4 MB,.pdf,2020-04-25 02:58:38
drive-download-20250116T171806Z-001/Ashapurna Devi 39/Pratikshar Bagan By Ashapurna Devi (BDeBooks.Com).pdf,6401404,6.1 MB,.pdf,2020-04-25 02:58:06
drive-download-20250116T171806Z-001/Ashapurna Devi 39/Prem O Prayojan By Ashapurna Devi (BDeBooks.Com).pdf,3526965,3.4 MB,.pdf,2020-04-25 03:00:18
drive-download-20250116T171806Z-001/Ashapurna Devi 39/Priyo Golpo By Ashapurna Devi (BDeBooks.Com).pdf,9537020,9.1 MB,.pdf,2020-04-25 02:53:48
drive-download-20250116T171806Z-001/Ashapurna Devi 39/Rajkumarer Poshakay By Ashapurna Devi (BDeBooks.Com).pdf,5529190,5.3 MB,.pdf,2020-04-25 02:58:56
drive-download-20250116T171806Z-001/Ashapurna Devi 39/Rochonaboli 01 By Ashapurna Devi (BDeBooks.Com).pdf,20105792,19.2 MB,.pdf,2020-04-25 03:00:56
drive-download-20250116T171806Z-001/Ashapurna Devi 39/Rochonaboli 05 By Ashapurna Devi (BDeBooks.Com).pdf,15218778,14.5 MB,.pdf,2020-04-25 02:56:54
drive-download-20250116T171806Z-001/Ashapurna Devi 39/Sat Hasir Galpo By Ashapurna Devi (BDeBooks.Com).pdf,4543753,4.3 MB,.pdf,2020-04-25 02:55:20
drive-download-20250116T171806Z-001/Ashapurna Devi 39/Sera 6 Uponash By Ashapurna Devi (BDeBooks.Com).pdf,9881843,9.4 MB,.pdf,2020-04-25 03:00:14
drive-download-20250116T171806Z-001/Ashapurna Devi 39/Shaday Kaloy Naksha By Ashapurna Devi (BDeBooks.Com).pdf,4240376,4.0 MB,.pdf,2020-04-25 02:58:56
drive-download-20250116T171806Z-001/Ashapurna Devi 39/Shudhu Tara Dujon By Ashapurna Devi (BDeBooks.Com).pdf,1969460,1.9 MB,.pdf,2020-04-25 02:56:30
drive-download-20250116T171806Z-001/Ashapurna Devi 39/Tarangahin By Ashapurna Devi (BDeBooks.Com).pdf,4399383,4.2 MB,.pdf,2020-04-25 02:56:50
drive-download-20250116T171806Z-001/Ashapurna Devi 39/Tin Bhubaner Kahinee By Ashapurna Devi (BDeBooks.Com).pdf,6032193,5.8 MB,.pdf,2020-04-25 02:59:16
drive-download-20250116T171806Z-001/Ashapurna Devi 39/Totodhik By Ashapurna Devi (BDeBooks.Com).pdf,2102011,2.0 MB,.pdf,2020-04-25 02:59:22
drive-download-20250116T171806Z-001/Ashapurna Devi 39/Uttar Purush By Ashapurna Devi (BDeBooks.Com).pdf,4176226,4.0 MB,.pdf,2020-04-25 02:58:06
drive-download-20250116T171806Z-001/Bangla Comics  93/Babu 9/Babu 3  - Sharier Khan.pdf,43289732,41.3 MB,.pdf,2020-04-14 14:42:00
drive-download-20250116T171806Z-001/Bangla Comics  93/Babu 9/Babu 4 - Sharier Khan.pdf,42218603,40.3 MB,.pdf,2020-04-14 14:59:56
drive-download-20250116T171806Z-001/Bangla Comics  93/Babu 9/Babu 5 - Sharier Khan.pdf,41326225,39.4 MB,.pdf,2020-04-14 14:51:24
drive-download-20250116T171806Z-001/Bangla Comics  93/Babu 9/Babu 6 - Sharier Khan.pdf,42880585,40.9 MB,.pdf,2020-04-14 15:00:42
drive-download-20250116T171806Z-001/Bangla Comics  93/Babu 9/Babu 7 - Sharier Khan.pdf,43816038,41.8 MB,.pdf,2020-04-14 14:44:54
drive-download-20250116T171806Z-001/Bangla Comics  93/Babu 9/Babu 8 - Sharier Khan.pdf,45702884,43.6 MB,.pdf,2020-04-14 14:43:36
drive-download-20250116T171806Z-001/Bangla Comics  93/Babu 9/বাবু #০১ [ASHIK].PDF,32799220,31.3 MB,.pdf,2020-04-14 14:43:22
drive-download-20250116T171806Z-001/Bangla Comics  93/Babu 9/বাবু #০২ [ASHIK].pdf,59467143,56.7 MB,.pdf,2020-04-14 14:48:44
drive-download-20250116T171806Z-001/Bangla Comics  93/Babu 9/বাবু #০৯ [ASHIK].pdf,44321133,42.3 MB,.pdf,2020-04-14 14:50:38
drive-download-20250116T171806Z-001/Bangla Comics  93/Basic ali  8/Basic ali 5 150 by shamol.pdf,21600750,20.6 MB,.pdf,2018-09-12 15:50:10
drive-download-20250116T171806Z-001/Bangla Comics  93/Basic ali  8/Basic Ali vol 3 & 4.pdf,1378694,1.3 MB,.pdf,2018-09-12 15:50:14
drive-download-20250116T171806Z-001/Bangla Comics  93/Basic ali  8/basic-ali-2009-part-1.pdf,10296684,9.8 MB,.pdf,2018-09-12 15:50:20
drive-download-20250116T171806Z-001/Bangla Comics  93/Basic ali  8/basic-ali-2009-part-2.pdf,10073067,9.6 MB,.pdf,2018-09-12 15:50:22
drive-download-20250116T171806Z-001/Bangla Comics  93/Billu 5/☆Billu Aar Kotha Bola Gach.pdf,28996048,27.7 MB,.pdf,2020-04-14 14:46:56
drive-download-20250116T171806Z-001/Bangla Comics  93/Billu 5/☆Billu Ebong Fast Food.pdf,40981514,39.1 MB,.pdf,2020-04-14 14:49:40
drive-download-20250116T171806Z-001/Bangla Comics  93/Billu 5/☆Billu Five Star Hotele.pdf,28067474,26.8 MB,.pdf,2020-04-14 14:42:12
drive-download-20250116T171806Z-001/Bangla Comics  93/Billu 5/☆Billur Cycle.pdf,18722534,17.9 MB,.pdf,2020-04-14 14:42:40
drive-download-20250116T171806Z-001/Bangla Comics  93/Billu 5/☆Billur Mobile Phone.pdf,25137787,24.0 MB,.pdf,2020-04-14 14:47:26
drive-download-20250116T171806Z-001/Bangla Comics  93/Cacha Chowdhury 19/Boby.pdf,8094420,7.7 MB,.pdf,2018-09-12 16:05:16
drive-download-20250116T171806Z-001/Bangla Comics  93/Cacha Chowdhury 19/cacha chowdhury o sabur biye.pdf,47764885,45.6 MB,.pdf,2020-04-14 13:14:02
drive-download-20250116T171806Z-001/Bangla Comics  93/Cacha Chowdhury 19/Chacha Chaudhury-r Dumdam.pdf,12125384,11.6 MB,.pdf,2020-04-14 12:58:56
drive-download-20250116T171806Z-001/Bangla Comics  93/Cacha Chowdhury 19/Chacha Chowdhury Aar Miss Universe {Banglapdf.net}.pdf,16196285,15.4 MB,.pdf,2018-09-12 16:04:40
drive-download-20250116T171806Z-001/Bangla Comics  93/Cacha Chowdhury 19/Chacha Chowdhury Aar Rakar Punoragomon(RQ).pdf,28017606,26.7 MB,.pdf,2018-09-12 16:04:46
drive-download-20250116T171806Z-001/Bangla Comics  93/Cacha Chowdhury 19/Chacha Chowdhury C K boidownload24.blogspot.com.pdf,19961622,19.0 MB,.pdf,2020-04-14 13:18:16
drive-download-20250116T171806Z-001/Bangla Comics  93/Cacha Chowdhury 19/Chacha Chowdhury O Madam Zorro{RG-Banglapdf.net}.pdf,18147608,17.3 MB,.pdf,2018-09-12 16:04:50
drive-download-20250116T171806Z-001/Bangla Comics  93/Cacha Chowdhury 19/chacha-choudhury-ar-deadly-dan.pdf,12593126,12.0 MB,.pdf,2018-09-12 16:04:52
drive-download-20250116T171806Z-001/Bangla Comics  93/Cacha Chowdhury 19/chacha-chowdhry-aar-rakar-jobab-hq.pdf,25937532,24.7 MB,.pdf,2018-09-12 16:04:58
drive-download-20250116T171806Z-001/Bangla Comics  93/Cacha Chowdhury 19/chacha-chowdhury-aar-bideshi-agent.pdf,11606330,11.1 MB,.pdf,2018-09-12 16:05:02
drive-download-20250116T171806Z-001/Bangla Comics  93/Cacha Chowdhury 19/chacha-chowdhury-aar-chompot-shompot.pdf,31436516,30.0 MB,.pdf,2018-09-12 16:05:08
drive-download-20250116T171806Z-001/Bangla Comics  93/Cacha Chowdhury 19/chacha-chowdhury-aar-world-cup.pdf,15251644,14.5 MB,.pdf,2018-09-12 16:05:10
drive-download-20250116T171806Z-001/Bangla Comics  93/Cacha Chowdhury 19/Chacha_Chaudhary__Ar_Cyber_Crime.PDF,17946057,17.1 MB,.pdf,2020-03-21 02:36:42
drive-download-20250116T171806Z-001/Bangla Comics  93/Cacha Chowdhury 19/ChCh O R K boidownload24.blogspot.com.PDF,37370914,35.6 MB,.pdf,2020-04-14 12:57:28
drive-download-20250116T171806Z-001/Bangla Comics  93/Cacha Chowdhury 19/rajkumari oja.pdf,44039953,42.0 MB,.pdf,2020-04-14 13:17:16
drive-download-20250116T171806Z-001/Bangla Comics  93/Cacha Chowdhury 19/rakar-challange.pdf,19637526,18.7 MB,.pdf,2018-09-12 16:05:24
drive-download-20250116T171806Z-001/Bangla Comics  93/Cacha Chowdhury 19/Rakar_20Protisodh.pdf,10479831,10.0 MB,.pdf,2018-09-12 16:05:14
drive-download-20250116T171806Z-001/Bangla Comics  93/Cacha Chowdhury 19/চাচা চৌধুরী আর উড়ন্ত কার.pdf,20922503,20.0 MB,.pdf,2020-04-14 13:19:06
drive-download-20250116T171806Z-001/Bangla Comics  93/Cacha Chowdhury 19/চাচা চৌধুরী আর বোতলের দৈত্য.pdf,33380084,31.8 MB,.pdf,2020-04-14 13:17:20
drive-download-20250116T171806Z-001/Bangla Comics  93/game of throns/GOT 01 boidownload24.blogspot.com.pdf,48536307,46.3 MB,.pdf,2020-06-10 11:08:54
drive-download-20250116T171806Z-001/Bangla Comics  93/game of throns/GOT 02 boidownload24.blogspot.com.pdf,49412800,47.1 MB,.pdf,2020-06-10 11:11:06
drive-download-20250116T171806Z-001/Bangla Comics  93/game of throns/GOT 03 boidownload24.blogspot.com.pdf,49933715,47.6 MB,.pdf,2020-06-10 11:11:00
drive-download-20250116T171806Z-001/Bangla Comics  93/game of throns/GOT 04.pdf,43521370,41.5 MB,.pdf,2020-06-10 11:14:46
drive-download-20250116T171806Z-001/Bangla Comics  93/game of throns/GOT 05 boidownload24.blogspot.com.pdf,45737239,43.6 MB,.pdf,2020-06-10 12:09:34
drive-download-20250116T171806Z-001/Bangla Comics  93/game of throns/GOT 07.pdf,48508637,46.3 MB,.pdf,2020-06-10 12:07:28
drive-download-20250116T171806Z-001/Bangla Comics  93/Hada voda 2/হাঁদা ভোঁদার কাণ্ডকারখানা (পিসে মশাই স্পেশাল).pdf,23815697,22.7 MB,.pdf,2020-04-16 21:17:58
drive-download-20250116T171806Z-001/Bangla Comics  93/Hada voda 2/হাঁদা ভোঁদার বুদ্ধির গুতো.pdf,1172728,1.1 MB,.pdf,2020-04-16 21:03:52
drive-download-20250116T171806Z-001/Bangla Comics  93/Hunters fortune 4/হান্টার্স ফরচুন ০১_2.pdf,6801602,6.5 MB,.pdf,2020-04-16 21:07:26
drive-download-20250116T171806Z-001/Bangla Comics  93/Hunters fortune 4/হান্টার্স ফরচুন ০২_2.pdf,16372028,15.6 MB,.pdf,2020-04-16 21:32:14
drive-download-20250116T171806Z-001/Bangla Comics  93/Hunters fortune 4/হান্টার্স ফরচুন ০৩_2.pdf,22341442,21.3 MB,.pdf,2020-04-16 21:30:20
drive-download-20250116T171806Z-001/Bangla Comics  93/Hunters fortune 4/হান্টার্স ফরচুন ০৪.pdf,17758520,16.9 MB,.pdf,2020-04-16 21:10:34
drive-download-20250116T171806Z-001/Bangla Comics  93/Nonte fonte  10/Nonte Fonte Vol 1.pdf,1883183,1.8 MB,.pdf,2018-09-12 16:05:26
drive-download-20250116T171806Z-001/Bangla Comics  93/Nonte fonte  10/Nonte Fonte Vol 10.pdf,3779786,3.6 MB,.pdf,2018-10-12 18:30:26
drive-download-20250116T171806Z-001/Bangla Comics  93/Nonte fonte  10/Nonte fonte Vol 2.pdf,1713793,1.6 MB,.pdf,2018-09-12 16:05:26
drive-download-20250116T171806Z-001/Bangla Comics  93/Nonte fonte  10/Nonte Fonte Vol 3.pdf,2032842,1.9 MB,.pdf,2018-09-12 16:05:28
drive-download-20250116T171806Z-001/Bangla Comics  93/Nonte fonte  10/Nonte fonte Vol 4.pdf,2284158,2.2 MB,.pdf,2018-09-12 16:05:28
drive-download-20250116T171806Z-001/Bangla Comics  93/Nonte fonte  10/Nonte Fonte Vol 5.pdf,2883164,2.7 MB,.pdf,2018-09-12 16:05:30
drive-download-20250116T171806Z-001/Bangla Comics  93/Nonte fonte  10/Nonte fonte Vol 6.pdf,2851060,2.7 MB,.pdf,2018-09-12 16:05:30
drive-download-20250116T171806Z-001/Bangla Comics  93/Nonte fonte  10/Nonte Fonte Vol 7.pdf,1912064,1.8 MB,.pdf,2018-09-12 16:05:32
drive-download-20250116T171806Z-001/Bangla Comics  93/Nonte fonte  10/Nonte Fonte Vol 8.pdf,3450685,3.3 MB,.pdf,2018-10-12 18:30:22
drive-download-20250116T171806Z-001/Bangla Comics  93/Nonte fonte  10/Nonte Fonte Vol 9.pdf,3521467,3.4 MB,.pdf,2018-10-12 18:30:16
drive-download-20250116T171806Z-001/Bangla Comics  93/Phantom 9/Phantom 09 (boidownload24.blogspot.com)_2.pdf,40263317,38.4 MB,.pdf,2020-04-14 14:12:52
drive-download-20250116T171806Z-001/Bangla Comics  93/Phantom 9/Phantom Digest 06 boidownload24.blogspot.com.pdf,101409475,96.7 MB,.pdf,2020-04-14 14:17:58
drive-download-20250116T171806Z-001/Bangla Comics  93/Phantom 9/Phantom Digest 1 boidownload24.blogspot.com.pdf,63864887,60.9 MB,.pdf,2020-04-14 14:13:28
drive-download-20250116T171806Z-001/Bangla Comics  93/Phantom 9/Phantom Digest 2 boidownload24.blogspot.com.pdf,69138273,65.9 MB,.pdf,2020-04-14 14:16:32
drive-download-20250116T171806Z-001/Bangla Comics  93/Phantom 9/Phantom Digest 3 boidownload24.blogspot.com.pdf,58769548,56.0 MB,.pdf,2020-04-14 14:12:24
drive-download-20250116T171806Z-001/Bangla Comics  93/Phantom 9/Phantom Volume 4 [boidownload24.blogspot.com].pdf,53394798,50.9 MB,.pdf,2020-04-14 14:03:30
drive-download-20250116T171806Z-001/Bangla Comics  93/Phantom 9/Phantom Volume 5 [boidownload24.blogspot.com].pdf,44766127,42.7 MB,.pdf,2020-04-14 14:12:08
drive-download-20250116T171806Z-001/Bangla Comics  93/Phantom 9/Phantom Volume 7 (boidownload24.blogspot.com).pdf,60077876,57.3 MB,.pdf,2020-04-14 14:12:20
drive-download-20250116T171806Z-001/Bangla Comics  93/Phantom 9/ফ্যান্টম ডাইজেস্ট ০৮ [boidownload24.blogspot.com].pdf,59921730,57.1 MB,.pdf,2020-04-14 14:18:04
drive-download-20250116T171806Z-001/Bangla Comics  93/Pinky 2/Pinki Aar BulBul.pdf,15189642,14.5 MB,.pdf,2018-09-12 16:05:20
drive-download-20250116T171806Z-001/Bangla Comics  93/Pinky 2/Pinkir Putul.pdf,7829855,7.5 MB,.pdf,2018-09-12 16:05:18
drive-download-20250116T171806Z-001/Bangla Comics  93/Romon 4/রমন আর চোর.pdf,34112116,32.5 MB,.pdf,2020-04-16 21:22:38
drive-download-20250116T171806Z-001/Bangla Comics  93/Romon 4/রমন আর শিকার_2.pdf,25837263,24.6 MB,.pdf,2020-04-16 21:26:02
drive-download-20250116T171806Z-001/Bangla Comics  93/Romon 4/রমন হিল স্টেশনে.pdf,10877060,10.4 MB,.pdf,2020-04-16 21:16:22
drive-download-20250116T171806Z-001/Bangla Comics  93/Romon 4/রমনের টিভি_2.pdf,16885361,16.1 MB,.pdf,2020-04-16 21:15:56
drive-download-20250116T171806Z-001/Bangla Comics  93/Tin tin  21/America_y TinTin.pdf,12377935,11.8 MB,.pdf,2018-09-12 15:46:58
drive-download-20250116T171806Z-001/Bangla Comics  93/Tin tin  21/Bhingroher Agantuk.PDF,41848237,39.9 MB,.pdf,2018-09-12 15:47:48
drive-download-20250116T171806Z-001/Bangla Comics  93/Tin tin  21/Biplabider Dangole.pdf,14857231,14.2 MB,.pdf,2018-09-12 15:47:34
drive-download-20250116T171806Z-001/Bangla Comics  93/Tin tin  21/Calculus er kando.pdf,18323513,17.5 MB,.pdf,2018-09-12 15:48:24
drive-download-20250116T171806Z-001/Bangla Comics  93/Tin tin  21/CHANDE TINTIN.pdf,60283305,57.5 MB,.pdf,2018-09-12 15:48:54
drive-download-20250116T171806Z-001/Bangla Comics  93/Tin tin  21/Chandraloke Abhijan.pdf,58502882,55.8 MB,.pdf,2018-09-12 15:49:06
drive-download-20250116T171806Z-001/Bangla Comics  93/Tin tin  21/Chappanno Hajar Borgomile by Humayun Azad.pdf,10766213,10.3 MB,.pdf,2018-09-12 15:49:08
drive-download-20250116T171806Z-001/Bangla Comics  93/Tin tin  21/Flight 714 .pdf,13463799,12.8 MB,.pdf,2018-09-12 15:47:36
drive-download-20250116T171806Z-001/Bangla Comics  93/Tin tin  21/Kaanbhanga Murti.pdf,71183412,67.9 MB,.pdf,2018-09-12 15:49:42
drive-download-20250116T171806Z-001/Bangla Comics  93/Tin tin  21/Kalo sonar deshe bengalipdfcomics.blogspot.com.pdf,12798569,12.2 MB,.pdf,2018-10-13 16:44:58
drive-download-20250116T171806Z-001/Bangla Comics  93/Tin tin  21/Lal Bombete_r Guptodhan.pdf,12371776,11.8 MB,.pdf,2018-09-12 15:47:14
drive-download-20250116T171806Z-001/Bani Basu 17/Akrur Songab By Bani Basu (BDeBooks.Com).pdf,231494,226.1 KB,.pdf,2020-04-25 19:31:22
drive-download-20250116T171806Z-001/Bani Basu 17/All Ladies Vramon By Bani Basu (BDeBooks.Com).pdf,736959,719.7 KB,.pdf,2020-04-25 19:31:32
drive-download-20250116T171806Z-001/Bani Basu 17/Anyo Bhai By Bani Basu (BDeBooks.Com).pdf,1451820,1.4 MB,.pdf,2020-04-25 19:30:48
drive-download-20250116T171806Z-001/Bani Basu 17/Ekushey Pa By Bani Basu (BDeBooks.Com).pdf,14542599,13.9 MB,.pdf,2020-04-25 19:30:14
drive-download-20250116T171806Z-001/Bani Basu 17/Gandharbi By Bani Basu (BDeBooks.Com).pdf,10112275,9.6 MB,.pdf,2020-04-25 19:31:26
drive-download-20250116T171806Z-001/Bani Basu 17/Kak Jyotsna By Bani Basu (BDeBooks.Com).pdf,537693,525.1 KB,.pdf,2020-04-25 19:26:40
drive-download-20250116T171806Z-001/Bani Basu 17/Kharap Chhele by Bani Basu - (BdeBooks.Com).pdf,5713215,5.4 MB,.pdf,2020-04-25 19:10:56
drive-download-20250116T171806Z-001/Bani Basu 17/maitreya jatak by bani basu - (BdeBooks.Com).pdf,22650795,21.6 MB,.pdf,2020-04-25 19:10:18
drive-download-20250116T171806Z-001/Bani Basu 17/Meyeli Addar Halchal By Bani Basu (BDeBooks.Com).pdf,7192437,6.9 MB,.pdf,2020-04-25 19:30:32
drive-download-20250116T171806Z-001/Bani Basu 17/Nuhar Nouka By Bani Basu (BDeBooks.Com).pdf,6503948,6.2 MB,.pdf,2020-04-25 19:29:26
drive-download-20250116T171806Z-001/Bani Basu 17/Ontorghat By Bani Basu (BDeBooks.Com).pdf,4683232,4.5 MB,.pdf,2020-04-25 19:30:44
drive-download-20250116T171806Z-001/Bani Basu 17/Operation Orindom By Bani Basu (BDeBooks.Com).pdf,4103304,3.9 MB,.pdf,2020-04-25 19:28:24
drive-download-20250116T171806Z-001/Bani Basu 17/Ponchom Purush By Bani Basu (BDeBooks.Com).pdf,3464902,3.3 MB,.pdf,2020-04-25 19:32:46
drive-download-20250116T171806Z-001/Bani Basu 17/Provas By Bani Basu (BDeBooks.Com).pdf,429520,419.5 KB,.pdf,2020-04-25 19:32:02
drive-download-20250116T171806Z-001/Bani Basu 17/Shastra Jatok By Bani Basu (BDeBooks.Com).pdf,947770,925.6 KB,.pdf,2020-04-25 19:28:00
drive-download-20250116T171806Z-001/Bani Basu 17/Surupa Sarupa By Bani Basu (BDeBooks.Com).pdf,2124722,2.0 MB,.pdf,2020-04-25 19:27:52
drive-download-20250116T171806Z-001/Bani Basu 17/Uponyas Ponchok By Bani Basu (BDeBooks.Com).pdf,6324600,6.0 MB,.pdf,2020-04-25 19:32:36
drive-download-20250116T171806Z-001/Bankim Chandra Chattopadhyay 19/Anandamath PDF book by Bankim Chandra Chattopadhyay (BDeBooks.Com).pdf,4753868,4.5 MB,.pdf,2020-04-12 14:17:08
drive-download-20250116T171806Z-001/Bankim Chandra Chattopadhyay 19/Bankim Upanyas Samagra (BDeBooks.Com) .pdf,5948442,5.7 MB,.pdf,2020-04-29 12:36:22
drive-download-20250116T171806Z-001/Bankim Chandra Chattopadhyay 19/Bari Bahini By Bankim Chandra Chattopadhyay (BDeBooks.Com).pdf,6124956,5.8 MB,.pdf,2020-04-12 14:00:30
drive-download-20250116T171806Z-001/Bankim Chandra Chattopadhyay 19/Chandrashekhar PDF book by Bankim Chandra Chattopadhyay (BDeBooks.Com).pdf,2525527,2.4 MB,.pdf,2020-04-12 14:16:48
drive-download-20250116T171806Z-001/Bankim Chandra Chattopadhyay 19/Devi Chaudhurani PDF book by Bankim Chandra Chattopadhyay (BDeBooks.Com).pdf,5419807,5.2 MB,.pdf,2020-04-12 14:16:44
drive-download-20250116T171806Z-001/Bankim Chandra Chattopadhyay 19/Durgeshnandini (BDeBooks.Com).pdf,6336812,6.0 MB,.pdf,2020-04-12 14:16:28
drive-download-20250116T171806Z-001/Bankim Chandra Chattopadhyay 19/Indira PDF book by Bankim Chandra Chattopadhyay (BDeBooks.Com).pdf,1911955,1.8 MB,.pdf,2020-04-12 14:16:02
drive-download-20250116T171806Z-001/Bankim Chandra Chattopadhyay 19/Kamalakanter Daptar PDF book by Bankim Chandra Chattopadhyay (BDeBooks.Com).pdf,1342370,1.3 MB,.pdf,2020-04-12 14:15:50
drive-download-20250116T171806Z-001/Bankim Chandra Chattopadhyay 19/Kobita Pustok by Bankimchandra Chattopadhyay (BDeBooks.Com).pdf,1629277,1.6 MB,.pdf,2020-04-12 14:13:28
drive-download-20250116T171806Z-001/Bankim Chandra Chattopadhyay 19/Kopalkundola (BDeBooks.Com).pdf,3936731,3.8 MB,.pdf,2020-04-12 14:15:46
drive-download-20250116T171806Z-001/Bankim Chandra Chattopadhyay 19/Krishnakanter Will By Bankim Chandra Chattopadhyay (BDeBooks.Com).pdf,6779111,6.5 MB,.pdf,2020-04-12 14:01:02
drive-download-20250116T171806Z-001/Bankim Chandra Chattopadhyay 19/Lok Rahasya PDF book by Bankim Chandra Chattopadhyay (BDeBooks.Com).pdf,4157239,4.0 MB,.pdf,2020-04-12 14:15:32
drive-download-20250116T171806Z-001/Bankim Chandra Chattopadhyay 19/Lolita By Bankim Chandra Chattopadhyay (BDeBooks.Com).pdf,938028,916.0 KB,.pdf,2020-04-12 14:01:38
drive-download-20250116T171806Z-001/Bankim Chandra Chattopadhyay 19/Mrinalini PDF book by Bankim Chandra Chattopadhyay (BDeBooks.Com).pdf,2548145,2.4 MB,.pdf,2020-04-12 14:15:16
drive-download-20250116T171806Z-001/Bankim Chandra Chattopadhyay 19/Muchiram Gurer Jibancharit by Bankim Chandra Chattopadhyay (BDeBooks.Com).pdf,182831,178.5 KB,.pdf,2020-04-12 14:14:58
drive-download-20250116T171806Z-001/Bankim Chandra Chattopadhyay 19/Radharani PDF book by Bankim Chandra Chattopadhyay (BDeBooks.Com).pdf,1009834,986.2 KB,.pdf,2020-04-12 14:14:44
drive-download-20250116T171806Z-001/Bankim Chandra Chattopadhyay 19/Rajani PDF book by Bankim Chandra Chattopadhyay (BDeBooks.Com).pdf,3064941,2.9 MB,.pdf,2020-04-12 14:14:40
drive-download-20250116T171806Z-001/Bankim Chandra Chattopadhyay 19/Rajsingha PDF book by Bankim Chandra Chattopadhyay (BDeBooks.Com).pdf,4744040,4.5 MB,.pdf,2020-04-12 14:14:48
drive-download-20250116T171806Z-001/Bankim Chandra Chattopadhyay 19/Sitaram PDF book by Bankim Chandra Chattopadhyay (BDeBooks.Com).pdf,14090032,13.4 MB,.pdf,2020-04-12 14:14:24
drive-download-20250116T171806Z-001/Begum Rokeya 5/Begum Rokeya Rachanabali By Begum Rokeya  (BDeBooks.Com).pdf,29935878,28.5 MB,.pdf,2020-04-09 14:13:04
drive-download-20250116T171806Z-001/Begum Rokeya 5/Motichur By Begum Rokeya (BDeBooks.Com).pdf,19830156,18.9 MB,.pdf,2020-04-09 14:12:52
drive-download-20250116T171806Z-001/Begum Rokeya 5/Oborodh Bashini By Begum Rokeya (BDeBooks.Com).pdf,14479992,13.8 MB,.pdf,2020-04-09 14:11:46
drive-download-20250116T171806Z-001/Begum Rokeya 5/Shrestho Probandho By Begum Rokeya (BDeBooks.Com).pdf,15215932,14.5 MB,.pdf,2020-04-09 14:09:28
drive-download-20250116T171806Z-001/Begum Rokeya 5/The Musolman Potrikay Rokeya Prosongo By Begum Rokeya (BDeBooks.Com).pdf,6123360,5.8 MB,.pdf,2020-04-09 14:09:56
drive-download-20250116T171806Z-001/Bibhutibhushan Bandopadhyay 28/Aam Atir Vepu By Bibhutibhushan Bandyopadhyay (BDeBooks.Com).pdf,4954690,4.7 MB,.pdf,2020-09-20 02:02:42
drive-download-20250116T171806Z-001/Bibhutibhushan Bandopadhyay 28/Abhijatrik By Bibhutibhushan Bandyopadhyay (BDeBooks.Com).pdf,14831484,14.1 MB,.pdf,2020-09-20 02:02:34
drive-download-20250116T171806Z-001/Bibhutibhushan Bandopadhyay 28/Ashani Sanket By Bibhutibhushan Bandopadhyay (BDeBooks.Com).pdf,3601787,3.4 MB,.pdf,2020-09-20 02:05:52
drive-download-20250116T171806Z-001/Bibhutibhushan Bandopadhyay 28/Bibhuti-Rachanabali - 01 (BDeBooks.Com).pdf,8989619,8.6 MB,.pdf,2020-09-20 01:57:50
drive-download-20250116T171806Z-001/Bibhutibhushan Bandopadhyay 28/Bibhuti-Rachanabali - 02 (BDeBooks.Com).pdf,9064152,8.6 MB,.pdf,2020-09-20 01:59:22
drive-download-20250116T171806Z-001/Bibhutibhushan Bandopadhyay 28/Bibhuti-Rachanabali - 03 (BDeBooks.Com).pdf,9738481,9.3 MB,.pdf,2020-09-20 02:01:16
drive-download-20250116T171806Z-001/Bibhutibhushan Bandopadhyay 28/Bibhuti-Rachanabali - 04 (BDeBooks.Com).pdf,8208477,7.8 MB,.pdf,2020-09-20 02:01:26
drive-download-20250116T171806Z-001/Bibhutibhushan Bandopadhyay 28/Bibhuti-Rachanabali - 05 (BDeBooks.Com).pdf,7620623,7.3 MB,.pdf,2020-09-20 02:01:54
drive-download-20250116T171806Z-001/Bibhutibhushan Bandopadhyay 28/Bibhuti-Rachanabali - 06 (BDeBooks.Com).pdf,7226966,6.9 MB,.pdf,2020-09-20 02:00:40
drive-download-20250116T171806Z-001/Bibhutibhushan Bandopadhyay 28/Bibhuti-Rachanabali - 07 (BDeBooks.Com).pdf,8230241,7.8 MB,.pdf,2020-09-20 02:01:28
drive-download-20250116T171806Z-001/Bibhutibhushan Bandopadhyay 28/Bibhuti-Rachanabali - 09 (BDeBooks.Com).pdf,6230440,5.9 MB,.pdf,2020-09-20 02:00:58
drive-download-20250116T171806Z-001/Bibhutibhushan Bandopadhyay 28/Bibhuti-Rachanabali - 10 (BDeBooks.Com).pdf,5286935,5.0 MB,.pdf,2020-09-20 02:01:26
drive-download-20250116T171806Z-001/Bibhutibhushan Bandopadhyay 28/Bibhuti-Rachanabali - 11 (BDeBooks.Com).pdf,7043561,6.7 MB,.pdf,2020-09-20 02:01:50
drive-download-20250116T171806Z-001/Bibhutibhushan Bandopadhyay 28/Bibhuti-Rachanabali - 12 (BDeBooks.Com).pdf,6668845,6.4 MB,.pdf,2020-09-20 02:01:30
drive-download-20250116T171806Z-001/Bibhutibhushan Bandopadhyay 28/Bibhutibhushan Golpo Somogro Bibhutibhushan Bandopadhyay (BDeBooks.Com).pdf,27148855,25.9 MB,.pdf,2020-09-20 02:05:24
drive-download-20250116T171806Z-001/Bibhutibhushan Bandopadhyay 28/Bibhutibhushaner Aprakashito Dinolipi By Bibhutibhushan Bandyopadhyay (BDeBooks.Com).pdf,5109601,4.9 MB,.pdf,2020-09-20 02:01:44
drive-download-20250116T171806Z-001/Bibhutibhushan Bandopadhyay 28/Bipiner Songshar Bibhutibhushan Bandopadhyay - (BdeBooks.Com).pdf,10141083,9.7 MB,.pdf,2020-09-20 01:55:22
drive-download-20250116T171806Z-001/Bibhutibhushan Bandopadhyay 28/Chander Pahar By Bibhutibhushan Bandopadhyay (BDeBooks.Com).pdf,2734769,2.6 MB,.pdf,2020-09-20 02:04:04
drive-download-20250116T171806Z-001/Bibhutibhushan Bandopadhyay 28/Debjan By Bibhutibhushan Bandopadhyay (BDeBooks.Com).pdf,6171295,5.9 MB,.pdf,2020-09-20 02:04:22
drive-download-20250116T171806Z-001/Bibhutibhushan Bandopadhyay 28/Dristi Prodip by Bibhutibhushan Bandopadhyay - (BdeBooks.Com).pdf,8413908,8.0 MB,.pdf,2020-09-20 01:53:54
drive-download-20250116T171806Z-001/Bibhutibhushan Bandopadhyay 28/Ichamati By Bibhutibhushan Bandopadhyay (BDeBooks.Com).pdf,12989076,12.4 MB,.pdf,2020-09-20 02:05:54
drive-download-20250116T171806Z-001/Bibhutibhushan Bandopadhyay 28/Malancha by Bibhutibhushan Bandyopadhyay - (BdeBooks.Com).pdf,9790205,9.3 MB,.pdf,2020-09-20 01:57:36
drive-download-20250116T171806Z-001/Bibhutibhushan Bandopadhyay 28/mismider-kabach-by-bibhutibhushan-bandyopadhyay - (BdeBooks.Com).pdf,2655461,2.5 MB,.pdf,2020-09-20 01:56:12
drive-download-20250116T171806Z-001/Bibhutibhushan Bandopadhyay 28/Moroner Danka Baje by Bibhutibhushan Bandopadhyay - (BdeBooks.Com).pdf,5147324,4.9 MB,.pdf,2020-09-20 01:56:16
drive-download-20250116T171806Z-001/Bibhutibhushan Bandopadhyay 28/Sundorbone Sat Botchor By Bibhutibhushan Bandyopadhyay (BDeBooks.Com).pdf,4345112,4.1 MB,.pdf,2020-09-20 02:02:54
drive-download-20250116T171806Z-001/Bibhutibhushan Bandopadhyay 28/Trinangkur By Bibhutibhushan Bandopadhyay (BDeBooks.Com).pdf,5555124,5.3 MB,.pdf,2020-09-20 02:03:16
drive-download-20250116T171806Z-001/Bimal Kar 37/Aayojan By Bimal Kar (BDeBooks.Com).pdf,3602071,3.4 MB,.pdf,2020-10-13 13:10:12
drive-download-20250116T171806Z-001/Bimal Kar 37/Amra Tin Premik O Bhuban By Bimal Kar (BDeBooks.Com).pdf,8747454,8.3 MB,.pdf,2020-10-13 13:13:46
drive-download-20250116T171806Z-001/Bimal Kar 37/Asamay By Bimal Kar (BDeBooks.Com).pdf,21710639,20.7 MB,.pdf,2020-10-13 13:12:46
drive-download-20250116T171806Z-001/Bimal Kar 37/Atahpar By Bimal Kar (BDeBooks.Com).pdf,6386630,6.1 MB,.pdf,2020-10-13 13:16:28
drive-download-20250116T171806Z-001/Bimal Kar 37/Balika Bodhu By Bimal Kar (BDeBooks.Com).pdf,6052025,5.8 MB,.pdf,2020-10-13 13:16:14
drive-download-20250116T171806Z-001/Bimal Kar 37/Chondrogirir Rajkahini By Bimal Kar (BDeBooks.Com).pdf,42373473,40.4 MB,.pdf,2020-10-13 13:14:32
drive-download-20250116T171806Z-001/Bimal Kar 37/Dangshan By Bimal Kar (BDeBooks.Com).pdf,8928114,8.5 MB,.pdf,2020-10-13 13:10:40
drive-download-20250116T171806Z-001/Bimal Kar 37/Dashti Kishor Uponyas By Bimal Kar (BDeBooks.Com).pdf,23212278,22.1 MB,.pdf,2020-10-13 13:12:26
drive-download-20250116T171806Z-001/Bimal Kar 37/Deyal by Bimal Kor (Part - 1) (BDeBooks.Com).pdf,19107199,18.2 MB,.pdf,2020-10-13 13:11:46
drive-download-20250116T171806Z-001/Bimal Kar 37/Deyal by Bimal Kor (Part - 2) (BDeBooks.Com).pdf,12176367,11.6 MB,.pdf,2020-10-13 13:12:02
drive-download-20250116T171806Z-001/Bimal Kar 37/Dui Prem By Bimal Kar (BDeBooks.Com).pdf,11501113,11.0 MB,.pdf,2020-10-13 13:12:08
drive-download-20250116T171806Z-001/Bimal Kar 37/Ei Jubakera By Bimal Kar (BDeBooks.Com).pdf,8585963,8.2 MB,.pdf,2020-10-13 13:10:28
drive-download-20250116T171806Z-001/Bimal Kar 37/Ekoda Kuyashay By Bimal Kar (BDeBooks.Com).pdf,11415481,10.9 MB,.pdf,2020-10-13 13:17:28
drive-download-20250116T171806Z-001/Bimal Kar 37/Ekti Photo Churir Rahasya By Bimal Kar (BDeBooks.Com).pdf,3853239,3.7 MB,.pdf,2020-10-13 13:17:08
drive-download-20250116T171806Z-001/Bimal Kar 37/Fuldani Club By Bimal Kar (BDeBooks.Com).pdf,1471110,1.4 MB,.pdf,2020-10-13 13:16:44
drive-download-20250116T171806Z-001/Bimal Kar 37/Glani By Bimal Kar (BDeBooks.Com).pdf,6771004,6.5 MB,.pdf,2020-10-13 13:16:38
drive-download-20250116T171806Z-001/Bimal Kar 37/Harano Diary’r Khonje By Bimal Kar (BDeBooks.Com).pdf,4859654,4.6 MB,.pdf,2020-10-13 13:12:48
drive-download-20250116T171806Z-001/Bimal Kar 37/Harano Jeep Er Rahasya By Bimal Kar (BDeBooks.Com).pdf,2647072,2.5 MB,.pdf,2020-10-13 13:16:56
drive-download-20250116T171806Z-001/Bimal Kar 37/Kaler Nayak By Bimal Kar (BDeBooks.Com).pdf,11096505,10.6 MB,.pdf,2020-10-13 13:16:08
drive-download-20250116T171806Z-001/Bimal Kar 37/Kharkuto By Bimal Kar (BDeBooks.Com).pdf,10391997,9.9 MB,.pdf,2020-10-13 13:11:04
drive-download-20250116T171806Z-001/Bimal Kar 37/Kikira Samagra by Bimal Kar (Part - 2)  (BDeBooks.Com).pdf,9386779,9.0 MB,.pdf,2020-10-13 13:13:14
drive-download-20250116T171806Z-001/Bimal Kar 37/Kikira Samagra by Bimal Kar (Part 1)  (BDeBooks.Com).pdf,9732294,9.3 MB,.pdf,2020-10-13 13:13:06
drive-download-20250116T171806Z-001/Bimal Kar 37/Kikira Samagra by Bimal Kar (part-3) (BDeBooks.Com).pdf,23899829,22.8 MB,.pdf,2020-10-13 13:13:32
drive-download-20250116T171806Z-001/Bimal Kar 37/Mohana by Bimal Kar (BDeBooks.Com).pdf,8052330,7.7 MB,.pdf,2020-10-13 13:10:04
drive-download-20250116T171806Z-001/Bimal Kar 37/Mondar Ghorer Rohossomoy Jyotsna By Bimal Kar (BDeBooks.Com).pdf,2491124,2.4 MB,.pdf,2020-10-13 13:11:10
drive-download-20250116T171806Z-001/Bimal Kar 37/Nebu Mamar Swargo Darshan By Bimal Kar (BDeBooks.Com).pdf,3983151,3.8 MB,.pdf,2020-10-13 13:12:36
drive-download-20250116T171806Z-001/Bimal Kar 37/Prachchhanna By Bimal Kar (BDeBooks.Com).pdf,9117473,8.7 MB,.pdf,2020-10-13 13:09:54
drive-download-20250116T171806Z-001/Bimal Kar 37/Punascha O Anabrita By Bimal Kar (BDeBooks.Com).pdf,9860505,9.4 MB,.pdf,2020-10-13 13:09:44
drive-download-20250116T171806Z-001/Bimal Kar 37/Rajmohoner Sukhdukho By Bimal Kar (BDeBooks.Com).pdf,10574983,10.1 MB,.pdf,2020-10-13 13:10:52
drive-download-20250116T171806Z-001/Bimal Kar 37/Ratnanibase Tin Atithi by Bimal kar (BDeBooks.Com).pdf,14186474,13.5 MB,.pdf,2020-10-13 13:18:18
drive-download-20250116T171806Z-001/Bimal Kar 37/Rotnonibashe Tin Otithi By Bimal Kar (BDeBooks.Com).pdf,10147553,9.7 MB,.pdf,2020-10-13 13:09:04
drive-download-20250116T171806Z-001/Bimal Kar 37/Sahabhumika By Bimal Kar (BDeBooks.Com).pdf,9011057,8.6 MB,.pdf,2020-10-13 13:18:28
drive-download-20250116T171806Z-001/Bimal Kar 37/Sangini By Bimal Kar (BDeBooks.Com).pdf,7215287,6.9 MB,.pdf,2020-10-13 13:18:38
drive-download-20250116T171806Z-001/Bimal Kar 37/Shamik By Bimal Kar (BDeBooks.Com).pdf,8282025,7.9 MB,.pdf,2020-10-13 13:19:04
drive-download-20250116T171806Z-001/Bimal Kar 37/Sonar Ghorir Khoje By Bimal Kar (BDeBooks.Com).pdf,3650874,3.5 MB,.pdf,2020-10-13 13:17:56
drive-download-20250116T171806Z-001/Bimal Kar 37/Swapne By Bimal Kar (BDeBooks.Com).pdf,6936880,6.6 MB,.pdf,2020-10-13 13:17:46
drive-download-20250116T171806Z-001/Bimal Kar 37/Upakkhanmalaa By Bimal Kar (BDeBooks.Com).pdf,8565491,8.2 MB,.pdf,2020-10-13 13:17:38
drive-download-20250116T171806Z-001/Bimal Mitra 20/Banarasi by Bimal Mitra - (BdeBooks.Com).pdf,17230233,16.4 MB,.pdf,2020-04-29 01:12:50
drive-download-20250116T171806Z-001/Bimal Mitra 20/Begam Meri Biswas By Bimal Mitra (BDeBooks.Com).pdf,31153219,29.7 MB,.pdf,2020-04-29 01:10:48
drive-download-20250116T171806Z-001/Bimal Mitra 20/Bimal Mitra Omnibas By Bimal Mitra (BDeBooks.Com).pdf,48713481,46.5 MB,.pdf,2020-04-29 01:34:42
drive-download-20250116T171806Z-001/Bimal Mitra 20/Bimal Mitrer Galpo Sambhar - (BdeBooks.Com).pdf,58648825,55.9 MB,.pdf,2020-04-29 01:11:04
drive-download-20250116T171806Z-001/Bimal Mitra 20/Ei Norodeho By Bimal Mitra (BDeBooks.Com).pdf,59710105,56.9 MB,.pdf,2020-04-29 01:30:02
drive-download-20250116T171806Z-001/Bimal Mitra 20/Ekak Dasak Shatak By Bimal Mitra (BDeBooks.Com).pdf,11999269,11.4 MB,.pdf,2020-04-29 01:24:54
drive-download-20250116T171806Z-001/Bimal Mitra 20/Er Nam Sangsar By Bimal Mitra (BDeBooks.Com).pdf,17955755,17.1 MB,.pdf,2020-04-29 01:10:54
drive-download-20250116T171806Z-001/Bimal Mitra 20/Khel Nasib Ka By Bimal Mitra (BDeBooks.Com).pdf,14919665,14.2 MB,.pdf,2020-04-29 01:04:06
drive-download-20250116T171806Z-001/Bimal Mitra 20/Mithun Logno By Bimal Mitra (BDeBooks.Com).pdf,11438025,10.9 MB,.pdf,2020-04-29 01:00:32
drive-download-20250116T171806Z-001/Bimal Mitra 20/Mon Kemon Kore By Bimal Mitra (BDeBooks.Com).pdf,6357202,6.1 MB,.pdf,2020-04-29 01:07:28
drive-download-20250116T171806Z-001/Bimal Mitra 20/Naphar Sankirtan By Bimal Mitra (BDeBooks.Com).pdf,7801396,7.4 MB,.pdf,2020-04-29 01:03:48
drive-download-20250116T171806Z-001/Bimal Mitra 20/Panch Kanyar Panchali by Bimal Mitra - (BdeBooks.Com).pdf,21256028,20.3 MB,.pdf,2020-04-29 00:57:46
drive-download-20250116T171806Z-001/Bimal Mitra 20/Pati Param Guru Vol-1 by Bimal Mitra.pdf,29703106,28.3 MB,.pdf,2020-04-29 01:34:00
drive-download-20250116T171806Z-001/Bimal Mitra 20/Pati Param Guru Vol-2 by Bimal Mitra.pdf,37509171,35.8 MB,.pdf,2020-04-29 01:34:50
drive-download-20250116T171806Z-001/Bimal Mitra 20/Raja Badal By Bimal Mitra (BDeBooks.Com).pdf,15245694,14.5 MB,.pdf,2020-04-29 01:11:10
drive-download-20250116T171806Z-001/Bimal Mitra 20/Saat Samudra Tero Nadi By Bimal Mitra (BDeBooks.Com).pdf,26666240,25.4 MB,.pdf,2020-04-29 01:29:10
drive-download-20250116T171806Z-001/Bimal Mitra 20/Saheb Bibi Golam By Bimal Mitra (BDeBooks.Com).pdf,71939257,68.6 MB,.pdf,2020-04-29 01:32:34
drive-download-20250116T171806Z-001/Bimal Mitra 20/Tok Jal Mishti By Bimal Mitra (BDeBooks.Com).pdf,4582526,4.4 MB,.pdf,2020-04-29 00:58:52
drive-download-20250116T171806Z-001/Buddhadeb Guha 58/Abhilash By Buddhadeb Guha (BDeBooks.Com).pdf,4405581,4.2 MB,.pdf,2020-04-08 19:13:00
drive-download-20250116T171806Z-001/Buddhadeb Guha 58/Aiburo Dui Buror Golpo By Buddhadeb Guha (BDeBooks.Com).pdf,3941918,3.8 MB,.pdf,2020-04-08 19:12:42
drive-download-20250116T171806Z-001/Buddhadeb Guha 58/Albino By Buddhadeb Guha (BDeBooks.Com).pdf,4502892,4.3 MB,.pdf,2020-04-08 19:34:16
drive-download-20250116T171806Z-001/Buddhadeb Guha 58/Andhar Pani By Buddhadeb Guha (BDeBooks.Com).pdf,3179609,3.0 MB,.pdf,2020-04-08 19:12:28
drive-download-20250116T171806Z-001/Buddhadeb Guha 58/Aro Dui Rijuda By Buddhadeb Guha (BDeBooks.Com).pdf,9445435,9.0 MB,.pdf,2020-04-08 19:12:28
drive-download-20250116T171806Z-001/Buddhadeb Guha 58/Aynar Samne By Buddhadeb Guha (BDeBooks.Com).pdf,6527864,6.2 MB,.pdf,2020-04-08 19:11:14
drive-download-20250116T171806Z-001/Buddhadeb Guha 58/Baatighor By Buddhadeb Guha (BDeBooks.Com).pdf,4795762,4.6 MB,.pdf,2020-04-08 19:10:56
drive-download-20250116T171806Z-001/Buddhadeb Guha 58/Babli By Buddhadeb Guha (BDeBooks.Com).pdf,7435237,7.1 MB,.pdf,2020-04-08 19:11:04
drive-download-20250116T171806Z-001/Buddhadeb Guha 58/Baja Tora Raja Jay By Buddhadeb Guha (BDeBooks.Com).pdf,28793017,27.5 MB,.pdf,2020-04-08 19:36:04
drive-download-20250116T171806Z-001/Buddhadeb Guha 58/Bhorer Sopno By Buddhadeb Guha (BDeBooks.Com).pdf,2143295,2.0 MB,.pdf,2020-04-08 19:09:42
drive-download-20250116T171806Z-001/Buddhadeb Guha 58/Binnyas By Buddhadeb Guha (BDeBooks.Com).pdf,7116175,6.8 MB,.pdf,2020-04-08 19:11:30
drive-download-20250116T171806Z-001/Buddhadeb Guha 58/Bipu Lahirir Atmochorito By Buddhadeb Guha (BDeBooks.Com).pdf,70920,69.3 KB,.pdf,2020-04-08 19:34:12
drive-download-20250116T171806Z-001/Buddhadeb Guha 58/Bon Josnai Sobuj Ondhokare By Buddhadeb Guha (BDeBooks.Com).pdf,10016654,9.6 MB,.pdf,2020-04-08 19:28:38
drive-download-20250116T171806Z-001/Buddhadeb Guha 58/Bonbibir Bone By Buddhadeb Guha (BDeBooks.Com).pdf,4227640,4.0 MB,.pdf,2020-04-08 19:28:12
drive-download-20250116T171806Z-001/Buddhadeb Guha 58/Changhore Gaan By Buddhadeb Guha (BDeBooks.Com).pdf,9625017,9.2 MB,.pdf,2020-04-08 19:27:22
drive-download-20250116T171806Z-001/Buddhadeb Guha 58/Chaprash By Buddhadeb Guha (BDeBooks.Com).pdf,21154410,20.2 MB,.pdf,2020-04-08 19:26:32
drive-download-20250116T171806Z-001/Buddhadeb Guha 58/Choraidihor Shalukful By Buddhadeb Guha (BDeBooks.Com).pdf,3863128,3.7 MB,.pdf,2020-04-08 19:31:04
drive-download-20250116T171806Z-001/Buddhadeb Guha 58/Choroibeti By Buddhadeb Guha (BDeBooks.Com).pdf,22463719,21.4 MB,.pdf,2020-04-08 19:27:04
drive-download-20250116T171806Z-001/Buddhadeb Guha 58/Dashti Uponnas By Buddhadeb Guha (BDeBooks.Com).pdf,19665210,18.8 MB,.pdf,2020-04-08 19:25:36
drive-download-20250116T171806Z-001/Buddhadeb Guha 58/Duti Upanyas By Buddhadeb Guha (BDeBooks.Com).pdf,8936098,8.5 MB,.pdf,2020-04-08 19:33:00
drive-download-20250116T171806Z-001/Buddhadeb Guha 58/Ektu Ushnotar Jonno By Buddhadeb Guha (BDeBooks.Com).pdf,10311423,9.8 MB,.pdf,2020-04-08 19:32:38
drive-download-20250116T171806Z-001/Buddhadeb Guha 58/Gamhardungri By Buddhadeb Guha (BDeBooks.Com).pdf,9495542,9.1 MB,.pdf,2020-04-08 19:24:04
drive-download-20250116T171806Z-001/Buddhadeb Guha 58/Gugunogumbarer Deshe By Buddhadeb Guha (BDeBooks.Com).pdf,7118378,6.8 MB,.pdf,2020-04-08 19:23:40
drive-download-20250116T171806Z-001/Buddhadeb Guha 58/Holud Bosonto By Buddhadeb Guha (BDeBooks.Com).pdf,6535335,6.2 MB,.pdf,2020-04-08 19:23:30
drive-download-20250116T171806Z-001/Buddhadeb Guha 58/Janglimahal By Buddhadeb Guha (BDeBooks.Com).pdf,2754051,2.6 MB,.pdf,2020-04-08 19:22:40
drive-download-20250116T171806Z-001/Buddhadeb Guha 58/Jogmogi By Buddhadeb Guha (BDeBooks.Com).pdf,6537744,6.2 MB,.pdf,2020-04-08 19:32:00
drive-download-20250116T171806Z-001/Buddhadeb Guha 58/Jongoler Journal By Buddhadeb Guha (BDeBooks.Com).pdf,10653346,10.2 MB,.pdf,2020-04-08 19:22:52
drive-download-20250116T171806Z-001/Buddhadeb Guha 58/Khela Jokhon By Buddhadeb Guha (BDeBooks.Com).pdf,2735930,2.6 MB,.pdf,2020-04-08 19:21:50
drive-download-20250116T171806Z-001/Buddhadeb Guha 58/Kojagar By Buddhadeb Guha (BDeBooks.Com).pdf,18088890,17.3 MB,.pdf,2020-04-08 19:22:14
drive-download-20250116T171806Z-001/Buddhadeb Guha 58/Koyeler Kache By Buddhadeb Guha (BDeBooks.Com).pdf,13717094,13.1 MB,.pdf,2020-04-08 19:20:58
drive-download-20250116T171806Z-001/Buddhadeb Guha 58/Kuruboker Deshe By Buddhadeb Guha (BDeBooks.Com).pdf,4796479,4.6 MB,.pdf,2020-04-08 19:19:52
drive-download-20250116T171806Z-001/Buddhadeb Guha 58/Lobongir Jongole By Buddhadeb Guha (BDeBooks.Com).pdf,9066550,8.6 MB,.pdf,2020-04-08 19:18:48
drive-download-20250116T171806Z-001/Buddhadeb Guha 58/Madhukari By Buddhadeb Guha (BDeBooks.Com).pdf,37261709,35.5 MB,.pdf,2020-04-08 19:19:50
drive-download-20250116T171806Z-001/Buddhadeb Guha 58/Mahul Sukhar Chithi By Buddhadeb Guha (BDeBooks.Com).pdf,5269133,5.0 MB,.pdf,2020-04-08 19:17:26
drive-download-20250116T171806Z-001/Buddhadeb Guha 58/Mandur Rupmati By Buddhadeb Guha (BDeBooks.Com).pdf,6165911,5.9 MB,.pdf,2020-04-08 19:33:36
drive-download-20250116T171806Z-001/Buddhadeb Guha 58/Ninikumarir Bagh By Buddhadeb Guha (BDeBooks.Com).pdf,5520028,5.3 MB,.pdf,2020-04-08 19:34:00
drive-download-20250116T171806Z-001/Buddhadeb Guha 58/Nogno Nirjon By Buddhadeb Guha (BDeBooks.Com).pdf,6095949,5.8 MB,.pdf,2020-04-08 19:31:42
drive-download-20250116T171806Z-001/Buddhadeb Guha 58/Oborohi By Buddhadeb Guha (BDeBooks.Com).pdf,9414905,9.0 MB,.pdf,2020-04-08 19:17:20
drive-download-20250116T171806Z-001/Buddhadeb Guha 58/Onnesha00 By Buddhadeb Guha (BDeBooks.Com).pdf,7116175,6.8 MB,.pdf,2020-04-08 19:16:48
drive-download-20250116T171806Z-001/Buddhadeb Guha 58/Pamori By Buddhadeb Guha (BDeBooks.Com).pdf,10833174,10.3 MB,.pdf,2020-04-08 19:33:32
drive-download-20250116T171806Z-001/Buddhadeb Guha 58/Prio Golpo By Buddhadeb Guha (BDeBooks.Com).pdf,15855143,15.1 MB,.pdf,2020-04-08 19:16:38
drive-download-20250116T171806Z-001/Buddhadeb Guha 58/Rijuda Samagra 01 (BDeBooks.Com).pdf,11476007,10.9 MB,.pdf,2020-04-08 19:06:42
drive-download-20250116T171806Z-001/Buddhadeb Guha 58/Rijuda Samagra 02 (BDeBooks.Com).pdf,7130288,6.8 MB,.pdf,2020-04-08 19:07:00
drive-download-20250116T171806Z-001/Buddhadeb Guha 58/Rijuda Samagra 03 (BDeBooks.Com).pdf,36760808,35.1 MB,.pdf,2020-04-08 19:11:12
drive-download-20250116T171806Z-001/Buddhadeb Guha 58/Rijuda Samagra 04 (BDeBooks.Com).pdf,8267660,7.9 MB,.pdf,2020-04-08 19:08:40
drive-download-20250116T171806Z-001/Buddhadeb Guha 58/Rijuda Samagra 05 (BDeBooks.Com).pdf,19737031,18.8 MB,.pdf,2020-04-08 19:08:58
drive-download-20250116T171806Z-001/Buddhadeb Guha 58/Rijudar Sathe Lobongi Bone By Buddhadeb Guha (BDeBooks.Com).pdf,5255244,5.0 MB,.pdf,2020-04-08 19:15:34
drive-download-20250116T171806Z-001/Buddhadeb Guha 58/Rivur Srabon By Buddhadeb Guha (BDeBooks.Com).pdf,5097807,4.9 MB,.pdf,2020-04-08 19:15:20
drive-download-20250116T171806Z-001/Buddhadeb Guha 58/Ruaha By Buddhadeb Guha (BDeBooks.Com).pdf,9770424,9.3 MB,.pdf,2020-04-08 19:15:04
drive-download-20250116T171806Z-001/Buddhadeb Guha 58/Samudra Mekhla By Buddhadeb Guha (BDeBooks.Com).pdf,7465171,7.1 MB,.pdf,2020-04-08 19:14:40
drive-download-20250116T171806Z-001/Buddhadeb Guha 58/Simariyar Ekdin By Buddhadeb Guha (BDeBooks.Com).pdf,1908438,1.8 MB,.pdf,2020-04-08 19:30:22
drive-download-20250116T171806Z-001/Buddhadeb Guha 58/Sobinoy Nibedon By Buddhadeb Guha (BDeBooks.Com).pdf,8229907,7.8 MB,.pdf,2020-04-08 19:13:56
drive-download-20250116T171806Z-001/Buddhadeb Guha 58/Sondher Pore By Buddhadeb Guha (BDeBooks.Com).pdf,3513160,3.4 MB,.pdf,2020-04-08 19:13:28
drive-download-20250116T171806Z-001/Buddhadeb Guha 58/SubornoRekha O Kasher Golpo By Buddhadeb Guha (BDeBooks.Com).pdf,1151172,1.1 MB,.pdf,2020-04-08 19:30:36
drive-download-20250116T171806Z-001/Buddhadeb Guha 58/Sudur Sokal By Buddhadeb Guha (BDeBooks.Com).pdf,158794,155.1 KB,.pdf,2020-04-08 19:33:26
drive-download-20250116T171806Z-001/Buddhadeb Guha 58/Sukher Kache By Buddhadeb Guha (BDeBooks.Com).pdf,12170110,11.6 MB,.pdf,2020-04-08 19:36:24
drive-download-20250116T171806Z-001/Buddhadeb Guha 58/Swapner Moto By Buddhadeb Guha (BDeBooks.Com).pdf,3939999,3.8 MB,.pdf,2020-04-08 19:34:36
drive-download-20250116T171806Z-001/Buddhadeb Guha 58/Tenagare Tension By Buddhadeb Guha (BDeBooks.Com).pdf,2741348,2.6 MB,.pdf,2020-04-08 19:13:12
drive-download-20250116T171806Z-001/Debesh Roy 11/Ato Kim By Debesh Roy (BDeBooks.Com).pdf,19934517,19.0 MB,.pdf,2020-10-13 13:45:32
drive-download-20250116T171806Z-001/Debesh Roy 11/Jail O Jahlad By Debesh Roy (BDeBooks.Com).pdf,4480412,4.3 MB,.pdf,2020-10-13 13:45:04
drive-download-20250116T171806Z-001/Debesh Roy 11/Jashaytalar Ghat By Debesh Roy (BDeBooks.Com).pdf,10674982,10.2 MB,.pdf,2020-10-13 13:45:56
drive-download-20250116T171806Z-001/Debesh Roy 11/Kajoldighir Haspatal By Debesh Roy (BDeBooks.Com).pdf,8612243,8.2 MB,.pdf,2020-10-13 13:46:00
drive-download-20250116T171806Z-001/Debesh Roy 11/Mahanayak Lenin By Debesh Roy (BDeBooks.Com).pdf,17539797,16.7 MB,.pdf,2020-10-13 13:45:48
drive-download-20250116T171806Z-001/Debesh Roy 11/Manobatmar Sandhane By Debesh Roy (BDeBooks.Com).pdf,16310444,15.6 MB,.pdf,2020-10-13 13:47:02
drive-download-20250116T171806Z-001/Debesh Roy 11/Maou Se Tung By Debesh Roy (BDeBooks.Com).pdf,26413119,25.2 MB,.pdf,2020-10-13 13:46:44
drive-download-20250116T171806Z-001/Debesh Roy 11/Matir Kkhudha By Debesh Roy (BDeBooks.Com).pdf,8800123,8.4 MB,.pdf,2020-10-13 13:47:02
drive-download-20250116T171806Z-001/Debesh Roy 11/Preyoshi Samachar By Debesh Roy (BDeBooks.Com).pdf,9840659,9.4 MB,.pdf,2020-10-13 13:47:02
drive-download-20250116T171806Z-001/Debesh Roy 11/Rajnitir Naipothye By Debesh Roy (BDeBooks.Com).pdf,14572484,13.9 MB,.pdf,2020-10-13 13:45:02
drive-download-20250116T171806Z-001/Debesh Roy 11/Ulango Bubhukha By Debesh Roy (BDeBooks.Com).pdf,14148303,13.5 MB,.pdf,2020-10-13 13:44:48
drive-download-20250116T171806Z-001/Falguni Mukhopadhyay 4/Charan Dilam Rangaye By Falguni Mukhopadhyay (BDeBooks.Com).pdf,2535368,2.4 MB,.pdf,2020-04-30 01:16:12
drive-download-20250116T171806Z-001/Falguni Mukhopadhyay 4/Chita Bonhiman By Falguni Mukhopadhyay (BDeBooks.Com).pdf,10901967,10.4 MB,.pdf,2020-04-30 01:18:38
drive-download-20250116T171806Z-001/Falguni Mukhopadhyay 4/Jiban Rudra By Falguni Mukhopadhyay (BDeBooks.Com).pdf,21748964,20.7 MB,.pdf,2020-04-30 01:18:30
drive-download-20250116T171806Z-001/Falguni Mukhopadhyay 4/Shapmochan By Falguni Mukhopadhyay (BDeBooks.Com).pdf,146098,142.7 KB,.pdf,2020-04-30 01:16:44
drive-download-20250116T171806Z-001/G.H. Habib 1/Nishongotar Eksho Bochhor [BDeBooks.com].pdf,12171563,11.6 MB,.pdf,2020-09-11 18:22:46
drive-download-20250116T171806Z-001/Hemendra Kumar Roy 62/Abar Jokher Dhon By Hemendra Kumar Roy (BDeBooks.Com).pdf,904163,883.0 KB,.pdf,2020-10-13 13:05:54
drive-download-20250116T171806Z-001/Hemendra Kumar Roy 62/Adhunik Robinhood By Hemendra Kumar Roy (BDeBooks.Com).pdf,8272813,7.9 MB,.pdf,2020-10-13 12:58:58
drive-download-20250116T171806Z-001/Hemendra Kumar Roy 62/Adrishya Manus By Hemendra Kumar Roy (BDeBooks.Com).pdf,564830,551.6 KB,.pdf,2020-10-13 13:06:02
drive-download-20250116T171806Z-001/Hemendra Kumar Roy 62/Ajana Dwiper Rani By Hemendra Kumar Roy (BDeBooks.Com).pdf,692414,676.2 KB,.pdf,2020-10-13 13:05:42
drive-download-20250116T171806Z-001/Hemendra Kumar Roy 62/Amanushik Manush By Hemendra Kumar Roy (BDeBooks.Com).pdf,789056,770.6 KB,.pdf,2020-10-13 13:05:18
drive-download-20250116T171806Z-001/Hemendra Kumar Roy 62/Amanushik Manush By Hemendra Kumar Roy (BDeBooks.Com)_2.pdf,789056,770.6 KB,.pdf,2020-10-13 13:05:28
drive-download-20250116T171806Z-001/Hemendra Kumar Roy 62/Amrita dip By Hemendra Kumar Roy (BDeBooks.Com).pdf,9438303,9.0 MB,.pdf,2020-10-13 13:05:16
drive-download-20250116T171806Z-001/Hemendra Kumar Roy 62/Andhakarer Bondhu By Hemendra Kumar Roy (BDeBooks.Com).pdf,546402,533.6 KB,.pdf,2020-10-13 13:04:58
drive-download-20250116T171806Z-001/Hemendra Kumar Roy 62/Baghrajer Abhijan By Hemendra Kumar Roy (BDeBooks.Com).pdf,822384,803.1 KB,.pdf,2020-10-13 13:04:48
drive-download-20250116T171806Z-001/Hemendra Kumar Roy 62/Bharater Dwitiyo Probhate By Hemendra Kumar Roy (BDeBooks.Com).pdf,895664,874.7 KB,.pdf,2020-10-13 13:04:26
drive-download-20250116T171806Z-001/Hemendra Kumar Roy 62/Bimaner Notun Dada By Hemendra Kumar Roy (BDeBooks.Com).pdf,1100692,1.0 MB,.pdf,2020-10-13 13:03:18
drive-download-20250116T171806Z-001/Hemendra Kumar Roy 62/Bishal Gorer Dushasan By Hemendra Kumar Roy (BDeBooks.Com).pdf,798458,779.7 KB,.pdf,2020-10-13 13:03:08
drive-download-20250116T171806Z-001/Hemendra Kumar Roy 62/Chotto Pomir Abhijan By Hemendra Kumar Roy (BDeBooks.Com).pdf,515905,503.8 KB,.pdf,2020-10-13 13:02:58
drive-download-20250116T171806Z-001/Hemendra Kumar Roy 62/Dersho Khokar Kando By Hemendra Kumar Roy (BDeBooks.Com).pdf,791211,772.7 KB,.pdf,2020-10-13 13:02:36
drive-download-20250116T171806Z-001/Hemendra Kumar Roy 62/Goenda Bhoot O Manush By Hemendra Kumar Roy (BDeBooks.Com).pdf,5634831,5.4 MB,.pdf,2020-10-13 13:02:10
drive-download-20250116T171806Z-001/Hemendra Kumar Roy 62/Goenda Kahini Samagra By Hemendra Kumar Roy (BDeBooks.Com).pdf,42196058,40.2 MB,.pdf,2020-10-13 13:02:18
drive-download-20250116T171806Z-001/Hemendra Kumar Roy 62/Haradhaner dwip By Hemendra Kumar Roy (BDeBooks.Com).pdf,807191,788.3 KB,.pdf,2020-10-13 13:00:54
drive-download-20250116T171806Z-001/Hemendra Kumar Roy 62/hemendro-kumar-rochonabali-1 (BDeBooks.Com).pdf,10964884,10.5 MB,.pdf,2020-10-13 12:53:14
drive-download-20250116T171806Z-001/Hemendra Kumar Roy 62/hemendro-kumar-rochonabali-2 (BDeBooks.Com).pdf,8457031,8.1 MB,.pdf,2020-10-13 12:53:22
drive-download-20250116T171806Z-001/Hemendra Kumar Roy 62/hemendro-kumar-rochonabali-3 (BDeBooks.Com).pdf,8494601,8.1 MB,.pdf,2020-10-13 12:53:28
drive-download-20250116T171806Z-001/Hemendra Kumar Roy 62/hemendro-kumar-rochonabali-4 (BDeBooks.Com).pdf,9516895,9.1 MB,.pdf,2020-10-13 12:53:36
drive-download-20250116T171806Z-001/Hemendra Kumar Roy 62/hemendro-kumar-rochonabali-5 (BDeBooks.Com).pdf,10665697,10.2 MB,.pdf,2020-10-13 12:53:54
drive-download-20250116T171806Z-001/Hemendra Kumar Roy 62/hemendro-kumar-rochonaboli-10 (BDeBooks.Com).pdf,7229486,6.9 MB,.pdf,2020-10-13 12:54:52
drive-download-20250116T171806Z-001/Hemendra Kumar Roy 62/hemendro-kumar-rochonaboli-11 (BDeBooks.Com).pdf,6693982,6.4 MB,.pdf,2020-10-13 12:54:58
drive-download-20250116T171806Z-001/Hemendra Kumar Roy 62/hemendro-kumar-rochonaboli-12 (BDeBooks.Com).pdf,5948179,5.7 MB,.pdf,2020-10-13 12:55:08
drive-download-20250116T171806Z-001/Hemendra Kumar Roy 62/hemendro-kumar-rochonaboli-13 (BDeBooks.Com).pdf,6396216,6.1 MB,.pdf,2020-10-13 12:55:16
drive-download-20250116T171806Z-001/Hemendra Kumar Roy 62/hemendro-kumar-rochonaboli-14 (BDeBooks.Com).pdf,14944724,14.3 MB,.pdf,2020-10-13 12:55:32
drive-download-20250116T171806Z-001/Hemendra Kumar Roy 62/hemendro-kumar-rochonaboli-15 (BDeBooks.Com).pdf,8724046,8.3 MB,.pdf,2020-10-13 12:55:58
drive-download-20250116T171806Z-001/Hemendra Kumar Roy 62/hemendro-kumar-rochonaboli-16 (BDeBooks.Com).pdf,7235170,6.9 MB,.pdf,2020-10-13 12:56:00
drive-download-20250116T171806Z-001/Hemendra Kumar Roy 62/hemendro-kumar-rochonaboli-17 (BDeBooks.Com).pdf,10047963,9.6 MB,.pdf,2020-10-13 12:56:04
drive-download-20250116T171806Z-001/Hemendra Kumar Roy 62/hemendro-kumar-rochonaboli-18 (BDeBooks.com).pdf,4654079,4.4 MB,.pdf,2020-10-13 12:55:54
drive-download-20250116T171806Z-001/Hemendra Kumar Roy 62/hemendro-kumar-rochonaboli-19 (BDeBooks.Com).pdf,6364577,6.1 MB,.pdf,2020-10-13 12:57:08
drive-download-20250116T171806Z-001/Hemendra Kumar Roy 62/hemendro-kumar-rochonaboli-20 (BDeBooks.Com).pdf,26014654,24.8 MB,.pdf,2020-10-13 12:57:02
drive-download-20250116T171806Z-001/Hemendra Kumar Roy 62/hemendro-kumar-rochonaboli-21 (BDeBooks.Com).pdf,5682975,5.4 MB,.pdf,2020-10-13 12:56:28
drive-download-20250116T171806Z-001/Hemendra Kumar Roy 62/hemendro-kumar-rochonaboli-22 (BDeBooks.Com).pdf,5589440,5.3 MB,.pdf,2020-10-13 12:56:40
drive-download-20250116T171806Z-001/Hemendra Kumar Roy 62/hemendro-kumar-rochonaboli-23 (BDeBooks.Com).pdf,5164419,4.9 MB,.pdf,2020-10-13 12:56:34
drive-download-20250116T171806Z-001/Hemendra Kumar Roy 62/hemendro-kumar-rochonaboli-24 (BDeBooks.Com).pdf,4973651,4.7 MB,.pdf,2020-10-13 12:57:10
drive-download-20250116T171806Z-001/Hemendra Kumar Roy 62/hemendro-kumar-rochonaboli-25 (BDeBooks.Com).pdf,5384636,5.1 MB,.pdf,2020-10-13 12:56:40
drive-download-20250116T171806Z-001/Hemendra Kumar Roy 62/hemendro-kumar-rochonaboli-26 (BDeBooks.Com).pdf,13301731,12.7 MB,.pdf,2020-10-13 12:57:04
drive-download-20250116T171806Z-001/Hemendra Kumar Roy 62/hemendro-kumar-rochonaboli-27 (BDeBooks.Com).pdf,12346571,11.8 MB,.pdf,2020-10-13 12:56:56
drive-download-20250116T171806Z-001/Hemendra Kumar Roy 62/hemendro-kumar-rochonaboli-6 (BDeBooks.Com).pdf,7891006,7.5 MB,.pdf,2020-10-13 12:54:00
drive-download-20250116T171806Z-001/Hemendra Kumar Roy 62/hemendro-kumar-rochonaboli-7 (BDeBooks.Com).pdf,7891911,7.5 MB,.pdf,2020-10-13 12:54:06
drive-download-20250116T171806Z-001/Hemendra Kumar Roy 62/hemendro-kumar-rochonaboli-8 (BDeBooks.Com).pdf,7469256,7.1 MB,.pdf,2020-10-13 12:54:34
drive-download-20250116T171806Z-001/Hemendra Kumar Roy 62/hemendro-kumar-rochonaboli-9 (BDeBooks.com).pdf,7422898,7.1 MB,.pdf,2020-10-13 12:54:46
drive-download-20250116T171806Z-001/Hemendra Kumar Roy 62/Jagat Shether Ratnakuthi By Hemendra Kumar Roy (BDeBooks.Com).pdf,16486879,15.7 MB,.pdf,2020-10-13 13:00:28
drive-download-20250116T171806Z-001/Hemendra Kumar Roy 62/Jaladashu Kahini By Hemendra Kumar Roy (BDeBooks.Com).pdf,963152,940.6 KB,.pdf,2020-10-13 13:00:04
drive-download-20250116T171806Z-001/Hemendra Kumar Roy 62/Jokher Dhon By Hemendra Kumar Roy (BDeBooks.Com).pdf,3641168,3.5 MB,.pdf,2020-10-13 13:00:00
drive-download-20250116T171806Z-001/Hemendra Kumar Roy 62/King Kong By Hemendra Kumar Roy (BDeBooks.Com).pdf,1313532,1.3 MB,.pdf,2020-10-13 12:59:46
drive-download-20250116T171806Z-001/Hemendra Kumar Roy 62/Kishor Bhoutik Samagra By Hemendra Kumar Roy (BDeBooks.Com).pdf,38628175,36.8 MB,.pdf,2020-10-13 13:04:56
drive-download-20250116T171806Z-001/Hemendra Kumar Roy 62/Kishor Kahini Samagra By Hemendra Kumar Roy (BDeBooks.Com).pdf,33235423,31.7 MB,.pdf,2020-10-13 13:00:00
drive-download-20250116T171806Z-001/Hemendra Kumar Roy 62/Kumar Bimal Er Adventure Samagra By Hemendra Kumar Roy (BDeBooks.Com).pdf,45998900,43.9 MB,.pdf,2020-10-13 13:04:28
drive-download-20250116T171806Z-001/Hemendra Kumar Roy 62/Manus Pisach By Hemendra Kumar Roy (BDeBooks.Com).pdf,788741,770.3 KB,.pdf,2020-10-13 12:59:14
drive-download-20250116T171806Z-001/Hemendra Kumar Roy 62/Manusher Gandha Pai By Hemendra Kumar Roy (BDeBooks.Com).pdf,620883,606.3 KB,.pdf,2020-10-13 12:59:02
drive-download-20250116T171806Z-001/Hemendra Kumar Roy 62/Manusher Pratham Adventure By Hemendra Kumar Roy (BDeBooks.Com).pdf,805079,786.2 KB,.pdf,2020-10-13 12:58:42
drive-download-20250116T171806Z-001/Hemendra Kumar Roy 62/Meghduter Marte Agoman By Hemendra Kumar Roy (BDeBooks.Com).pdf,740325,723.0 KB,.pdf,2020-10-13 12:58:30
drive-download-20250116T171806Z-001/Hemendra Kumar Roy 62/Omaboswar Raat By Hemendra Kumar Roy (BDeBooks.Com).pdf,588968,575.2 KB,.pdf,2020-10-13 12:58:10
drive-download-20250116T171806Z-001/Hemendra Kumar Roy 62/Rahasyer Alo Chaya By Hemendra Kumar Roy (BDeBooks.Com).pdf,585726,572.0 KB,.pdf,2020-10-13 12:58:00
drive-download-20250116T171806Z-001/Hemendra Kumar Roy 62/Runu Tunur Adventure By Hemendra Kumar Roy (BDeBooks.Com).pdf,761716,743.9 KB,.pdf,2020-10-13 12:57:46
drive-download-20250116T171806Z-001/Hemendra Kumar Roy 62/Sahittik Saratchandra By Hemendra Kumar Roy (BDeBooks.Com).pdf,657970,642.5 KB,.pdf,2020-10-13 12:57:18
drive-download-20250116T171806Z-001/Hemendra Kumar Roy 62/Sandhar Pare Sabdhan By Hemendra Kumar Roy (BDeBooks.Com).pdf,598372,584.3 KB,.pdf,2020-10-13 12:57:26
drive-download-20250116T171806Z-001/Hemendra Kumar Roy 62/Sundarbaner Manush Bagh By Hemendra Kumar Roy (BDeBooks.Com).pdf,563655,550.4 KB,.pdf,2020-10-13 12:57:08
drive-download-20250116T171806Z-001/Hemendra Kumar Roy 62/Tara Tin Bondhu By Hemendra Kumar Roy (BDeBooks.Com).pdf,543778,531.0 KB,.pdf,2020-10-13 12:56:56
drive-download-20250116T171806Z-001/Henry Rider Haggard 33 (onubad)/A tell of 3 lions by H.R.Haggard .pdf,2962007,2.8 MB,.pdf,2018-09-19 10:50:02
drive-download-20250116T171806Z-001/Henry Rider Haggard 33 (onubad)/Allan and The Holy Flower  FrOsT-BiTe .pdf,12023867,11.5 MB,.pdf,2018-09-12 15:57:32
drive-download-20250116T171806Z-001/Henry Rider Haggard 33 (onubad)/Allan Quatermain  FrOsT BiTe  (BanglaPDFBoi.com).pdf,8570031,8.2 MB,.pdf,2018-09-12 15:57:14
drive-download-20250116T171806Z-001/Henry Rider Haggard 33 (onubad)/Benita by H.R.Haggard .pdf,12850916,12.3 MB,.pdf,2018-09-19 11:01:26
drive-download-20250116T171806Z-001/Henry Rider Haggard 33 (onubad)/Black Heart   White Heart   FrOst BiTe .pdf,3572378,3.4 MB,.pdf,2018-09-12 15:57:18
drive-download-20250116T171806Z-001/Henry Rider Haggard 33 (onubad)/Breathren by H.R.Haggard .pdf,26245145,25.0 MB,.pdf,2018-09-19 11:04:12
drive-download-20250116T171806Z-001/Henry Rider Haggard 33 (onubad)/Child-Of-Storm  FrOsT BiTe .pdf,16492023,15.7 MB,.pdf,2018-09-12 15:57:26
drive-download-20250116T171806Z-001/Henry Rider Haggard 33 (onubad)/Cleopetra By H.R Heggard  FrOsT BiTe .pdf,10909045,10.4 MB,.pdf,2018-09-12 15:57:36
drive-download-20250116T171806Z-001/Henry Rider Haggard 33 (onubad)/Elissa by H.R.Haggard .pdf,5493806,5.2 MB,.pdf,2018-09-12 15:57:16
drive-download-20250116T171806Z-001/Henry Rider Haggard 33 (onubad)/Errik britiz by H.R.Haggard .pdf,6716280,6.4 MB,.pdf,2018-09-19 10:50:48
drive-download-20250116T171806Z-001/Henry Rider Haggard 33 (onubad)/Finished by H.R.Haggard .pdf,21914659,20.9 MB,.pdf,2018-09-19 11:02:30
drive-download-20250116T171806Z-001/Henry Rider Haggard 33 (onubad)/Heart of the world by H.R.Haggard .pdf,15052321,14.4 MB,.pdf,2018-09-19 11:05:20
drive-download-20250116T171806Z-001/Henry Rider Haggard 33 (onubad)/Hew hew or the mpnstar by H.R.Haggard .pdf,7819440,7.5 MB,.pdf,2018-09-19 11:06:16
drive-download-20250116T171806Z-001/Henry Rider Haggard 33 (onubad)/Jess by H.R.Haggard .pdf,15573492,14.9 MB,.pdf,2018-09-19 10:52:42
drive-download-20250116T171806Z-001/Henry Rider Haggard 33 (onubad)/Maiwar Protishodh by H.R.Haggard .pdf,3906835,3.7 MB,.pdf,2018-09-12 15:57:28
drive-download-20250116T171806Z-001/Henry Rider Haggard 33 (onubad)/Merry by Henry Rider Haggard .pdf,25572790,24.4 MB,.pdf,2018-09-12 15:57:12
drive-download-20250116T171806Z-001/Henry Rider Haggard 33 (onubad)/Mister mission_s wile by H.R.Haggard .pdf,5057118,4.8 MB,.pdf,2018-09-19 11:03:20
drive-download-20250116T171806Z-001/Henry Rider Haggard 33 (onubad)/Montejummar Meye by H.R.Heggard .pdf,10410286,9.9 MB,.pdf,2018-09-12 15:57:38
drive-download-20250116T171806Z-001/Henry Rider Haggard 33 (onubad)/Moon of Izreal by H.R.Haggard .pdf,3836704,3.7 MB,.pdf,2018-09-12 15:57:14
drive-download-20250116T171806Z-001/Henry Rider Haggard 33 (onubad)/Morning star by H.R.Haggard .pdf,6319997,6.0 MB,.pdf,2018-09-19 11:02:28
drive-download-20250116T171806Z-001/Henry Rider Haggard 33 (onubad)/Nada the lily by H.R.Haggard .pdf,15297695,14.6 MB,.pdf,2018-09-19 10:59:20
drive-download-20250116T171806Z-001/Henry Rider Haggard 33 (onubad)/Nesha by H.R.Haggard .pdf,17423133,16.6 MB,.pdf,2018-09-12 15:57:22
drive-download-20250116T171806Z-001/Henry Rider Haggard 33 (onubad)/Perl maiden by H.R.Haggard .pdf,18024276,17.2 MB,.pdf,2018-09-19 11:02:10
drive-download-20250116T171806Z-001/Henry Rider Haggard 33 (onubad)/Queen Sheba_s Ring by H.R.Haggard .pdf,9802266,9.3 MB,.pdf,2018-09-12 15:57:28
drive-download-20250116T171806Z-001/Henry Rider Haggard 33 (onubad)/She And Return of She (2 in 1) by Henry Rider Hagard .pdf,15677728,15.0 MB,.pdf,2018-09-17 20:46:08
drive-download-20250116T171806Z-001/Henry Rider Haggard 33 (onubad)/Solomoner Guptodhon by H.R.Haggard .pdf,5463963,5.2 MB,.pdf,2018-09-12 15:57:40
drive-download-20250116T171806Z-001/Henry Rider Haggard 33 (onubad)/The Ivory Child by H.R.Haggard .pdf,999076,975.7 KB,.pdf,2018-09-12 15:57:18
drive-download-20250116T171806Z-001/Henry Rider Haggard 33 (onubad)/The lady of bloshome by H.R.Haggard .pdf,19665086,18.8 MB,.pdf,2018-09-17 20:49:08
drive-download-20250116T171806Z-001/Henry Rider Haggard 33 (onubad)/The people of the mist by H.R.Haggard .pdf,11818805,11.3 MB,.pdf,2018-09-19 10:55:46
drive-download-20250116T171806Z-001/Henry Rider Haggard 33 (onubad)/The Virgin Of The Sun by H.R.Haggard .pdf,13044903,12.4 MB,.pdf,2018-09-12 15:57:34
drive-download-20250116T171806Z-001/Henry Rider Haggard 33 (onubad)/The wizard by H.R.Haggard .pdf,4991778,4.8 MB,.pdf,2018-09-19 11:06:58
drive-download-20250116T171806Z-001/Henry Rider Haggard 33 (onubad)/The yellow god by H.R.Haggard .pdf,12352562,11.8 MB,.pdf,2018-09-19 10:56:42
drive-download-20250116T171806Z-001/Henry Rider Haggard 33 (onubad)/Tresser of the lake by H.R.Haggard .pdf,18717791,17.9 MB,.pdf,2018-09-19 10:56:00
drive-download-20250116T171806Z-001/Humayun Ahmed  256/1971 By Humayun Ahmed (BDeBooks.Com).pdf,7457132,7.1 MB,.pdf,2020-03-19 21:43:24
drive-download-20250116T171806Z-001/Humayun Ahmed  256/Aaj Ami Kothao Jabo Na By Humayun Ahmed (BDeBooks.Com).pdf,7384252,7.0 MB,.pdf,2020-03-19 20:25:56
drive-download-20250116T171806Z-001/Humayun Ahmed  256/Aaj Himur Biye By Humayun Ahmed [2007] [BDeBooks.Com].pdf,9021123,8.6 MB,.pdf,2020-03-19 21:41:52
drive-download-20250116T171806Z-001/Humayun Ahmed  256/Achinpur By Humayun Ahmed (BDeBooks.Com).pdf,5694045,5.4 MB,.pdf,2020-03-19 20:25:32
drive-download-20250116T171806Z-001/Humayun Ahmed  256/Adbhut Sob Golpo by Humayun Ahmed (BDeBooks.Com).pdf,7137503,6.8 MB,.pdf,2020-03-19 20:25:16
drive-download-20250116T171806Z-001/Humayun Ahmed  256/Aguner Poroshmoni By Humayun Ahmed  [BDeBooks.Com].pdf,4092288,3.9 MB,.pdf,2020-03-19 21:42:54
drive-download-20250116T171806Z-001/Humayun Ahmed  256/Ahok by Humayun Ahmed (BDeBooks.Com).pdf,3508569,3.3 MB,.pdf,2020-03-19 20:35:54
drive-download-20250116T171806Z-001/Humayun Ahmed  256/Aj Chitrar Biye by Humayun Ahmed (BDeBooks.Com).pdf,10656628,10.2 MB,.pdf,2020-03-19 20:48:16
drive-download-20250116T171806Z-001/Humayun Ahmed  256/Aj Dupure Tomar Nimontron Humayun Ahmed (BDeBooks.Com).pdf,6647417,6.3 MB,.pdf,2021-01-30 09:58:02
drive-download-20250116T171806Z-001/Humayun Ahmed  256/Akash Jora Megh By Humayun Ahmed (BDeBooks.Com).pdf,11894116,11.3 MB,.pdf,2020-03-19 21:04:00
drive-download-20250116T171806Z-001/Humayun Ahmed  256/Amader Shada bari by Humayun Ahmed (BDeBooks.Com).pdf,5829162,5.6 MB,.pdf,2020-03-19 21:18:00
drive-download-20250116T171806Z-001/Humayun Ahmed  256/Amar Ache Jol by Humayun Ahmed (BDeBooks.Com).pdf,3418508,3.3 MB,.pdf,2020-03-19 21:31:04
drive-download-20250116T171806Z-001/Humayun Ahmed  256/Amar Chelebela by Humayun Ahmed (BDeBooks.Com).pdf,8224050,7.8 MB,.pdf,2020-03-19 19:38:12
drive-download-20250116T171806Z-001/Humayun Ahmed  256/Amar Priyo Voutik Galpo Edited By Humayun Ahmed (BDeBooks.Com).pdf,7481155,7.1 MB,.pdf,2020-03-19 20:24:50
drive-download-20250116T171806Z-001/Humayun Ahmed  256/Ami Ebong Amra By Humayun Ahmed (BDeBooks.Com).pdf,9899545,9.4 MB,.pdf,2020-03-19 21:13:26
drive-download-20250116T171806Z-001/Humayun Ahmed  256/Ami Ebong Koyekti Projapoti By Humayun Ahmed (BDeBooks.Com).pdf,2846131,2.7 MB,.pdf,2020-03-19 20:21:58
drive-download-20250116T171806Z-001/Humayun Ahmed  256/Ami-ee Misir Ali By Humayun Ahmed (BDeBooks.Com).pdf,10818861,10.3 MB,.pdf,2020-03-19 21:36:28
drive-download-20250116T171806Z-001/Humayun Ahmed  256/Amra Keu Basay Nei By Humayun Ahmed (BDeBooks.Com).pdf,12410158,11.8 MB,.pdf,2020-03-19 20:55:12
drive-download-20250116T171806Z-001/Humayun Ahmed  256/Ananto Nakkhatro Bithi (BDeBooks.Com).pdf,3747545,3.6 MB,.pdf,2020-03-19 20:34:12
drive-download-20250116T171806Z-001/Humayun Ahmed  256/Andhokarer Gaan by Humayun Ahmed [BDeBooks.Com].pdf,8774974,8.4 MB,.pdf,2020-03-19 19:32:30
drive-download-20250116T171806Z-001/Humayun Ahmed  256/Angul Kata Jaglu  By Humayun Ahmed [2005] [BDeBooks.Com].pdf,10219612,9.7 MB,.pdf,2020-03-19 21:33:56
drive-download-20250116T171806Z-001/Humayun Ahmed  256/Anondo Bedonar Kabbo by Humayun Ahmed (BDeBooks.Com).pdf,1654954,1.6 MB,.pdf,2020-03-19 19:32:00
drive-download-20250116T171806Z-001/Humayun Ahmed  256/Anonto Ambore By Humayun Ahmed (BDeBooks.Com).pdf,4710027,4.5 MB,.pdf,2020-03-19 19:13:24
drive-download-20250116T171806Z-001/Humayun Ahmed  256/Antorar Baba By Humayun Ahmed (BDeBooks.Com).pdf,1705310,1.6 MB,.pdf,2020-03-19 19:26:42
drive-download-20250116T171806Z-001/Humayun Ahmed  256/Anyobhubon By Humayun Ahmed (BDeBooks.Com).pdf,4635529,4.4 MB,.pdf,2020-03-19 21:19:24
drive-download-20250116T171806Z-001/Humayun Ahmed  256/Aponare Ami Khujia Berai By Humayun Ahmed (BDeBooks.Com).pdf,16755412,16.0 MB,.pdf,2020-03-19 19:54:22
drive-download-20250116T171806Z-001/Humayun Ahmed  256/Aporahnyo by Humayun Ahmed (BDeBooks.Com).pdf,4329767,4.1 MB,.pdf,2020-03-19 20:22:00
drive-download-20250116T171806Z-001/Humayun Ahmed  256/Ashabori By Humayun Ahmed (BDeBooks.Com).pdf,11992385,11.4 MB,.pdf,2020-03-19 21:05:06
drive-download-20250116T171806Z-001/Humayun Ahmed  256/Asmanira Tin Bon by Humayun Ahmed (BDeBooks.Com).pdf,5363695,5.1 MB,.pdf,2020-03-19 19:31:18
drive-download-20250116T171806Z-001/Humayun Ahmed  256/Ayna Ghor by Humayun Ahmed (BDeBooks.Com).pdf,7147393,6.8 MB,.pdf,2020-03-19 21:24:38
drive-download-20250116T171806Z-001/Humayun Ahmed  256/Ayomoy by Humayun Ahmed (BDeBooks.Com).pdf,10763984,10.3 MB,.pdf,2020-03-19 19:31:14
drive-download-20250116T171806Z-001/Humayun Ahmed  256/Badol Diner Dwitiyo Kodom Phul by Humayun Ahmed (BDeBooks.Com).pdf,6503358,6.2 MB,.pdf,2020-03-19 20:16:50
drive-download-20250116T171806Z-001/Humayun Ahmed  256/Badshah Namdar PDF By Humayun Ahmed (BDeBooks.Com).pdf,4512600,4.3 MB,.pdf,2020-03-19 21:19:38
drive-download-20250116T171806Z-001/Humayun Ahmed  256/Baghbondi Misir Ali By Humayun Ahmed (BDeBooks.Com).pdf,9661237,9.2 MB,.pdf,2020-03-19 21:40:26
drive-download-20250116T171806Z-001/Humayun Ahmed  256/Ballpoint by Humayun Ahmed (BDeBooks.Com).pdf,7762299,7.4 MB,.pdf,2020-03-19 20:24:12
drive-download-20250116T171806Z-001/Humayun Ahmed  256/Basanta Bilap By Humayun Ahmed (BDeBooks.Com).pdf,10056874,9.6 MB,.pdf,2020-03-19 19:51:44
drive-download-20250116T171806Z-001/Humayun Ahmed  256/Basor By Humayun Ahmed (BDeBooks.Com).pdf,4538946,4.3 MB,.pdf,2020-03-19 21:05:32
drive-download-20250116T171806Z-001/Humayun Ahmed  256/Bhoy By Humayun Ahmed (BDeBooks.Com).pdf,7496256,7.1 MB,.pdf,2020-03-19 21:40:52
drive-download-20250116T171806Z-001/Humayun Ahmed  256/Bhraman Samagra By Humayun Ahmed (BDeBooks.Com).pdf,8827873,8.4 MB,.pdf,2020-03-19 19:39:08
drive-download-20250116T171806Z-001/Humayun Ahmed  256/Bipod By Humayun Ahmed (BDeBooks.Com).pdf,3226788,3.1 MB,.pdf,2020-03-19 21:28:58
drive-download-20250116T171806Z-001/Humayun Ahmed  256/Black Friday By Humayun Ahmed (BDeBooks.Com).pdf,1201325,1.1 MB,.pdf,2020-03-19 19:37:44
drive-download-20250116T171806Z-001/Humayun Ahmed  256/Bohubrihi by Humayun Ahmed (BDeBooks.Com).pdf,15703498,15.0 MB,.pdf,2020-03-19 21:39:28
drive-download-20250116T171806Z-001/Humayun Ahmed  256/Botol Bhut by Humayun Ahmed (BDeBooks.Com).pdf,4772043,4.6 MB,.pdf,2020-03-19 19:25:52
drive-download-20250116T171806Z-001/Humayun Ahmed  256/Brihonnola By Humayun Ahmed (BDeBooks.Com).pdf,4479260,4.3 MB,.pdf,2020-03-19 21:40:20
drive-download-20250116T171806Z-001/Humayun Ahmed  256/Brikkhokotha by Humayun Ahmed (BDeBooks.Com).pdf,5281005,5.0 MB,.pdf,2020-03-19 19:29:38
drive-download-20250116T171806Z-001/Humayun Ahmed  256/Brishti Bilash By Humayun Ahmed (BDeBooks.Com).pdf,11086795,10.6 MB,.pdf,2020-03-19 21:39:30
drive-download-20250116T171806Z-001/Humayun Ahmed  256/Brishti O Meghomala by Humayun Ahmed (BDeBooks.Com).pdf,5272377,5.0 MB,.pdf,2020-03-19 20:33:14
drive-download-20250116T171806Z-001/Humayun Ahmed  256/Chader Aloy Koyekjon Jubok Humayun Ahmed (BDeBooks.Com).pdf,8283222,7.9 MB,.pdf,2020-03-19 20:44:42
drive-download-20250116T171806Z-001/Humayun Ahmed  256/Chaya Songi By Humayun Ahmed (BDeBooks.Com).pdf,2982419,2.8 MB,.pdf,2020-03-19 20:16:16
drive-download-20250116T171806Z-001/Humayun Ahmed  256/Chayabithi by Humayun Ahmed (BDeBooks.Com).pdf,5566273,5.3 MB,.pdf,2020-03-19 19:55:12
drive-download-20250116T171806Z-001/Humayun Ahmed  256/Cheleta by Humayun Ahmed (BDeBooks.Com).pdf,8268898,7.9 MB,.pdf,2020-03-19 20:18:54
drive-download-20250116T171806Z-001/Humayun Ahmed  256/Chobi Bananor Golpo By Humayun Ahmed (BDeBooks.Com).pdf,37507407,35.8 MB,.pdf,2020-03-19 19:58:44
drive-download-20250116T171806Z-001/Humayun Ahmed  256/Choitrer Ditio Dibos By Humayun Ahmed (BDeBooks.Com).pdf,12835693,12.2 MB,.pdf,2020-03-19 19:13:16
drive-download-20250116T171806Z-001/Humayun Ahmed  256/Chokkhe Amar Trisna by Humayun Ahmed (BDeBooks.Com).pdf,4649628,4.4 MB,.pdf,2020-03-19 19:29:20
drive-download-20250116T171806Z-001/Humayun Ahmed  256/Chole Jay Bosonter Din By Humayun Ahmed [2002] [BDeBooks.Com].pdf,10259031,9.8 MB,.pdf,2020-03-19 21:15:06
drive-download-20250116T171806Z-001/Humayun Ahmed  256/Chotoder Joto Lekha By Humayun Ahmed (BDeBooks.Com).pdf,12985088,12.4 MB,.pdf,2020-03-19 19:49:54
drive-download-20250116T171806Z-001/Humayun Ahmed  256/Dar Kaker Songsar Kingba Majhe Majhe Tobo Dekha Pai Humayun Ahmed (BDeBooks.Com).pdf,4270761,4.1 MB,.pdf,2020-03-19 20:55:26
drive-download-20250116T171806Z-001/Humayun Ahmed  256/Daruchini Dip by Humayun Ahmed [BDeBooks.Com].pdf,9894501,9.4 MB,.pdf,2020-03-19 21:36:02
drive-download-20250116T171806Z-001/Humayun Ahmed  256/Debi By Humayun Ahmed (BDeBooks.Com).pdf,8440284,8.0 MB,.pdf,2020-03-19 21:43:32
drive-download-20250116T171806Z-001/Humayun Ahmed  256/Dekha Na Dekha By Humayun Ahmed .pdf,2848068,2.7 MB,.pdf,2020-03-19 19:37:38
drive-download-20250116T171806Z-001/Humayun Ahmed  256/Deyal by Humayun Ahmed [BDeBooks.Com] (BDeBooks.Com).pdf,4546287,4.3 MB,.pdf,2020-03-19 19:10:36
drive-download-20250116T171806Z-001/Humayun Ahmed  256/Dighir Jole Kar Chaya Go Humayun Ahmed (BDeBooks.Com).pdf,6772942,6.5 MB,.pdf,2020-03-19 21:38:32
drive-download-20250116T171806Z-001/Humayun Ahmed  256/Diner Seshe by Humayun Ahmed (BDeBooks.Com).pdf,44414838,42.4 MB,.pdf,2020-03-19 19:30:10
drive-download-20250116T171806Z-001/Humayun Ahmed  256/Ditiyo Manob By Humayun Ahmed (BDeBooks.Com).pdf,5356385,5.1 MB,.pdf,2020-03-19 20:59:20
drive-download-20250116T171806Z-001/Humayun Ahmed  256/Doiroth by Humayun Ahmed (BDeBooks.Com).pdf,826183,806.8 KB,.pdf,2020-03-19 19:28:20
drive-download-20250116T171806Z-001/Humayun Ahmed  256/Dorjar Opashe By Humayun Ahmed [1992] [BDeBooks.Com].pdf,10550160,10.1 MB,.pdf,2020-03-19 21:24:56
drive-download-20250116T171806Z-001/Humayun Ahmed  256/Dosh Jon By Humayun Ahmed (BDeBooks.Com).pdf,17259821,16.5 MB,.pdf,2020-03-19 19:45:20
drive-download-20250116T171806Z-001/Humayun Ahmed  256/Dui Duari by Humayun Ahmed (BDeBooks.Com).pdf,7107689,6.8 MB,.pdf,2020-03-19 20:19:18
drive-download-20250116T171806Z-001/Humayun Ahmed  256/Dure Kothao by Humayun Ahmed (BDeBooks.Com).pdf,14885050,14.2 MB,.pdf,2020-03-19 21:08:38
drive-download-20250116T171806Z-001/Humayun Ahmed  256/Ebong Himu By Humayun Ahmed [1995] [BDeBooks.Com].pdf,14857556,14.2 MB,.pdf,2020-03-19 21:32:08
drive-download-20250116T171806Z-001/Humayun Ahmed  256/Ei Ami By Humayun Ahmed (BDeBooks.Com).pdf,13288121,12.7 MB,.pdf,2020-03-19 19:37:34
drive-download-20250116T171806Z-001/Humayun Ahmed  256/Ei Bosonte By Humayun Ahmed (BDeBooks.Com).pdf,3773514,3.6 MB,.pdf,2020-03-19 19:17:22
drive-download-20250116T171806Z-001/Humayun Ahmed  256/Ei Megh Rodro Chaya by Humayun Ahmed (BDeBooks.Com).pdf,6937117,6.6 MB,.pdf,2020-03-19 20:51:52
drive-download-20250116T171806Z-001/Humayun Ahmed  256/Ei Shuvro Ei Humayun Ahmed [BDeBooks.Com].pdf,4646029,4.4 MB,.pdf,2020-03-19 21:17:40
drive-download-20250116T171806Z-001/Humayun Ahmed  256/Ei Sob Din Ratri By Humayun Ahmed (BDeBooks.Com).pdf,11619290,11.1 MB,.pdf,2020-03-19 19:10:12
drive-download-20250116T171806Z-001/Humayun Ahmed  256/Eka Eka By Humayun Ahmed (BDeBooks.Com).pdf,9180778,8.8 MB,.pdf,2020-03-19 19:17:20
drive-download-20250116T171806Z-001/Humayun Ahmed  256/Ekattor Ebong Amar Baba by Humayun Ahmed (BDeBooks.Com).pdf,9322413,8.9 MB,.pdf,2020-03-19 19:22:46
drive-download-20250116T171806Z-001/Humayun Ahmed  256/Eki Kando By Humayun Ahmed (BDeBooks.Com).pdf,4169917,4.0 MB,.pdf,2020-03-19 19:55:02
drive-download-20250116T171806Z-001/Humayun Ahmed  256/Ekjon Himu Koekti Jhin Jhin Poka By Humayun Ahmed [1999] [BDeBooks.Com].pdf,10357773,9.9 MB,.pdf,2020-03-19 21:30:40
drive-download-20250116T171806Z-001/Humayun Ahmed  256/Ekjon Mayaboti by Humayun Ahmed (BDeBooks.Com).pdf,2348742,2.2 MB,.pdf,2020-03-19 20:18:24
drive-download-20250116T171806Z-001/Humayun Ahmed  256/Ekti Cycle Ebong Koyekti Dahuk Pakhi (BDeBooks.Com).pdf,14858310,14.2 MB,.pdf,2020-03-19 20:56:42
drive-download-20250116T171806Z-001/Humayun Ahmed  256/Ele Bele By Humayun Ahmed ( Part 1) (BDeBooks.Com).pdf,7132723,6.8 MB,.pdf,2020-03-19 19:26:30
drive-download-20250116T171806Z-001/Humayun Ahmed  256/Ema by Humayun Ahmed (BDeBooks.Com).pdf,6196866,5.9 MB,.pdf,2020-03-19 21:02:32
drive-download-20250116T171806Z-001/Humayun Ahmed  256/Epitaph by Humayun Ahmed (BDeBooks.Com).pdf,8193714,7.8 MB,.pdf,2020-03-19 20:54:06
drive-download-20250116T171806Z-001/Humayun Ahmed  256/Fera by Humayun Ahmed (BDeBooks.Com).pdf,1520188,1.4 MB,.pdf,2020-03-19 21:06:50
drive-download-20250116T171806Z-001/Humayun Ahmed  256/Fiha Somikoron By Humayun Ahmed (BDeBooks.Com).pdf,5661169,5.4 MB,.pdf,2020-03-19 20:38:20
drive-download-20250116T171806Z-001/Humayun Ahmed  256/Fountain Pen by Humayun Ahmed (BDeBooks.Com).pdf,7006892,6.7 MB,.pdf,2020-03-19 19:35:06
drive-download-20250116T171806Z-001/Humayun Ahmed  256/Golpo Samagra By Humayun Ahmed (BDeBooks.Com).pdf,20858999,19.9 MB,.pdf,2020-03-19 19:13:44
drive-download-20250116T171806Z-001/Humayun Ahmed  256/Gouripur Junction by Humayun Ahmed (BDeBooks.Com).pdf,8830510,8.4 MB,.pdf,2020-03-19 21:06:16
drive-download-20250116T171806Z-001/Humayun Ahmed  256/Grihotagi Jochna By Humayun Ahmed (BDeBooks.Com).pdf,3063234,2.9 MB,.pdf,2020-03-19 19:15:10
drive-download-20250116T171806Z-001/Humayun Ahmed  256/Hartan Ishkapon By Humayun Ahmed (BDeBooks.Com).pdf,4376884,4.2 MB,.pdf,2020-03-19 21:25:18
drive-download-20250116T171806Z-001/Humayun Ahmed  256/Hijibiji By Humayun Ahmed (BDeBooks.Com).pdf,23292752,22.2 MB,.pdf,2020-03-19 19:56:12
drive-download-20250116T171806Z-001/Humayun Ahmed  256/Himu By Humayun Ahmed [1993] [BDeBooks.Com].pdf,4118333,3.9 MB,.pdf,2020-03-19 21:22:52
drive-download-20250116T171806Z-001/Humayun Ahmed  256/Himu Ebong Ekti Russian Pori By Humayun Ahmed [2011] [BDeBooks.Com].pdf,5181658,4.9 MB,.pdf,2020-03-19 21:17:04
drive-download-20250116T171806Z-001/Humayun Ahmed  256/Himu Ebong Harvard Ph.D. Boltu Bhai By Humayun Ahmed [2011] [BDeBooks.Com].pdf,13114686,12.5 MB,.pdf,2020-03-19 21:37:14
drive-download-20250116T171806Z-001/Humayun Ahmed  256/Himu Mama By Humayun Ahmed [2004] [BDeBooks.Com].pdf,9478229,9.0 MB,.pdf,2020-03-19 21:15:18
drive-download-20250116T171806Z-001/Humayun Ahmed  256/Himu Misir Ali Jugolbondi By Humayun Ahmed (BDeBooks.Com).pdf,38390161,36.6 MB,.pdf,2020-03-19 19:41:28
drive-download-20250116T171806Z-001/Humayun Ahmed  256/Himu Remand-E  By Humayun Ahmed [2008] [BDeBooks.Com].pdf,8974374,8.6 MB,.pdf,2020-03-19 21:39:34
drive-download-20250116T171806Z-001/Humayun Ahmed  256/Himu Somogro 1 By Humayun Ahmed.pdf,8886966,8.5 MB,.pdf,2020-03-19 19:04:36
drive-download-20250116T171806Z-001/Humayun Ahmed  256/Himu Somogro 2 By Humayun Ahmed.pdf,17946740,17.1 MB,.pdf,2020-03-19 19:08:02
drive-download-20250116T171806Z-001/Humayun Ahmed  256/Himur Ache Jol By Humayun Ahmed [2011] [BDeBooks.Com].pdf,4341698,4.1 MB,.pdf,2020-03-19 21:11:30
drive-download-20250116T171806Z-001/Humayun Ahmed  256/Himur Ache Jol By Humayun Ahmed [2011] [BDeBooks.Com]_2.pdf,4341698,4.1 MB,.pdf,2020-03-19 21:11:52
drive-download-20250116T171806Z-001/Humayun Ahmed  256/Himur Babar Kothamala By Humayun Ahmed [2009] [BDeBooks.Com].pdf,2390923,2.3 MB,.pdf,2020-03-19 21:17:14
drive-download-20250116T171806Z-001/Humayun Ahmed  256/Himur Ditiyo Prohor By Humayun Ahmed [1997] [BDeBooks.Com].pdf,5985560,5.7 MB,.pdf,2020-03-19 21:32:14
drive-download-20250116T171806Z-001/Humayun Ahmed  256/Himur Ekanto Sakkhatkar By Humayun Ahmed [2008] [BDeBooks.Com].pdf,9423887,9.0 MB,.pdf,2020-03-19 21:14:06
drive-download-20250116T171806Z-001/Humayun Ahmed  256/Himur Hate Koyekti Neel Poddo By Humayun Ahmed [1996] [BDeBooks.Com].pdf,2645677,2.5 MB,.pdf,2020-03-19 21:34:50
drive-download-20250116T171806Z-001/Humayun Ahmed  256/Himur Madhyadupur By Humayun Ahmed [2009] [BDeBooks.Com].pdf,5975067,5.7 MB,.pdf,2020-03-19 21:16:00
drive-download-20250116T171806Z-001/Humayun Ahmed  256/Himur Neel Jochna By HumayunAhmed [2010] [BDeBooks.Com].pdf,5279439,5.0 MB,.pdf,2020-03-19 21:16:50
drive-download-20250116T171806Z-001/Humayun Ahmed  256/Himur Rupali Ratri By Humayun Ahmed [1998] [BDeBooks.Com].pdf,3009474,2.9 MB,.pdf,2020-03-19 21:15:58
drive-download-20250116T171806Z-001/Humayun Ahmed  256/Holud Himu Kalo RAB  By Humayun Ahmed [2006] [BDeBooks.Com].pdf,5956112,5.7 MB,.pdf,2020-03-19 21:40:04
drive-download-20250116T171806Z-001/Humayun Ahmed  256/Hotel Graver Inn By Humayun Ahmed (BDeBooks.Com).pdf,3501125,3.3 MB,.pdf,2020-03-19 20:10:56
drive-download-20250116T171806Z-001/Humayun Ahmed  256/Humayun Ahmed Er Premer Golpo (BDeBooks.Com).pdf,7899841,7.5 MB,.pdf,2020-03-19 19:26:02
drive-download-20250116T171806Z-001/Humayun Ahmed  256/Humayun Ahmeder Hate Panchti Neel Paddo (BDeBooks.Com).pdf,46205471,44.1 MB,.pdf,2020-03-19 19:41:18
drive-download-20250116T171806Z-001/Humayun Ahmed  256/Ireena By Humayun Ahmed (BDeBooks.Com).pdf,9070972,8.7 MB,.pdf,2020-03-19 20:38:28
drive-download-20250116T171806Z-001/Humayun Ahmed  256/Istition by Humayun Ahmed (BDeBooks.Com).pdf,2148202,2.0 MB,.pdf,2020-03-19 20:58:18
drive-download-20250116T171806Z-001/Humayun Ahmed  256/Jadukor by Humayun Ahmed (BDeBooks.Com).pdf,743634,726.2 KB,.pdf,2020-03-19 20:33:32
drive-download-20250116T171806Z-001/Humayun Ahmed  256/Jalil Shaheber Petition by Humayun Ahmed (BDeBooks.Com).pdf,379090,370.2 KB,.pdf,2020-03-19 19:23:44
drive-download-20250116T171806Z-001/Humayun Ahmed  256/Jibonkrishno Memorial High School By Humayun Ahmed (BDeBooks.Com).pdf,3629605,3.5 MB,.pdf,2020-03-19 20:10:36
drive-download-20250116T171806Z-001/Humayun Ahmed  256/Jochna O Jononir Golpo By Humayun Ahmed (BDeBooks.Com).pdf,21878443,20.9 MB,.pdf,2020-03-19 19:14:30
drive-download-20250116T171806Z-001/Humayun Ahmed  256/Jodio Sondha by Humayun Ahmed (BDeBooks.Com).pdf,11245253,10.7 MB,.pdf,2020-03-19 20:10:26
drive-download-20250116T171806Z-001/Humayun Ahmed  256/Jokhon Giyeche Dube Ponchomir Chan by Humayun Ahmed (BDeBooks.Com).pdf,16070860,15.3 MB,.pdf,2020-03-19 19:21:32
drive-download-20250116T171806Z-001/Humayun Ahmed  256/Jokhon Namibe Adhar By Humayun Ahmed (BDeBooks.Com).pdf,8437738,8.0 MB,.pdf,2020-03-19 21:12:16
drive-download-20250116T171806Z-001/Humayun Ahmed  256/Jol Jochona by Humayun Ahmed (BDeBooks.Com).pdf,5728709,5.5 MB,.pdf,2020-03-19 19:20:22
drive-download-20250116T171806Z-001/Humayun Ahmed  256/Jol Poddo By Humayun Ahmed (BDeBooks.Com).pdf,11155248,10.6 MB,.pdf,2020-03-19 20:45:52
drive-download-20250116T171806Z-001/Humayun Ahmed  256/Jolkonna by Humayun Ahmed (BDeBooks.Com).pdf,1895047,1.8 MB,.pdf,2020-03-19 20:39:26
drive-download-20250116T171806Z-001/Humayun Ahmed  256/Jonom Jonom by Humayun Ahmed (BDeBooks.Com).pdf,6136870,5.9 MB,.pdf,2020-03-19 19:28:10
drive-download-20250116T171806Z-001/Humayun Ahmed  256/Jontro by Humayun Ahmed (BDeBooks.Com).pdf,332870,325.1 KB,.pdf,2020-03-19 20:34:18
drive-download-20250116T171806Z-001/Humayun Ahmed  256/Joshoha Brikkher Deshe By Humayun Ahmed (BDeBooks.Com).pdf,1532054,1.5 MB,.pdf,2020-03-19 19:14:32
drive-download-20250116T171806Z-001/Humayun Ahmed  256/Joyjoyonti By Humayun Ahmed (BDeBooks.Com).pdf,19452898,18.6 MB,.pdf,2020-03-19 19:19:10
drive-download-20250116T171806Z-001/Humayun Ahmed  256/Kalo Jadukor By Humayun Ahmed (BDeBooks.Com).pdf,7186810,6.9 MB,.pdf,2020-03-19 20:08:40
drive-download-20250116T171806Z-001/Humayun Ahmed  256/Kathpencil By Humayun Ahmed (BDeBooks.Com).pdf,5811643,5.5 MB,.pdf,2020-03-19 19:34:00
drive-download-20250116T171806Z-001/Humayun Ahmed  256/Ke Kotha Koy by Humayun Ahmed (BDeBooks.Com).pdf,29251896,27.9 MB,.pdf,2020-03-19 19:25:54
drive-download-20250116T171806Z-001/Humayun Ahmed  256/Kichu Shoishob by Humayun Ahmed (BDeBooks.Com).pdf,10621403,10.1 MB,.pdf,2020-03-19 20:12:38
drive-download-20250116T171806Z-001/Humayun Ahmed  256/Kichukkhan by Humayun Ahmed (BDeBooks.Com).pdf,2450080,2.3 MB,.pdf,2020-03-19 20:32:44
drive-download-20250116T171806Z-001/Humayun Ahmed  256/Kobi by Humayun Ahmed (BDeBooks.Com).pdf,29449976,28.1 MB,.pdf,2020-03-19 20:17:12
drive-download-20250116T171806Z-001/Humayun Ahmed  256/Kohen Kobi Kalidas By Humayun Ahmed (BDeBooks.Com).pdf,6045785,5.8 MB,.pdf,2020-03-19 21:34:46
drive-download-20250116T171806Z-001/Humayun Ahmed  256/Kothao Keu Nei PDF by Humayun Ahmed (BDeBooks.Com).pdf,13185091,12.6 MB,.pdf,2020-03-19 21:25:20
drive-download-20250116T171806Z-001/Humayun Ahmed  256/Koto Na Osru Jol By Humayun Ahmed (BDeBooks.Com).pdf,739808,722.5 KB,.pdf,2020-03-19 19:16:36
drive-download-20250116T171806Z-001/Humayun Ahmed  256/Krishno Pokkho By Humayun Ahmed (BDeBooks.Com).pdf,460820,450.0 KB,.pdf,2020-03-19 19:19:04
drive-download-20250116T171806Z-001/Humayun Ahmed  256/Kudduser Ekdin by Humayun Ahmed (BDeBooks.Com).pdf,1323511,1.3 MB,.pdf,2020-03-19 20:34:36
drive-download-20250116T171806Z-001/Humayun Ahmed  256/Kuhok By Humayun Ahmed (BDeBooks.Com).pdf,7461774,7.1 MB,.pdf,2020-03-19 20:38:48
drive-download-20250116T171806Z-001/Humayun Ahmed  256/Kuhurani By Humayun Ahmed (BDeBooks.Com).pdf,6934258,6.6 MB,.pdf,2020-03-19 20:21:38
drive-download-20250116T171806Z-001/Humayun Ahmed  256/Kutu Mia by Humayun Ahmed (BDeBooks.Com).pdf,9932369,9.5 MB,.pdf,2020-03-19 19:24:50
drive-download-20250116T171806Z-001/Humayun Ahmed  256/Lilaboti PDF By Humayun Ahmed (BDeBooks.Com).pdf,3329624,3.2 MB,.pdf,2020-03-19 20:15:00
drive-download-20250116T171806Z-001/Humayun Ahmed  256/Lilabotir Mrityu By Humayun Ahmed (BDeBooks.Com).pdf,3329624,3.2 MB,.pdf,2020-03-19 20:33:22
drive-download-20250116T171806Z-001/Humayun Ahmed  256/Lilua batash by Humayun Ahmed (BDeBooks.Com).pdf,4649249,4.4 MB,.pdf,2020-03-19 20:15:16
drive-download-20250116T171806Z-001/Humayun Ahmed  256/Lipi by Humayun Ahmed (BDeBooks.Com).pdf,2026312,1.9 MB,.pdf,2020-03-19 19:33:28
drive-download-20250116T171806Z-001/Humayun Ahmed  256/Maddhanya by Humayun Ahmed ( Part 1 & 2 ) (BDeBooks.Com).pdf,44754518,42.7 MB,.pdf,2020-03-19 21:27:14
drive-download-20250116T171806Z-001/Humayun Ahmed  256/Magic Munsi by Humayun Ahmed (BDeBooks.Com).pdf,5447073,5.2 MB,.pdf,2020-03-19 21:15:36
drive-download-20250116T171806Z-001/Humayun Ahmed  256/Manobi by Humayun Ahmed (BDeBooks.Com).pdf,5562281,5.3 MB,.pdf,2020-03-19 20:34:02
drive-download-20250116T171806Z-001/Humayun Ahmed  256/Matal Haowa by Humayun Ahmed (BDeBooks.Com).pdf,12375514,11.8 MB,.pdf,2020-03-19 20:57:10
drive-download-20250116T171806Z-001/Humayun Ahmed  256/May Flower by Humayun Ahmed (BDeBooks.Com).pdf,45361738,43.3 MB,.pdf,2020-03-19 19:34:42
drive-download-20250116T171806Z-001/Humayun Ahmed  256/Megh Boleche Jabo Jabo By Humayun Ahmed (BDeBooks.Com).pdf,12305202,11.7 MB,.pdf,2020-03-19 21:22:10
drive-download-20250116T171806Z-001/Humayun Ahmed  256/Megher Chaya By Humayun Ahmed [BDeBooks.Com].pdf,8338787,8.0 MB,.pdf,2020-03-19 21:11:08
drive-download-20250116T171806Z-001/Humayun Ahmed  256/Megher Upor Bari by Humayun Ahmed (BDeBooks.Com).pdf,1124656,1.1 MB,.pdf,2020-03-19 20:54:06
drive-download-20250116T171806Z-001/Humayun Ahmed  256/Mirar Gramer Bari By Humayun Ahmed (BDeBooks.Com).pdf,7643332,7.3 MB,.pdf,2020-03-19 19:16:26
drive-download-20250116T171806Z-001/Humayun Ahmed  256/Misir Ali Apni Kothay By Humayun Ahmed (BDeBooks.Com).pdf,5914555,5.6 MB,.pdf,2020-03-19 21:35:16
drive-download-20250116T171806Z-001/Humayun Ahmed  256/Misir Ali Omnibus 1 PDF book by Humayun Ahmed.pdf,21850672,20.8 MB,.pdf,2020-03-19 19:12:48
drive-download-20250116T171806Z-001/Humayun Ahmed  256/Misir Ali Omnibus 2 PDF book by Humayun Ahmed.pdf,16743717,16.0 MB,.pdf,2020-03-19 19:11:48
drive-download-20250116T171806Z-001/Humayun Ahmed  256/Misir Ali Omnibus 3 PDF book by Humayun Ahmed_2.pdf,15610389,14.9 MB,.pdf,2020-03-19 19:11:16
drive-download-20250116T171806Z-001/Humayun Ahmed  256/Misir Ali Unsolved by Humayun Ahmed (BDeBooks.Com).pdf,6118908,5.8 MB,.pdf,2020-03-19 21:23:10
drive-download-20250116T171806Z-001/Humayun Ahmed  256/Misir Alir Choshma By Humayun Ahmed (BDeBooks.Com).pdf,433378,423.2 KB,.pdf,2020-03-19 21:34:06
drive-download-20250116T171806Z-001/Humayun Ahmed  256/Misir Alir Omimangshito Rohoshsho By Humayun Ahmed (BDeBooks.Com).pdf,8753343,8.3 MB,.pdf,2020-03-19 21:25:16
drive-download-20250116T171806Z-001/Humayun Ahmed  256/Mohapurush by Humayun Ahmed (BDeBooks.Com).pdf,1790928,1.7 MB,.pdf,2020-03-19 19:07:56
drive-download-20250116T171806Z-001/Humayun Ahmed  256/Mojar Bhoot by Humayun Ahmed (BDeBooks.Com).pdf,7572335,7.2 MB,.pdf,2020-03-19 20:23:54
drive-download-20250116T171806Z-001/Humayun Ahmed  256/Mondroshoptok By Humayun Ahmed (BDeBooks.Com).pdf,14071433,13.4 MB,.pdf,2020-03-19 21:09:22
drive-download-20250116T171806Z-001/Humayun Ahmed  256/Moyurakkhi By Humayun Ahmed [1990] [BDeBooks.Com].pdf,6242344,6.0 MB,.pdf,2020-03-19 21:42:34
drive-download-20250116T171806Z-001/Humayun Ahmed  256/Moyurakkhir Tire Prothom Himu by Humayun Ahmed [2011] [BDeBooks.Com].pdf,290402,283.6 KB,.pdf,2020-03-19 20:38:48
drive-download-20250116T171806Z-001/Humayun Ahmed  256/Mrinmoyee By Humayun Ahmed (BDeBooks.Com).pdf,11652720,11.1 MB,.pdf,2020-03-19 20:21:32
drive-download-20250116T171806Z-001/Humayun Ahmed  256/Mrinmoyir Mon Valo Nei by Humayun Ahmed (BDeBooks.Com).pdf,8669311,8.3 MB,.pdf,2020-03-19 19:20:08
drive-download-20250116T171806Z-001/Humayun Ahmed  256/Muktijuddher Uponnash Samagra Humayun Ahmed (BDeBooks.Com).pdf,10616010,10.1 MB,.pdf,2020-03-19 19:39:02
drive-download-20250116T171806Z-001/Humayun Ahmed  256/Nabani by Humayun Ahmed [BDeBooks.Com] (BDeBooks.Com).pdf,12181264,11.6 MB,.pdf,2020-03-19 19:08:56
drive-download-20250116T171806Z-001/Humayun Ahmed  256/Nalini Babu BSc by Humayun Ahmed (BDeBooks.Com).pdf,6643388,6.3 MB,.pdf,2020-03-19 20:18:22
drive-download-20250116T171806Z-001/Humayun Ahmed  256/Nee By Humayun Ahmed (BDeBooks.Com).pdf,13228750,12.6 MB,.pdf,2020-03-19 21:08:12
drive-download-20250116T171806Z-001/Humayun Ahmed  256/Neel Hati By Humayun Ahmed (BDeBooks.Com).pdf,846708,826.9 KB,.pdf,2020-03-19 20:17:38
drive-download-20250116T171806Z-001/Humayun Ahmed  256/Neel Manush By Humayun Ahmed (BDeBooks.Com).pdf,7257118,6.9 MB,.pdf,2020-03-19 20:40:00
drive-download-20250116T171806Z-001/Humayun Ahmed  256/Neel Oporajita By Humayun Ahmed (BDeBooks.Com).pdf,13583993,13.0 MB,.pdf,2020-03-19 20:23:50
drive-download-20250116T171806Z-001/Humayun Ahmed  256/New York Er Nil Akashe Jhokjhoke Rod by Humayun Ahmed (BDeBooks.Com).pdf,1704723,1.6 MB,.pdf,2020-03-19 19:32:30
drive-download-20250116T171806Z-001/Humayun Ahmed  256/Newtoner Bhul Shutro by Humayun Ahmed (BDeBooks.Com).pdf,2377783,2.3 MB,.pdf,2020-03-19 20:35:00
drive-download-20250116T171806Z-001/Humayun Ahmed  256/Nimoddhoma by Humayun Ahmed (BDeBooks.Com).pdf,559371,546.3 KB,.pdf,2020-03-19 20:35:30
drive-download-20250116T171806Z-001/Humayun Ahmed  256/Nirbachito Vuter Golpo by Humayun Ahmed (BDeBooks.Com).pdf,10988726,10.5 MB,.pdf,2020-03-19 19:23:46
drive-download-20250116T171806Z-001/Humayun Ahmed  256/Nirbason by Humayun Ahmed (BDeBooks.Com).pdf,3252761,3.1 MB,.pdf,2020-03-19 20:19:18
drive-download-20250116T171806Z-001/Humayun Ahmed  256/Nishad By Humayun Ahmed (BDeBooks.Com).pdf,7751430,7.4 MB,.pdf,2020-03-19 21:41:16
drive-download-20250116T171806Z-001/Humayun Ahmed  256/Nishithini By Humayun Ahmed (BDeBooks.Com).pdf,11251909,10.7 MB,.pdf,2020-03-19 21:42:38
drive-download-20250116T171806Z-001/Humayun Ahmed  256/Nokkhotrer Raat by Humayun Ahmed (BDeBooks.Com).pdf,5670336,5.4 MB,.pdf,2020-03-19 21:04:20
drive-download-20250116T171806Z-001/Humayun Ahmed  256/Nondito Noroke By Humayun Ahmed (BDeBooks.Com).pdf,8697722,8.3 MB,.pdf,2020-03-19 21:10:02
drive-download-20250116T171806Z-001/Humayun Ahmed  256/Nripoti by Humayun Ahmed (BDeBooks.Com).pdf,1363178,1.3 MB,.pdf,2020-03-19 21:05:06
drive-download-20250116T171806Z-001/Humayun Ahmed  256/Omanush by Humayun Ahmed (BDeBooks.Com).pdf,4911123,4.7 MB,.pdf,2020-03-19 21:01:54
drive-download-20250116T171806Z-001/Humayun Ahmed  256/Omega Point By Humayun Ahmed (BDeBooks.Com).pdf,5694952,5.4 MB,.pdf,2020-03-19 21:02:50
drive-download-20250116T171806Z-001/Humayun Ahmed  256/Onil Bagchir Ekdin by Humayun Ahmed (BDeBooks.Com).pdf,3665590,3.5 MB,.pdf,2020-03-19 20:43:12
drive-download-20250116T171806Z-001/Humayun Ahmed  256/Onish By Humayun Ahmed (BDeBooks.Com).pdf,4562565,4.4 MB,.pdf,2020-03-19 21:13:24
drive-download-20250116T171806Z-001/Humayun Ahmed  256/Onnodin by Humayun Ahmed (BDeBooks.Com).pdf,4021701,3.8 MB,.pdf,2020-03-19 19:31:52
drive-download-20250116T171806Z-001/Humayun Ahmed  256/Opekkha by Humayun Ahmed [BDeBooks.Com] (BDeBooks.Com).pdf,4785531,4.6 MB,.pdf,2020-03-19 19:10:14
drive-download-20250116T171806Z-001/Humayun Ahmed  256/Oronno by Humayun Ahmed (BDeBooks.Com).pdf,3618196,3.5 MB,.pdf,2020-03-19 19:31:30
drive-download-20250116T171806Z-001/Humayun Ahmed  256/Pakhi Amar Ekla Pakhi Humayun Ahmed (BDeBooks.Com).pdf,8232365,7.9 MB,.pdf,2020-03-19 19:55:50
drive-download-20250116T171806Z-001/Humayun Ahmed  256/Pap by Humayun Ahmed (BDeBooks.Com).pdf,1108187,1.1 MB,.pdf,2020-03-19 19:24:08
drive-download-20250116T171806Z-001/Humayun Ahmed  256/Parapar By Humayun Ahmed [1993] [BDeBooks.Com].pdf,9553660,9.1 MB,.pdf,2020-03-19 21:14:06
drive-download-20250116T171806Z-001/Humayun Ahmed  256/Parul O Tinti Kukur By Humayun Ahmed (BDeBooks.Com).pdf,12824321,12.2 MB,.pdf,2020-03-19 20:27:28
drive-download-20250116T171806Z-001/Humayun Ahmed  256/Payer Tolay Khorom by Humayun Ahmed (BDeBooks.Com).pdf,6130994,5.8 MB,.pdf,2020-03-19 20:32:34
drive-download-20250116T171806Z-001/Humayun Ahmed  256/Pencile Aka Pori By Humayun Ahmed (BDeBooks.Com).pdf,3680978,3.5 MB,.pdf,2020-03-19 19:16:04
drive-download-20250116T171806Z-001/Humayun Ahmed  256/Pipli Begum by Humayun Ahmed (BDeBooks.Com).pdf,3687660,3.5 MB,.pdf,2020-03-19 20:52:56
drive-download-20250116T171806Z-001/Humayun Ahmed  256/Poka by Humayun Ahmed (BDeBooks.Com).pdf,6269663,6.0 MB,.pdf,2020-03-19 20:26:42
drive-download-20250116T171806Z-001/Humayun Ahmed  256/Ponchokonna By Humayun Ahmed (BDeBooks.Com).pdf,14900893,14.2 MB,.pdf,2020-03-19 19:50:26
drive-download-20250116T171806Z-001/Humayun Ahmed  256/Poresher Hoilda Bari by Humayun Ahmed (BDeBooks.Com).pdf,249127,243.3 KB,.pdf,2020-03-19 20:36:04
drive-download-20250116T171806Z-001/Humayun Ahmed  256/Premer Golpo By Humayun Ahmed (BDeBooks.Com).pdf,7899841,7.5 MB,.pdf,2020-03-19 19:45:28
drive-download-20250116T171806Z-001/Humayun Ahmed  256/Prio Bhoyonkor By Humayun Ahmed (BDeBooks.Com).pdf,62554377,59.7 MB,.pdf,2020-03-19 19:55:00
drive-download-20250116T171806Z-001/Humayun Ahmed  256/Prio Podorekha By Humayun Ahmed (BDeBooks.Com).pdf,8437259,8.0 MB,.pdf,2020-03-19 19:53:56
drive-download-20250116T171806Z-001/Humayun Ahmed  256/Priyotomeshu by Humayun Ahmed (BDeBooks.Com).pdf,2313304,2.2 MB,.pdf,2020-03-19 19:19:26
drive-download-20250116T171806Z-001/Humayun Ahmed  256/Prothom Prohor By Humayun Ahmed (BDeBooks.Com).pdf,2723746,2.6 MB,.pdf,2020-03-19 19:49:12
drive-download-20250116T171806Z-001/Humayun Ahmed  256/Pufi By Humayun Ahmed (BDeBooks.Com).pdf,6177060,5.9 MB,.pdf,2020-03-19 21:13:12
drive-download-20250116T171806Z-001/Humayun Ahmed  256/Putul By Humayun Ahmed (BDeBooks.Com).pdf,775650,757.5 KB,.pdf,2020-03-19 20:27:32
drive-download-20250116T171806Z-001/Humayun Ahmed  256/Raboner Deshe Ami Ebong Amra Humayun Ahmed (BDeBooks.Com).pdf,11565256,11.0 MB,.pdf,2020-03-19 20:19:58
drive-download-20250116T171806Z-001/Humayun Ahmed  256/Rakkhosh Khokkosh Ebong Bhokkosh Humayun Ahmed (BDeBooks.Com).pdf,6300079,6.0 MB,.pdf,2020-03-19 20:47:28
drive-download-20250116T171806Z-001/Humayun Ahmed  256/Rodon Vora E Bosonto By Humayun Ahmed (BDeBooks.Com).pdf,3182772,3.0 MB,.pdf,2020-03-19 20:27:28
drive-download-20250116T171806Z-001/Humayun Ahmed  256/Rong Pencil By Humayun Ahmed (BDeBooks.Com).pdf,506519,494.6 KB,.pdf,2020-03-19 20:27:08
drive-download-20250116T171806Z-001/Humayun Ahmed  256/Ros Kos Singara Bulbuli Mostok by Humayun Ahmed (BDeBooks.Com).pdf,4546759,4.3 MB,.pdf,2020-03-19 19:21:54
drive-download-20250116T171806Z-001/Humayun Ahmed  256/Rumali by Humayun Ahmed (BDeBooks.Com).pdf,7655645,7.3 MB,.pdf,2020-03-19 19:23:26
drive-download-20250116T171806Z-001/Humayun Ahmed  256/Rupa By Humayun Ahmed (BDeBooks.Com).pdf,8254049,7.9 MB,.pdf,2020-03-19 20:53:32
drive-download-20250116T171806Z-001/Humayun Ahmed  256/Rupali Dip By Humayun Ahmed [BDeBooks.Com].pdf,7856111,7.5 MB,.pdf,2020-03-19 21:24:50
drive-download-20250116T171806Z-001/Humayun Ahmed  256/Rupar Palonko by Humayun Ahmed (BDeBooks.Com).pdf,1955828,1.9 MB,.pdf,2020-03-19 20:32:08
drive-download-20250116T171806Z-001/Humayun Ahmed  256/Sajghor by Humayun Ahmed (BDeBooks.Com).pdf,9370738,8.9 MB,.pdf,2020-03-19 21:06:48
drive-download-20250116T171806Z-001/Humayun Ahmed  256/Sanaullar Mohabipod By Humayun Ahmed (BDeBooks.Com).pdf,7118014,6.8 MB,.pdf,2020-03-19 20:28:18
drive-download-20250116T171806Z-001/Humayun Ahmed  256/Science Fiction Samagra 01 Humayun Ahmed (BDeBooks.Com).pdf,15518423,14.8 MB,.pdf,2020-03-19 19:47:34
drive-download-20250116T171806Z-001/Humayun Ahmed  256/Science Fiction Samagra 02 Humayun Ahmed (BDeBooks.Com).pdf,11443645,10.9 MB,.pdf,2020-03-19 19:53:36
drive-download-20250116T171806Z-001/Humayun Ahmed  256/science-fiction-samogro-03-by-humayun-ahmed.pdf,10655364,10.2 MB,.pdf,2020-03-19 19:48:48
drive-download-20250116T171806Z-001/Humayun Ahmed  256/Se Ashe Dhire By Humayun Ahmed [2003] [BDeBooks.Com].pdf,7549212,7.2 MB,.pdf,2020-03-19 21:23:08
drive-download-20250116T171806Z-001/Humayun Ahmed  256/Se O Nortoki By Humayun Ahmed (BDeBooks.Com).pdf,1548906,1.5 MB,.pdf,2020-03-19 20:02:46
drive-download-20250116T171806Z-001/Humayun Ahmed  256/Sedin Chaitramas by Humayun Ahmed .pdf,5735903,5.5 MB,.pdf,2020-03-19 20:24:28
drive-download-20250116T171806Z-001/Humayun Ahmed  256/Shamol Chaya by Humayun Ahmed (BDeBooks.Com)_2.pdf,2479545,2.4 MB,.pdf,2020-03-19 20:30:28
drive-download-20250116T171806Z-001/Humayun Ahmed  256/Shonkhonil Karagar By Humayun Ahmed (BDeBooks.Com).pdf,7640883,7.3 MB,.pdf,2020-03-19 21:39:32
drive-download-20250116T171806Z-001/Humayun Ahmed  256/Shourov By Humayun Ahmed (BDeBooks.Com).pdf,4344410,4.1 MB,.pdf,2020-03-19 21:07:46
drive-download-20250116T171806Z-001/Humayun Ahmed  256/Shunno by Humayun Ahmed (BDeBooks.Com).pdf,6009324,5.7 MB,.pdf,2020-03-19 21:03:10
drive-download-20250116T171806Z-001/Humayun Ahmed  256/Shuvro by Humayun Ahmed [BDeBooks.Com].pdf,13299578,12.7 MB,.pdf,2020-03-19 21:22:04
drive-download-20250116T171806Z-001/Humayun Ahmed  256/Shuvro Geche Bone by Humayun Ahmed [BDeBooks.Com].pdf,9212260,8.8 MB,.pdf,2020-03-19 21:10:38
drive-download-20250116T171806Z-001/Humayun Ahmed  256/Shuvro Samagra By Humayun Ahmed [BDeBooks.Com].pdf,24147218,23.0 MB,.pdf,2020-03-19 19:56:10
drive-download-20250116T171806Z-001/Humayun Ahmed  256/Sobai Geche Bone By Humayun Ahmed (BDeBooks.Com).pdf,6110365,5.8 MB,.pdf,2020-03-19 20:01:36
drive-download-20250116T171806Z-001/Humayun Ahmed  256/Sokol Kata Dhonno Kore by Humayun Ahmed (BDeBooks.Com).pdf,22695254,21.6 MB,.pdf,2020-03-19 19:23:04
drive-download-20250116T171806Z-001/Humayun Ahmed  256/Somporko by Humayun Ahmed (BDeBooks.Com).pdf,480366,469.1 KB,.pdf,2020-03-19 20:36:18
drive-download-20250116T171806Z-001/Humayun Ahmed  256/Somrat by Humayun Ahmed (BDeBooks.Com).pdf,12238598,11.7 MB,.pdf,2020-03-19 19:23:28
drive-download-20250116T171806Z-001/Humayun Ahmed  256/Srabon Megher Din by Humayun Ahmed (BDeBooks.Com).pdf,9308765,8.9 MB,.pdf,2020-03-19 21:05:02
drive-download-20250116T171806Z-001/Humayun Ahmed  256/Surjer Din By Humayun Ahmed (BDeBooks.Com).pdf,1935012,1.8 MB,.pdf,2020-03-19 19:23:56
drive-download-20250116T171806Z-001/Humayun Ahmed  256/Swapna O Annayanna By Humayun Ahmed (BDeBooks.Com).pdf,23429183,22.3 MB,.pdf,2020-03-19 19:51:08
drive-download-20250116T171806Z-001/Humayun Ahmed  256/Tahara by Humayun Ahmed (BDeBooks.Com).pdf,463315,452.5 KB,.pdf,2020-03-19 20:36:32
drive-download-20250116T171806Z-001/Humayun Ahmed  256/Tara Tin Jon Humayun Ahmed (BDeBooks.Com).pdf,7290433,7.0 MB,.pdf,2020-03-19 20:37:56
drive-download-20250116T171806Z-001/Humayun Ahmed  256/Tetul Bone Jochna by Humayun Ahmed (BDeBooks.Com).pdf,14792769,14.1 MB,.pdf,2020-03-19 21:18:42
drive-download-20250116T171806Z-001/Humayun Ahmed  256/The Exorcist by Humayun Ahmed (BDeBooks.Com).pdf,10469106,10.0 MB,.pdf,2020-03-19 20:03:28
drive-download-20250116T171806Z-001/Humayun Ahmed  256/Tin Doblew By Humayun Ahmed (BDeBooks.Com).pdf,2333764,2.2 MB,.pdf,2020-03-19 19:32:44
drive-download-20250116T171806Z-001/Humayun Ahmed  256/Tithir Neel Toyale By Humayun Ahmed (BDeBooks.Com).pdf,8977017,8.6 MB,.pdf,2020-03-19 20:52:46
drive-download-20250116T171806Z-001/Humayun Ahmed  256/Tomader Ei Nogore By Humayun Ahmed [2000] [BDeBooks.Com].pdf,5361455,5.1 MB,.pdf,2020-03-19 21:30:54
drive-download-20250116T171806Z-001/Humayun Ahmed  256/Tomader Jonno Valobasha By Humayun Ahmed (BDeBooks.Com).pdf,11984946,11.4 MB,.pdf,2020-03-19 20:37:30
drive-download-20250116T171806Z-001/Humayun Ahmed  256/Tomake by Humayun Ahmed (BDeBooks.Com).pdf,6677903,6.4 MB,.pdf,2020-03-19 19:23:08
drive-download-20250116T171806Z-001/Humayun Ahmed  256/Tondrabilas By Humayun Ahmed (BDeBooks.Com).pdf,5970074,5.7 MB,.pdf,2020-03-19 21:34:10
drive-download-20250116T171806Z-001/Humayun Ahmed  256/Tumi Amay Dekechile Chutir Nimontrone Humayun Ahmed (BDeBooks.Com).pdf,2451926,2.3 MB,.pdf,2020-03-19 20:39:06
drive-download-20250116T171806Z-001/Humayun Ahmed  256/Uralponkhi by Humayun Ahmed (BDeBooks.Com).pdf,5084829,4.8 MB,.pdf,2020-03-19 19:19:48
drive-download-20250116T171806Z-001/Humayun Ahmed  256/Uthon Periye Dui Paa by Humayun Ahmed (BDeBooks.Com).pdf,13268452,12.7 MB,.pdf,2020-03-19 19:54:22
drive-download-20250116T171806Z-001/Humayun Ahmed  256/Voyonkor Vuture By Humayun Ahmed (BDeBooks.Com).pdf,1722751,1.6 MB,.pdf,2020-03-19 19:17:40
drive-download-20250116T171806Z-001/Humayun Azad 21/Amar Abiswas by Humayun Azad (BDeBooks.Com).pdf,7136510,6.8 MB,.pdf,2020-04-20 18:01:52
drive-download-20250116T171806Z-001/Humayun Azad 21/Amra ki ei Bangladesh cheyechilam by Humayun Azad (BDeBooks.Com).pdf,6139719,5.9 MB,.pdf,2020-04-20 18:09:54
drive-download-20250116T171806Z-001/Humayun Azad 21/Book Pokete Jonaki Poka by Humayun Azad (BDeBooks.Com).pdf,3682571,3.5 MB,.pdf,2020-04-20 18:06:16
drive-download-20250116T171806Z-001/Humayun Azad 21/Chappanno Hajar Borgomile By Humayun Azad (BDeBooks.Com).pdf,11739632,11.2 MB,.pdf,2020-04-20 18:27:38
drive-download-20250116T171806Z-001/Humayun Azad 21/Dhormanuvutir Upokotha by Humayun Azad (BDeBooks.Com).pdf,252052,246.1 KB,.pdf,2020-04-20 18:09:10
drive-download-20250116T171806Z-001/Humayun Azad 21/Dwitiya Linga (Ditio Lingo) – Humayun Azad (BDeBooks.Com).pdf,15582356,14.9 MB,.pdf,2020-04-20 18:01:44
drive-download-20250116T171806Z-001/Humayun Azad 21/Fali Fali Kore Kata Chand by Humayun Azad (BDeBooks.Com).pdf,9905132,9.4 MB,.pdf,2020-04-20 18:04:38
drive-download-20250116T171806Z-001/Humayun Azad 21/Jolpay Ronger Andhokar by Humayun Azad (BDeBooks.Com).pdf,4859395,4.6 MB,.pdf,2020-04-20 18:00:08
drive-download-20250116T171806Z-001/Humayun Azad 21/Kabbyasangraha by Humayun Azad (BDeBooks.Com).pdf,7388900,7.0 MB,.pdf,2020-04-20 18:07:06
drive-download-20250116T171806Z-001/Humayun Azad 21/Kato Nadi Sharobar Ba Bangla Bhashar Jiboni (BDeBooks.Com).pdf,4490548,4.3 MB,.pdf,2020-04-20 18:05:36
drive-download-20250116T171806Z-001/Humayun Azad 21/Kobi Othoba Dondito Opurush by Humayun Azad (BDeBooks.Com).pdf,13374219,12.8 MB,.pdf,2020-04-20 18:05:18
drive-download-20250116T171806Z-001/Humayun Azad 21/Lal Nil Dipabali By Humayun Azad (BDeBooks.Com).pdf,4283030,4.1 MB,.pdf,2020-04-20 18:06:36
drive-download-20250116T171806Z-001/Humayun Azad 21/Matal Toroni by Humayun Azad (BDeBooks.Com).pdf,4183357,4.0 MB,.pdf,2020-04-20 18:09:08
drive-download-20250116T171806Z-001/Humayun Azad 21/Mukhomukhi by Humayun Azad (BDeBooks.Com).pdf,231346,225.9 KB,.pdf,2020-04-20 18:08:36
drive-download-20250116T171806Z-001/Humayun Azad 21/Nari by Humayun Azad (BDeBooks.Com).pdf,28187833,26.9 MB,.pdf,2020-04-20 18:11:16
drive-download-20250116T171806Z-001/Humayun Azad 21/Pak Sar Jomin Sad Bad By Humayun Azad (BDeBooks.Com).pdf,12175897,11.6 MB,.pdf,2020-04-20 18:03:34
drive-download-20250116T171806Z-001/Humayun Azad 21/Probochon Guccho by Humayun Azad (BDeBooks.Com).pdf,4077978,3.9 MB,.pdf,2020-04-20 18:07:58
drive-download-20250116T171806Z-001/Humayun Azad 21/Rajnitibidgon by Humayun Azad (BDeBooks.Com).pdf,35967080,34.3 MB,.pdf,2020-04-20 18:04:28
drive-download-20250116T171806Z-001/Humayun Azad 21/Shimaboddhotar Shutro by Humayun Azad  (BDeBooks.Com).pdf,6528131,6.2 MB,.pdf,2020-04-20 17:59:02
drive-download-20250116T171806Z-001/Humayun Azad 21/Shubhabrata O Tar Shomporkito Sushamachar (BDeBooks.Com).pdf,11214906,10.7 MB,.pdf,2020-04-20 18:07:40
drive-download-20250116T171806Z-001/Humayun Azad 21/Sob kichhu Bhenge Pore by Humayun Azad (BDeBooks.Com).pdf,12280557,11.7 MB,.pdf,2020-04-20 18:00:10
drive-download-20250116T171806Z-001/Imdadul Haq Milon 31/Akanto by Imdadul Haq Milon (BDeBooks.Com).pdf,8655815,8.3 MB,.pdf,2020-04-10 15:21:46
drive-download-20250116T171806Z-001/Imdadul Haq Milon 31/Asole Ki Ghotechilo By Imdadul Haq Milon (BDeBooks.Com).pdf,139868,136.6 KB,.pdf,2020-04-10 15:17:22
drive-download-20250116T171806Z-001/Imdadul Haq Milon 31/Bhut Gulo Khub Dusto Chilo Imdadul Haq Milon (BDeBooks.Com).pdf,2264903,2.2 MB,.pdf,2020-04-10 15:19:38
drive-download-20250116T171806Z-001/Imdadul Haq Milon 31/Chai By Imdadul Haq Milon (BDeBooks.Com).pdf,14785969,14.1 MB,.pdf,2020-04-10 15:17:14
drive-download-20250116T171806Z-001/Imdadul Haq Milon 31/Dinguli By Imdadul Haq Milon (BDeBooks.Com).pdf,7983893,7.6 MB,.pdf,2020-04-10 15:16:26
drive-download-20250116T171806Z-001/Imdadul Haq Milon 31/Dui Muktijuddah By Imdadul Haq Milon (BDeBooks.Com).pdf,318117,310.7 KB,.pdf,2020-04-10 15:18:22
drive-download-20250116T171806Z-001/Imdadul Haq Milon 31/Dujone By Imdadul Haq Milon (BDeBooks.Com).pdf,2012111,1.9 MB,.pdf,2020-04-10 15:15:54
drive-download-20250116T171806Z-001/Imdadul Haq Milon 31/Gopone by Imdadul Haq Milon (BDeBooks.Com).pdf,676639,660.8 KB,.pdf,2020-04-10 15:20:00
drive-download-20250116T171806Z-001/Imdadul Haq Milon 31/Kalakal By Imdadul Haq Milon (BDeBooks.Com).pdf,7622114,7.3 MB,.pdf,2020-04-10 15:20:02
drive-download-20250116T171806Z-001/Imdadul Haq Milon 31/Kishori by Imdadul Haq Milon (BDeBooks.Com).pdf,14160362,13.5 MB,.pdf,2020-04-10 15:21:46
drive-download-20250116T171806Z-001/Imdadul Haq Milon 31/Kotha chilo By Imdadul Haq Milon (BDeBooks.Com).pdf,14656869,14.0 MB,.pdf,2020-04-10 15:16:16
drive-download-20250116T171806Z-001/Imdadul Haq Milon 31/Milon Hobe Koto Dine By Imdadul Haq Milon (BDeBooks.Com).pdf,5698433,5.4 MB,.pdf,2020-04-10 15:15:10
drive-download-20250116T171806Z-001/Imdadul Haq Milon 31/Mon Chuye Jay Valobasha By Imdadul Haq Milon (BDeBooks.Com).pdf,1923376,1.8 MB,.pdf,2020-04-10 15:14:50
drive-download-20250116T171806Z-001/Imdadul Haq Milon 31/Nam Rekhechi Valobasa By Imdadul Haq Milon (BDeBooks.Com).pdf,11054933,10.5 MB,.pdf,2020-04-10 15:14:54
drive-download-20250116T171806Z-001/Imdadul Haq Milon 31/Nirbachito Premer Golpo By Imdadul Haq Milon (BDeBooks.Com).pdf,13274908,12.7 MB,.pdf,2020-04-10 15:14:12
"drive-download-20250116T171806Z-001/Imdadul Haq Milon 31/Nurjahan Part 01, 02 & 03 by Imdadul Haque Milon [BDeBooks.Com] (BDeBooks.Com).pdf",36869557,35.2 MB,.pdf,2020-04-10 15:23:36
drive-download-20250116T171806Z-001/Imdadul Haq Milon 31/O Amar Chader Alo By Imdadul Haq Milon (BDeBooks.Com).pdf,2237567,2.1 MB,.pdf,2020-04-10 15:13:26
drive-download-20250116T171806Z-001/Imdadul Haq Milon 31/Onek Kotha Bolar Chilo By Imdadul Haq Milon (BDeBooks.Com).pdf,4457280,4.3 MB,.pdf,2020-04-10 15:13:00
drive-download-20250116T171806Z-001/Imdadul Haq Milon 31/Poristhan By Imdadul Haq Milon (BDeBooks.Com).pdf,3607373,3.4 MB,.pdf,2020-04-10 15:12:44
drive-download-20250116T171806Z-001/Imdadul Haq Milon 31/Preme Porar Somoy By Imdadul Haq Milon (BDeBooks.Com).pdf,341611,333.6 KB,.pdf,2020-04-10 15:20:14
drive-download-20250116T171806Z-001/Imdadul Haq Milon 31/Prio Humayun Ahmed By Imdadul Haq Milon (BDeBooks.Com).pdf,31481552,30.0 MB,.pdf,2020-04-10 15:20:02
drive-download-20250116T171806Z-001/Imdadul Haq Milon 31/Priyo Sohochor by Imdadul Haq Milon (BDeBooks.Com).pdf,422956,413.0 KB,.pdf,2020-04-10 15:20:48
drive-download-20250116T171806Z-001/Imdadul Haq Milon 31/Priyojon By Imdadul Haq Milon (BDeBooks.Com).pdf,3858236,3.7 MB,.pdf,2020-04-10 15:12:34
drive-download-20250116T171806Z-001/Imdadul Haq Milon 31/Satjoner Dol By Imdadul Haq Milon (BDeBooks.Com).pdf,5530335,5.3 MB,.pdf,2020-04-10 15:12:12
drive-download-20250116T171806Z-001/Imdadul Haq Milon 31/She Bhalobashe Naki Bashe Na by Imdadul Haq Milon (BDeBooks.Com).pdf,271339,265.0 KB,.pdf,2020-04-10 15:20:00
drive-download-20250116T171806Z-001/Imdadul Haq Milon 31/Shrabon Shondhatuku By Imdadul Haq Milon (BDeBooks.Com).pdf,2111728,2.0 MB,.pdf,2020-04-10 15:11:46
drive-download-20250116T171806Z-001/Imdadul Haq Milon 31/Uponayok by Imdadul Haq Milon (BDeBooks.Com).pdf,6462105,6.2 MB,.pdf,2020-04-10 15:22:20
drive-download-20250116T171806Z-001/Imdadul Haq Milon 31/Valobasar Sukh Dukkho By Imdadul Haq Milon (BDeBooks.Com).pdf,5571265,5.3 MB,.pdf,2020-04-10 15:11:34
drive-download-20250116T171806Z-001/Imdadul Haq Milon 31/Vul By Imdadul Haq Milon (BDeBooks.Com).pdf,8661789,8.3 MB,.pdf,2020-04-10 15:11:18
drive-download-20250116T171806Z-001/Imdadul Haq Milon 31/Vuter Nam Romakanto Kamar Imdadul Haq Milon (BDeBooks.Com).pdf,6505912,6.2 MB,.pdf,2020-04-10 15:19:56
drive-download-20250116T171806Z-001/Imdadul Haq Milon 31/Vutgach By Imdadul Haq Milon (BDeBooks.Com).pdf,2044940,2.0 MB,.pdf,2020-04-10 15:16:48
drive-download-20250116T171806Z-001/Jahanara Imam 1/Ekattorer Dinguli By Jahanara Imam (BDeBooks.Com).pdf,2787565,2.7 MB,.pdf,2020-04-20 18:45:12
drive-download-20250116T171806Z-001/Jasimuddin 7/Bangalir Hasir Golpo-1 By Jasimuddin (BDeBooks.Com).pdf,5601886,5.3 MB,.pdf,2020-04-25 03:12:10
drive-download-20250116T171806Z-001/Jasimuddin 7/Bangalir Hasir Golpo-2 By Jasimuddin (BDeBooks.Com).pdf,3672247,3.5 MB,.pdf,2020-04-25 03:12:22
drive-download-20250116T171806Z-001/Jasimuddin 7/Kobor By Jasimuddin (BDeBooks.Com).pdf,1035760,1011.5 KB,.pdf,2020-04-25 03:11:24
drive-download-20250116T171806Z-001/Jasimuddin 7/Nakshi Kanthar Math By Jasimuddin (BDeBooks.Com).pdf,7247640,6.9 MB,.pdf,2020-04-25 03:11:16
drive-download-20250116T171806Z-001/Jasimuddin 7/Rakhali Gaan By Jasimuddin (BDeBooks.Com).pdf,866017,845.7 KB,.pdf,2020-04-25 03:10:46
drive-download-20250116T171806Z-001/Jasimuddin 7/Shreshtho Kobita By Jasimuddin (BDeBooks.Com).pdf,3124378,3.0 MB,.pdf,2020-04-25 03:12:30
drive-download-20250116T171806Z-001/Jasimuddin 7/Thakur Barir Anginai By Jasimuddin  (BDeBooks.Com).pdf,14079507,13.4 MB,.pdf,2020-04-25 03:10:56
drive-download-20250116T171806Z-001/Jibanananda Das 6/Banalata Sen By Jibanananda Das (BDeBooks.Com).pdf,4581577,4.4 MB,.pdf,2020-05-05 16:46:28
drive-download-20250116T171806Z-001/Jibanananda Das 6/Jhora Palok By Jibanananda Das (BDeBooks.Com).pdf,1750668,1.7 MB,.pdf,2020-05-05 16:46:34
drive-download-20250116T171806Z-001/Jibanananda Das 6/Jibanananda Rachanabali By Jibanananda Das (BDeBooks.Com).pdf,3094250,3.0 MB,.pdf,2020-05-05 16:47:42
drive-download-20250116T171806Z-001/Jibanananda Das 6/Ruposhi Bangla By Jibanananda Das (BDeBooks.Com).pdf,939524,917.5 KB,.pdf,2020-05-05 16:45:58
drive-download-20250116T171806Z-001/Jibanananda Das 6/Satti Tarar Timir By Jibanananda Das (BDeBooks.Com).pdf,1950319,1.9 MB,.pdf,2020-05-05 16:46:48
drive-download-20250116T171806Z-001/Jibanananda Das 6/Shreshtho Kobita By Jibanananda Das (BDeBooks.Com).pdf,8636445,8.2 MB,.pdf,2020-05-05 16:47:42
drive-download-20250116T171806Z-001/Kaliprasanna Singha 15/Hutom Pechar Naksha By Kaliprasanna Singha (BDeBooks.Com).pdf,13192316,12.6 MB,.pdf,2020-09-20 11:29:58
drive-download-20250116T171806Z-001/Kaliprasanna Singha 15/Mahabharat vol.01 - Adiparba.pdf,59389124,56.6 MB,.pdf,2020-09-20 11:41:10
drive-download-20250116T171806Z-001/Kaliprasanna Singha 15/Mahabharat vol.02 - Sabhaparba.pdf,17455548,16.6 MB,.pdf,2020-09-20 11:31:50
drive-download-20250116T171806Z-001/Kaliprasanna Singha 15/Mahabharat vol.03 - BanParba.pdf,76730170,73.2 MB,.pdf,2020-09-20 11:44:28
drive-download-20250116T171806Z-001/Kaliprasanna Singha 15/Mahabharat vol.04 - BiratParba.pdf,14587062,13.9 MB,.pdf,2020-09-20 11:33:42
drive-download-20250116T171806Z-001/Kaliprasanna Singha 15/Mahabharat vol.05 - UddogParba.pdf,43589348,41.6 MB,.pdf,2020-09-20 11:41:44
drive-download-20250116T171806Z-001/Kaliprasanna Singha 15/Mahabharat vol.06 - BhishmaParba.pdf,22808321,21.8 MB,.pdf,2020-09-20 11:37:40
drive-download-20250116T171806Z-001/Kaliprasanna Singha 15/Mahabharat vol.07 - DronaParba.pdf,55033843,52.5 MB,.pdf,2020-09-20 11:43:36
drive-download-20250116T171806Z-001/Kaliprasanna Singha 15/Mahabharat vol.08 - KarnaParba.pdf,28814358,27.5 MB,.pdf,2020-09-20 11:44:34
drive-download-20250116T171806Z-001/Kaliprasanna Singha 15/Mahabharat vol.09 - ShalyaParba.pdf,18393163,17.5 MB,.pdf,2020-09-20 11:38:14
drive-download-20250116T171806Z-001/Kaliprasanna Singha 15/Mahabharat vol.10 - SauptikParba.pdf,4207522,4.0 MB,.pdf,2020-09-20 11:36:04
drive-download-20250116T171806Z-001/Kaliprasanna Singha 15/Mahabharat vol.11 - StriParba.pdf,4503271,4.3 MB,.pdf,2020-09-20 11:37:14
drive-download-20250116T171806Z-001/Kaliprasanna Singha 15/Mahabharat vol.12 - ShantiParba.pdf,84653362,80.7 MB,.pdf,2020-09-20 11:46:22
drive-download-20250116T171806Z-001/Kaliprasanna Singha 15/Mahabharat vol.13 - AnushasonParba.pdf,44235411,42.2 MB,.pdf,2020-09-20 11:42:16
drive-download-20250116T171806Z-001/Kaliprasanna Singha 15/Mahabharat vol.14-18.pdf,28321196,27.0 MB,.pdf,2020-09-20 11:40:46
drive-download-20250116T171806Z-001/Kasem Bin Abubakar 14/Aloukik Prem By Kasem bin Abubakar (BDeBooks.Com).pdf,21367857,20.4 MB,.pdf,2020-09-11 18:46:38
drive-download-20250116T171806Z-001/Kasem Bin Abubakar 14/Bashor Raat by Kasem Bin Abubakar (BDeBooks.Com).pdf,20503947,19.6 MB,.pdf,2020-09-11 18:45:40
drive-download-20250116T171806Z-001/Kasem Bin Abubakar 14/Biday Belay By Kasem bin Abubakar (BDeBooks.Com).pdf,17020061,16.2 MB,.pdf,2020-09-11 18:44:50
drive-download-20250116T171806Z-001/Kasem Bin Abubakar 14/Bideshi Mem By Kasem bin Abubakar (BDeBooks.Com).pdf,16016744,15.3 MB,.pdf,2020-09-11 18:44:06
drive-download-20250116T171806Z-001/Kasem Bin Abubakar 14/Futonto Golap by Kasem Bin Abubakar (BDeBooks.Com).pdf,8795711,8.4 MB,.pdf,2020-09-11 18:43:26
drive-download-20250116T171806Z-001/Kasem Bin Abubakar 14/Kankhito Jibon By Kasem bin Abubakar (BDeBooks.Com).pdf,21714754,20.7 MB,.pdf,2020-09-11 18:42:32
drive-download-20250116T171806Z-001/Kasem Bin Abubakar 14/Ki Pelam By Kasem bin Abubakar (BDeBooks.Com).pdf,21380240,20.4 MB,.pdf,2020-09-11 18:39:14
drive-download-20250116T171806Z-001/Kasem Bin Abubakar 14/Krondosi Priya by Kasem Bin Abubakar (BDeBooks.Com).pdf,17638936,16.8 MB,.pdf,2020-09-11 18:38:20
drive-download-20250116T171806Z-001/Kasem Bin Abubakar 14/Megher Kole Rod by Kasem Bin Abubakar (BDeBooks.Com).pdf,7992262,7.6 MB,.pdf,2020-09-11 18:37:18
drive-download-20250116T171806Z-001/Kasem Bin Abubakar 14/Obanchito Will by Kasem Bin Abubakar (BDeBooks.Com).pdf,24634557,23.5 MB,.pdf,2020-09-11 18:36:48
drive-download-20250116T171806Z-001/Kasem Bin Abubakar 14/Pahari Lolona By Kasem Bin Abubakar.pdf,4803743,4.6 MB,.pdf,2020-09-11 18:35:44
drive-download-20250116T171806Z-001/Kasem Bin Abubakar 14/Prem By Kasem Bin Abubakar (BDeBooks.Com).pdf,18083699,17.2 MB,.pdf,2020-09-11 18:35:18
drive-download-20250116T171806Z-001/Kasem Bin Abubakar 14/Se Kon Boner Horin By Kasem Bin Abu bakar (BDeBooks.Com).pdf,6860527,6.5 MB,.pdf,2020-09-11 18:34:32
drive-download-20250116T171806Z-001/Kasem Bin Abubakar 14/Shopne Dekha Sei Meyeti.pdf (BDeBooks.Com).pdf,14447093,13.8 MB,.pdf,2020-09-11 18:33:54
drive-download-20250116T171806Z-001/Masud rana  311/[002] Bharotnatyam (BDeBooks.Com).pdf,1646329,1.6 MB,.pdf,2020-04-13 17:51:08
drive-download-20250116T171806Z-001/Masud rana  311/[004] Dussahosik (BDeBooks.Com).pdf,2170815,2.1 MB,.pdf,2020-04-13 17:51:20
drive-download-20250116T171806Z-001/Masud rana  311/[005] Mrityur Sathe Panja (BDeBooks.Com).pdf,2786920,2.7 MB,.pdf,2020-04-13 17:51:32
drive-download-20250116T171806Z-001/Masud rana  311/[007] Masud Rana - Shotru Bhayongkar (BDeBooks.Com).pdf,9107173,8.7 MB,.pdf,2020-04-13 17:52:28
drive-download-20250116T171806Z-001/Masud rana  311/[008-009] Masud Rana - Sagar Sangam [Part i-ii] (BDeBooks.Com).pdf,6026854,5.7 MB,.pdf,2020-04-13 17:53:16
drive-download-20250116T171806Z-001/Masud rana  311/[011] Masud Rana - Bisshoron (BDeBooks.Com).pdf,9910981,9.5 MB,.pdf,2020-04-13 17:53:18
drive-download-20250116T171806Z-001/Masud rana  311/[012] Masud Rana - Ratnodwip (BDeBooks.Com).pdf,12328313,11.8 MB,.pdf,2020-04-13 17:56:42
drive-download-20250116T171806Z-001/Masud rana  311/[013-014] Masud Rana - Neel Atonko [Part i-ii] (BDeBooks.Com).pdf,5142733,4.9 MB,.pdf,2020-04-13 17:53:16
drive-download-20250116T171806Z-001/Masud rana  311/[015] Masud Rana - Cairo (BDeBooks.Com).pdf,2752533,2.6 MB,.pdf,2020-04-13 17:53:16
drive-download-20250116T171806Z-001/Masud rana  311/[016] Masud Rana - Mrityuprohor (BDeBooks.Com).pdf,8273271,7.9 MB,.pdf,2020-04-13 17:53:46
drive-download-20250116T171806Z-001/Masud rana  311/[017] Masud Rana - Gupto Chokro (BDeBooks.Com).pdf,4774994,4.6 MB,.pdf,2020-04-13 17:55:18
drive-download-20250116T171806Z-001/Masud rana  311/[018] Masud Rana - Mullo Ek Koti Taka Matro (BDeBooks.Com).pdf,3889417,3.7 MB,.pdf,2020-04-13 17:53:58
drive-download-20250116T171806Z-001/Masud rana  311/[020] Masud Rana - Jaal (BDeBooks.Com).pdf,2940075,2.8 MB,.pdf,2020-04-13 17:54:22
drive-download-20250116T171806Z-001/Masud rana  311/[021] Masud Rana - Atol Singhashon (BDeBooks.Com).pdf,2912586,2.8 MB,.pdf,2020-04-13 17:54:34
drive-download-20250116T171806Z-001/Masud rana  311/[022] Masud Rana - Mrityur Thikana (BDeBooks.Com).pdf,2189999,2.1 MB,.pdf,2020-04-13 17:54:58
drive-download-20250116T171806Z-001/Masud rana  311/[023] Masud Rana - Khapa Nortok (BDeBooks.Com).pdf,2854998,2.7 MB,.pdf,2020-04-13 17:54:50
drive-download-20250116T171806Z-001/Masud rana  311/[024] Masud Rana - Shoitaner Dut (BDeBooks.Com).pdf,2569060,2.5 MB,.pdf,2020-04-13 17:55:10
drive-download-20250116T171806Z-001/Masud rana  311/[025] Masud Rana - Ekhono Shorojontro (BDeBooks.Com).pdf,2513393,2.4 MB,.pdf,2020-04-13 17:55:14
drive-download-20250116T171806Z-001/Masud rana  311/[026] Masud Rana - Proman Koi (BDeBooks.Com).pdf,1959501,1.9 MB,.pdf,2020-04-13 17:55:20
drive-download-20250116T171806Z-001/Masud rana  311/[027-028] Masud Rana - Bipodjonok [Part i-ii] (BDeBooks.Com).pdf,14744513,14.1 MB,.pdf,2020-04-13 17:56:44
drive-download-20250116T171806Z-001/Masud rana  311/[029-030] Masud Rana - Rokter Rong [Part i-ii] (BDeBooks.Com).pdf,9047923,8.6 MB,.pdf,2020-04-13 17:56:50
drive-download-20250116T171806Z-001/Masud rana  311/[032] Masud Rana - Pishach Dwip (BDeBooks.Com).pdf,5626445,5.4 MB,.pdf,2020-04-13 17:58:20
drive-download-20250116T171806Z-001/Masud rana  311/[035-036] Masud Rana - Black Spider [Part i-ii] (BDeBooks.Com).pdf,14585828,13.9 MB,.pdf,2020-04-13 18:12:36
drive-download-20250116T171806Z-001/Masud rana  311/[037] Masud Rana - Guptahatya (BDeBooks.Com).pdf,3603992,3.4 MB,.pdf,2020-04-13 17:58:38
drive-download-20250116T171806Z-001/Masud rana  311/[038] Masud Rana - Teen Shatru (BDeBooks.Com).pdf,3651948,3.5 MB,.pdf,2020-04-13 17:59:02
drive-download-20250116T171806Z-001/Masud rana  311/[039-040] Masud Rana - Okosshat Shimanto [Part i-ii] (BDeBooks.Com).pdf,11138069,10.6 MB,.pdf,2020-04-13 18:01:08
drive-download-20250116T171806Z-001/Masud rana  311/[041] Masud Rana - Shotorko Shoitan (BDeBooks.Com).pdf,3896070,3.7 MB,.pdf,2020-04-13 17:59:42
drive-download-20250116T171806Z-001/Masud rana  311/[042-043] Masud Rana - Neel Chobi [Part i-ii] (BDeBooks.Com).pdf,11737907,11.2 MB,.pdf,2020-04-13 18:09:36
drive-download-20250116T171806Z-001/Masud rana  311/[044-045] Masud Rana - Probesh Nished [Part i-ii] (BDeBooks.Com).pdf,11190916,10.7 MB,.pdf,2020-04-13 18:10:04
drive-download-20250116T171806Z-001/Masud rana  311/[046] Masud Rana - Pagol Boigganik (BDeBooks.Com).pdf,7073668,6.7 MB,.pdf,2020-04-13 18:08:28
drive-download-20250116T171806Z-001/Masud rana  311/[047-048] Masud Rana - Espionage [Part i-ii] (BDeBooks.Com).pdf,8942286,8.5 MB,.pdf,2020-04-13 18:08:08
drive-download-20250116T171806Z-001/Masud rana  311/[050] Masud Rana - Hritkampon (BDeBooks.Com).pdf,4355950,4.2 MB,.pdf,2020-04-13 18:02:30
drive-download-20250116T171806Z-001/Masud rana  311/[051-052] Masud Rana - Protihingsha [Part i-ii] (BDeBooks.Com).pdf,11945243,11.4 MB,.pdf,2020-04-13 18:09:50
drive-download-20250116T171806Z-001/Masud rana  311/[053-054] Masud Rana - Hongkong Shamrat [Part i-ii] (BDeBooks.Com).pdf,9096969,8.7 MB,.pdf,2020-04-13 18:05:54
drive-download-20250116T171806Z-001/Masud rana  311/[056-057-058] Masud Rana - Biday Rana [Part i-ii-iii] (BDeBooks.Com).pdf,14833009,14.1 MB,.pdf,2020-04-13 18:09:24
drive-download-20250116T171806Z-001/Masud rana  311/[059-060] Masud Rana - Protidondi [Part i-ii] (BDeBooks.Com).pdf,8837211,8.4 MB,.pdf,2020-04-13 18:05:06
drive-download-20250116T171806Z-001/Masud rana  311/[061-062] Masud Rana - Akromon [Part i-ii] (BDeBooks.Com).pdf,14761175,14.1 MB,.pdf,2020-04-13 18:10:02
drive-download-20250116T171806Z-001/Masud rana  311/[063-064] Masud Rana - Grash [Part i-ii] (BDeBooks.Com).pdf,11260284,10.7 MB,.pdf,2020-04-13 18:12:30
drive-download-20250116T171806Z-001/Masud rana  311/[065-066] Masud Rana - Shwarnotori [Part i-ii] (BDeBooks.Com).pdf,6962782,6.6 MB,.pdf,2020-04-13 18:09:36
drive-download-20250116T171806Z-001/Masud rana  311/[067] Masud Rana - Poppy Bumerang (BDeBooks.Com).pdf,17056916,16.3 MB,.pdf,2020-04-13 18:12:20
drive-download-20250116T171806Z-001/Masud rana  311/[068-069] Masud Rana - Gipsy [Part i-ii] (BDeBooks.Com).pdf,15651376,14.9 MB,.pdf,2020-04-13 18:10:02
drive-download-20250116T171806Z-001/Masud rana  311/[070-071] Masud Rana - Amie Rana [Part i-ii] (BDeBooks.Com).pdf,15684475,15.0 MB,.pdf,2020-04-13 18:12:06
drive-download-20250116T171806Z-001/Masud rana  311/[072-073] Masud Rana - Sei U Sen [Part i-ii] (BDeBooks.Com).pdf,10940620,10.4 MB,.pdf,2020-04-13 18:07:44
drive-download-20250116T171806Z-001/Masud rana  311/[074-075] Masud Rana - Hello Shohana [Part i-ii] (BDeBooks.Com).pdf,12175171,11.6 MB,.pdf,2020-04-13 18:10:32
drive-download-20250116T171806Z-001/Masud rana  311/[076-077] Masud Rana - Haijack [Part i-ii] (BDeBooks.Com).pdf,8228051,7.8 MB,.pdf,2020-04-13 18:08:00
drive-download-20250116T171806Z-001/Masud rana  311/[087-088] Masud Rana - Bish Nishash [Part i-ii] (BDeBooks.Com).pdf,12052166,11.5 MB,.pdf,2020-04-13 18:14:24
drive-download-20250116T171806Z-001/Masud rana  311/[089-090] Masud Rana Pretatma [Part i-ii] (BDeBooks.Com).pdf,11927521,11.4 MB,.pdf,2020-04-13 18:20:00
drive-download-20250116T171806Z-001/Masud rana  311/[091] Masud Rana - Bondi Gogol (BDeBooks.Com).pdf,8042643,7.7 MB,.pdf,2020-04-13 18:24:18
drive-download-20250116T171806Z-001/Masud rana  311/[098] Masud Rana - Pasher Kamra (BDeBooks.Com).pdf,8543122,8.1 MB,.pdf,2020-04-13 18:20:42
drive-download-20250116T171806Z-001/Masud rana  311/[105-106] Masud Rana - Hamla [Part i-ii] (BDeBooks.Com).pdf,9755325,9.3 MB,.pdf,2020-04-13 18:17:28
drive-download-20250116T171806Z-001/Masud rana  311/[113-114] Masud Rana - Ambush [Part i-ii] (BDeBooks.Com).pdf,12933777,12.3 MB,.pdf,2020-04-13 18:20:10
hindue#/উপনিষদ/উপনিষদ.pdf,12125201,11.6 MB,.pdf,2024-06-18 12:21:24
hindue#/উপনিষদ/ঈশকেন কঠৌপিনষৎ/Chapter 1_25 - 102p.pdf,4231071,4.0 MB,.pdf,2024-06-18 12:21:26
hindue#/উপনিষদ/ঈশকেন কঠৌপিনষৎ/Chapter 2_105 - 256p.pdf,8194798,7.8 MB,.pdf,2024-06-18 12:21:26
hindue#/উপনিষদ/কৃষ্ণ-যজুর্ব্বেদীয়/Chapter 1_1 - 78p.pdf,4015452,3.8 MB,.pdf,2024-06-18 12:21:28
hindue#/উপনিষদ/কৃষ্ণ-যজুর্ব্বেদীয়/Chapter 2_79 - 128p.pdf,2717497,2.6 MB,.pdf,2024-06-18 12:21:28
hindue#/উপনিষদ/কৃষ্ণ-যজুর্ব্বেদীয়/Chapter 3_129 - 183p.pdf,2686556,2.6 MB,.pdf,2024-06-18 12:21:28
hindue#/উপনিষদ/কৃষ্ণ-যজুর্ব্বেদীয়/Chapter 4_184 - 217p.pdf,1649217,1.6 MB,.pdf,2024-06-18 12:21:30
hindue#/উপনিষদ/ত্বৈত্তিরীয়োপনিষদ্/Chapter 1_1 - 78p.pdf,4015452,3.8 MB,.pdf,2024-06-18 12:21:30
hindue#/উপনিষদ/ত্বৈত্তিরীয়োপনিষদ্/Chapter 2_79 - 128p.pdf,2717497,2.6 MB,.pdf,2024-06-18 12:21:34
hindue#/উপনিষদ/ত্বৈত্তিরীয়োপনিষদ্/Chapter 3_129 - 183p.pdf,2686556,2.6 MB,.pdf,2024-06-18 12:21:32
hindue#/উপনিষদ/ত্বৈত্তিরীয়োপনিষদ্/Chapter 4_184 - 217p.pdf,1649217,1.6 MB,.pdf,2024-06-18 12:21:32
hindue#/উপনিষদ/বৃহদারণ্যকোপনিষদ্/Chapter 1_1 -101p.pdf,5234613,5.0 MB,.pdf,2024-06-18 12:21:38
hindue#/উপনিষদ/বৃহদারণ্যকোপনিষদ্/Chapter 2_102 -204p.pdf,6819770,6.5 MB,.pdf,2024-06-18 12:21:36
hindue#/উপনিষদ/বৃহদারণ্যকোপনিষদ্/Chapter 3_205 -399p.pdf,14033571,13.4 MB,.pdf,2024-06-18 12:21:38
hindue#/উপনিষদ/বৃহদারণ্যকোপনিষদ্/Chapter 4_1201 - 1349p.pdf,2912947,2.8 MB,.pdf,2024-06-18 12:21:34
hindue#/উপনিষদ/বৃহদারণ্যকোপনিষদ্/Chapter 5_1448 - 1587p..pdf,2597142,2.5 MB,.pdf,2024-06-18 12:21:34
hindue#/উপনিষদ/বৃহদারণ্যকোপনিষদ্/Chapter 6_1350 - 1447p.pdf,1879893,1.8 MB,.pdf,2024-06-18 12:21:34
hindue#/উপনিষদ/বৃহদারণ্যকোপনিষদ্/Content Page.pdf,238914,233.3 KB,.pdf,2024-06-18 12:21:36
hindue#/উপনিষদ/মান্ডূক্যোপনিষদ্/Chapter 1_1 - 118p.pdf,7497252,7.1 MB,.pdf,2024-06-18 12:21:40
hindue#/উপনিষদ/যোগোপনিষৎ/Chapter 1_3 - 78p.pdf,4580458,4.4 MB,.pdf,2024-06-18 12:21:42
hindue#/উপনিষদ/শ্বেতশ্বতার উপনিষদ/Chapter 1_1 - 74p.pdf,3566173,3.4 MB,.pdf,2024-06-18 12:21:42
hindue#/উপনিষদ/শ্বেতশ্বতার উপনিষদ/Chapter 2_75 - 121p.pdf,2176175,2.1 MB,.pdf,2024-06-18 12:21:42
hindue#/কৃত্তিবাসী রামায়ণ/আরণ্যকাণ্ড.pdf,892877,872.0 KB,.pdf,2024-06-21 22:24:24
hindue#/তন্ত্র সাধনা/অব্যথ বশীকরণ তন্ত্রসার.pdf,31290518,29.8 MB,.pdf,2024-06-18 12:22:24
hindue#/তন্ত্র সাধনা/অমৃত বাণী- গীতাপ্রেস/অমৃত বাণী- গীতাপ্রেস (বাংলা).pdf,17394823,16.6 MB,.pdf,2024-07-16 15:08:16
hindue#/তন্ত্র সাধনা/উপনিষদ/উপনিষদ.pdf,12125201,11.6 MB,.pdf,2024-06-18 12:21:24
hindue#/তন্ত্র সাধনা/উপনিষদ/ঈশকেন কঠৌপিনষৎ/Chapter 1_25 - 102p.pdf,4231071,4.0 MB,.pdf,2024-06-18 12:21:26
hindue#/তন্ত্র সাধনা/উপনিষদ/ঈশকেন কঠৌপিনষৎ/Chapter 2_105 - 256p.pdf,8194798,7.8 MB,.pdf,2024-06-18 12:21:26
hindue#/তন্ত্র সাধনা/উপনিষদ/ঈশকেন কঠৌপিনষৎ/Introduction.pdf,1229432,1.2 MB,.pdf,2024-06-18 12:21:24
hindue#/তন্ত্র সাধনা/উপনিষদ/ঈশকেন কঠৌপিনষৎ/Title Page.pdf,49186,48.0 KB,.pdf,2024-06-18 12:21:26
hindue#/তন্ত্র সাধনা/উপনিষদ/কৃষ্ণ-যজুর্ব্বেদীয়/Chapter 1_1 - 78p.pdf,4015452,3.8 MB,.pdf,2024-06-18 12:21:28
hindue#/তন্ত্র সাধনা/উপনিষদ/কৃষ্ণ-যজুর্ব্বেদীয়/Chapter 2_79 - 128p.pdf,2717497,2.6 MB,.pdf,2024-06-18 12:21:28
hindue#/তন্ত্র সাধনা/উপনিষদ/কৃষ্ণ-যজুর্ব্বেদীয়/Chapter 3_129 - 183p.pdf,2686556,2.6 MB,.pdf,2024-06-18 12:21:28
hindue#/তন্ত্র সাধনা/উপনিষদ/কৃষ্ণ-যজুর্ব্বেদীয়/Chapter 4_184 - 217p.pdf,1649217,1.6 MB,.pdf,2024-06-18 12:21:30
hindue#/তন্ত্র সাধনা/উপনিষদ/কৃষ্ণ-যজুর্ব্বেদীয়/Content Page.pdf,83232,81.3 KB,.pdf,2024-06-18 12:21:30
hindue#/তন্ত্র সাধনা/উপনিষদ/ছান্দ্যোগায়া উপনিষদ/Chandogya-Upanishad 4th-5th-and-6th-Parts.pdf,1090439,1.0 MB,.pdf,2024-06-18 12:21:30
hindue#/তন্ত্র সাধনা/উপনিষদ/ছান্দ্যোগায়া উপনিষদ/Chandogya-Upanishad-3rd.pdf,576053,562.6 KB,.pdf,2024-06-18 12:21:30
hindue#/তন্ত্র সাধনা/উপনিষদ/ত্বৈত্তিরীয়োপনিষদ্/Chapter 1_1 - 78p.pdf,4015452,3.8 MB,.pdf,2024-06-18 12:21:30
hindue#/তন্ত্র সাধনা/উপনিষদ/ত্বৈত্তিরীয়োপনিষদ্/Chapter 2_79 - 128p.pdf,2717497,2.6 MB,.pdf,2024-06-18 12:21:34
hindue#/তন্ত্র সাধনা/উপনিষদ/ত্বৈত্তিরীয়োপনিষদ্/Chapter 3_129 - 183p.pdf,2686556,2.6 MB,.pdf,2024-06-18 12:21:32
hindue#/তন্ত্র সাধনা/উপনিষদ/ত্বৈত্তিরীয়োপনিষদ্/Chapter 4_184 - 217p.pdf,1649217,1.6 MB,.pdf,2024-06-18 12:21:32
hindue#/তন্ত্র সাধনা/উপনিষদ/ত্বৈত্তিরীয়োপনিষদ্/Content Page.pdf,83232,81.3 KB,.pdf,2024-06-18 12:21:32
hindue#/তন্ত্র সাধনা/উপনিষদ/বৃহদারণ্যকোপনিষদ্/Chapter 1_1 -101p.pdf,5234613,5.0 MB,.pdf,2024-06-18 12:21:38
hindue#/তন্ত্র সাধনা/উপনিষদ/বৃহদারণ্যকোপনিষদ্/Chapter 2_102 -204p.pdf,6819770,6.5 MB,.pdf,2024-06-18 12:21:36
hindue#/তন্ত্র সাধনা/উপনিষদ/বৃহদারণ্যকোপনিষদ্/Chapter 3_205 -399p.pdf,14033571,13.4 MB,.pdf,2024-06-18 12:21:38
hindue#/তন্ত্র সাধনা/উপনিষদ/বৃহদারণ্যকোপনিষদ্/Chapter 4_1201 - 1349p.pdf,2912947,2.8 MB,.pdf,2024-06-18 12:21:34
hindue#/তন্ত্র সাধনা/উপনিষদ/বৃহদারণ্যকোপনিষদ্/Chapter 5_1448 - 1587p..pdf,2597142,2.5 MB,.pdf,2024-06-18 12:21:34
hindue#/তন্ত্র সাধনা/উপনিষদ/বৃহদারণ্যকোপনিষদ্/Chapter 6_1350 - 1447p.pdf,1879893,1.8 MB,.pdf,2024-06-18 12:21:34
hindue#/তন্ত্র সাধনা/উপনিষদ/বৃহদারণ্যকোপনিষদ্/Content Page.pdf,238914,233.3 KB,.pdf,2024-06-18 12:21:36
hindue#/তন্ত্র সাধনা/উপনিষদ/বৃহদারণ্যকোপনিষদ্/Introduction.pdf,88619,86.5 KB,.pdf,2024-06-18 12:21:36
hindue#/তন্ত্র সাধনা/উপনিষদ/মান্ডূক্যোপনিষদ্/Chapter 1_1 - 118p.pdf,7497252,7.1 MB,.pdf,2024-06-18 12:21:40
hindue#/তন্ত্র সাধনা/উপনিষদ/মান্ডূক্যোপনিষদ্/Preliminary Page.pdf,203111,198.4 KB,.pdf,2024-06-18 12:21:42
hindue#/তন্ত্র সাধনা/উপনিষদ/মান্ডূক্যোপনিষদ্/Title Page.pdf,28175,27.5 KB,.pdf,2024-06-18 12:21:42
hindue#/তন্ত্র সাধনা/উপনিষদ/যোগোপনিষৎ/Chapter 1_3 - 78p.pdf,4580458,4.4 MB,.pdf,2024-06-18 12:21:42
hindue#/তন্ত্র সাধনা/উপনিষদ/শ্বেতশ্বতার উপনিষদ/Chapter 1_1 - 74p.pdf,3566173,3.4 MB,.pdf,2024-06-18 12:21:42
hindue#/তন্ত্র সাধনা/উপনিষদ/শ্বেতশ্বতার উপনিষদ/Chapter 2_75 - 121p.pdf,2176175,2.1 MB,.pdf,2024-06-18 12:21:42
hindue#/তন্ত্র সাধনা/কামাখ্যা মাহাত্মা/Chapter 1_1 - 76p.pdf,2385104,2.3 MB,.pdf,2024-06-18 12:22:02
hindue#/তন্ত্র সাধনা/কামাখ্যা মাহাত্মা/Chapter 2_77 - 199p_4.pdf,4207331,4.0 MB,.pdf,2024-06-18 12:22:02
hindue#/তন্ত্র সাধনা/কামাখ্যা মাহাত্মা/Content Page.pdf,129725,126.7 KB,.pdf,2024-06-18 12:22:02
hindue#/তন্ত্র সাধনা/কামাখ্যা মাহাত্মা/Preliminary Page.pdf,419160,409.3 KB,.pdf,2024-06-18 12:22:04
hindue#/তন্ত্র সাধনা/কৃত্তিবাসী রামায়ণ/অযোধ্যাকাণ্ড.pdf,1003929,980.4 KB,.pdf,2024-06-21 22:24:40
hindue#/তন্ত্র সাধনা/কৃত্তিবাসী রামায়ণ/আদিকাণ্ড.pdf,1456085,1.4 MB,.pdf,2024-06-21 22:24:56
hindue#/তন্ত্র সাধনা/কৃত্তিবাসী রামায়ণ/আরণ্যকাণ্ড.pdf,892877,872.0 KB,.pdf,2024-06-21 22:24:24
hindue#/তন্ত্র সাধনা/কৃত্তিবাসী রামায়ণ/উত্তরাকাণ্ড.pdf,1516836,1.4 MB,.pdf,2024-06-21 22:18:00
hindue#/তন্ত্র সাধনা/কৃত্তিবাসী রামায়ণ/কিষ্কিন্ধ্যাকাণ্ড.pdf,982965,959.9 KB,.pdf,2024-06-21 22:23:58
hindue#/তন্ত্র সাধনা/কৃত্তিবাসী রামায়ণ/লঙ্কাকাণ্ড.pdf,1888173,1.8 MB,.pdf,2024-06-21 22:22:26
hindue#/তন্ত্র সাধনা/কৃত্তিবাসী রামায়ণ/সুন্দরাকাণ্ড.pdf,1098011,1.0 MB,.pdf,2024-06-21 22:23:40
hindue#/তন্ত্র সাধনা/গায়ত্রী মন্ত্র পরিচয়/গায়ত্রী মন্ত্র পরিচয়.pdf,2864077,2.7 MB,.pdf,2024-07-13 17:55:18
hindue#/তন্ত্র সাধনা/গীতা/Bhagavad-gita Bengali.pdf,1932915,1.8 MB,.pdf,2024-06-18 12:22:54
hindue#/তন্ত্র সাধনা/গীতা/গীতা.pdf,1781713,1.7 MB,.pdf,2024-06-18 12:22:52
hindue#/তন্ত্র সাধনা/চাণক্য নীতি/চাণক্য নীতি.pdf,533336,520.8 KB,.pdf,2024-08-11 17:21:56
hindue#/তন্ত্র সাধনা/তন্ত্র সাধনা/অব্যথ বশীকরণ তন্ত্রসার.pdf,31290518,29.8 MB,.pdf,2024-06-18 12:22:24
hindue#/তন্ত্র সাধনা/তন্ত্র সাধনা/কামরত্ন বশীকরণ-তন্ত্র.pdf,8286529,7.9 MB,.pdf,2024-06-18 12:22:28
hindue#/তন্ত্র সাধনা/তন্ত্র সাধনা/কালীতন্ত্রম.pdf,16443641,15.7 MB,.pdf,2024-06-18 12:22:18
hindue#/তন্ত্র সাধনা/তন্ত্র সাধনা/কোকা পন্ডিত.pdf,33693970,32.1 MB,.pdf,2024-06-18 12:22:38
hindue#/তন্ত্র সাধনা/তন্ত্র সাধনা/ছোট লজ্জাতুনেছা তাবিজের কিতাব by goonok.com.pdf,65603562,62.6 MB,.pdf,2024-06-18 12:22:42
hindue#/তন্ত্র সাধনা/তন্ত্র সাধনা/তন্ত্র-কল্পদ্রুম.pdf,5229326,5.0 MB,.pdf,2024-06-18 12:22:22
hindue#/তন্ত্র সাধনা/তন্ত্র সাধনা/দশমহাবিদ্যা তন্ত্র.pdf,1125359,1.1 MB,.pdf,2024-06-18 12:22:20
hindue#/তন্ত্র সাধনা/তন্ত্র সাধনা/বশীকরণ তন্ত্র.pdf,16525365,15.8 MB,.pdf,2024-06-18 12:22:20
hindue#/তন্ত্র সাধনা/তন্ত্র সাধনা/বৈষ্ণব তন্ত্র.pdf,7162541,6.8 MB,.pdf,2024-06-18 12:22:18
hindue#/তন্ত্র সাধনা/তন্ত্র সাধনা/ভুত ডামর তন্ত্র.pdf,35482198,33.8 MB,.pdf,2024-06-18 12:22:16
hindue#/তন্ত্র সাধনা/তন্ত্র সাধনা/ভ্রান্ত_তাবিজ_কবজ_শায়খ_মোহাম্মদ_বিন_সোলায়মান_আল_মোফাদ্দা.pdf,1184274,1.1 MB,.pdf,2024-06-18 12:22:42
hindue#/তন্ত্র সাধনা/তন্ত্র সাধনা/মাতৃকাভেদ তন্ত্রম.pdf,67611338,64.5 MB,.pdf,2024-06-18 12:22:28
hindue#/তন্ত্র সাধনা/তন্ত্র সাধনা/যোগিনী তন্ত্র.pdf,20754837,19.8 MB,.pdf,2024-06-18 12:22:22
hindue#/তন্ত্র সাধনা/তন্ত্র সাধনা/রাধা-তন্ত্রম্.pdf,13407285,12.8 MB,.pdf,2024-06-18 12:22:40
hindue#/তন্ত্র সাধনা/তন্ত্র সাধনা/শক্তির মন্ত্র .pdf,6052361,5.8 MB,.pdf,2024-06-18 12:22:20
hindue#/তন্ত্র সাধনা/তন্ত্র সাধনা/হাতে লেখা কবিরাজি বই.pdf,2113109,2.0 MB,.pdf,2024-08-18 00:15:22
hindue#/তন্ত্র সাধনা/দুর্গা পূজা পদ্ধতি/দুর্গা পূজা পদ্ধতি .pdf,3004199,2.9 MB,.pdf,2024-06-18 12:23:02
hindue#/তন্ত্র সাধনা/দুর্গা পূজা পদ্ধতি/দুর্গাপূজা পদ্ধতি.pdf,8709362,8.3 MB,.pdf,2024-06-18 12:23:00
hindue#/তন্ত্র সাধনা/দুর্গা পূজা পদ্ধতি/দুর্গাপূজা-চিত্রাবলী .pdf,3151112,3.0 MB,.pdf,2024-06-18 12:23:02
hindue#/তন্ত্র সাধনা/দেব বাণী by স্বামী বিবেকানন্দ/দেব বাণী/Chapter 1_1 - 138p.pdf,5179962,4.9 MB,.pdf,2024-06-18 12:21:54
hindue#/তন্ত্র সাধনা/দেব বাণী by স্বামী বিবেকানন্দ/দেব বাণী/Chapter 2_139 - 229p.pdf,3049421,2.9 MB,.pdf,2024-06-18 12:21:54
hindue#/তন্ত্র সাধনা/দেব বাণী by স্বামী বিবেকানন্দ/দেব বাণী/Title Page_2.pdf,91183,89.0 KB,.pdf,2024-06-18 12:21:54
hindue#/তন্ত্র সাধনা/নামহট্ট/নামহট্ট পরিচয়- মায়াপুর ইসকন প্রকাশিত.pdf,27221763,26.0 MB,.pdf,2024-06-18 12:21:44
hindue#/তন্ত্র সাধনা/পুনর্জন্ম/পুনর্জন্ম- মায়াপুর ইসকন প্রকাশিত.pdf,14574963,13.9 MB,.pdf,2024-06-18 12:21:46
hindue#/তন্ত্র সাধনা/পুরান/অগ্নি পুরাণ.pdf,23392182,22.3 MB,.pdf,2024-06-18 12:18:50
hindue#/তন্ত্র সাধনা/পুরান/কল্কি_পুরাণ.pdf,11553603,11.0 MB,.pdf,2024-06-18 12:19:16
hindue#/তন্ত্র সাধনা/পুরান/কালিকা পুরাণ.pdf,39930546,38.1 MB,.pdf,2024-06-18 12:19:18
hindue#/তন্ত্র সাধনা/পুরান/কূর্ম পুরাণ.pdf,39316630,37.5 MB,.pdf,2024-06-18 12:19:28
hindue#/তন্ত্র সাধনা/পুরান/গরুড় পুরাণ.pdf,65705475,62.7 MB,.pdf,2024-06-18 12:20:06
hindue#/তন্ত্র সাধনা/পুরান/দেবী পুরাণ.pdf,42667739,40.7 MB,.pdf,2024-06-18 12:19:42
hindue#/তন্ত্র সাধনা/পুরান/নারদীয় পুরাণ.pdf,24739725,23.6 MB,.pdf,2024-06-18 12:19:52
hindue#/তন্ত্র সাধনা/পুরান/নৃসিংহ উপপুরাণ.pdf,14107011,13.5 MB,.pdf,2024-06-18 12:19:10
hindue#/তন্ত্র সাধনা/পুরান/পদ্ম পুরাণ.pdf,7251893,6.9 MB,.pdf,2024-06-18 12:19:12
hindue#/তন্ত্র সাধনা/পুরান/বরাহ পুরাণ.pdf,77431416,73.8 MB,.pdf,2024-06-18 12:18:52
hindue#/তন্ত্র সাধনা/পুরান/বামনপুরাণ.pdf,40948448,39.1 MB,.pdf,2024-06-18 12:19:46
hindue#/তন্ত্র সাধনা/পুরান/বায়ু পুরাণ.pdf,70478476,67.2 MB,.pdf,2024-06-18 12:19:32
hindue#/তন্ত্র সাধনা/পুরান/বিষ্ণু পুরাণ.pdf,14923592,14.2 MB,.pdf,2024-06-18 12:19:14
hindue#/তন্ত্র সাধনা/পুরান/বৃহন্নারদীয় উপপুরাণ.pdf,17185038,16.4 MB,.pdf,2024-06-18 12:19:54
hindue#/তন্ত্র সাধনা/পুরান/ব্রহ্ম পুরাণ.pdf,122312884,116.6 MB,.pdf,2024-06-18 12:18:58
hindue#/তন্ত্র সাধনা/পুরান/ব্রহ্মবৈবর্ত পুরাণ প্রকৃতি খন্ড.pdf,54982716,52.4 MB,.pdf,2024-06-18 12:18:38
"hindue#/তন্ত্র সাধনা/পুরান/ব্রহ্মা পুরান,ব্রহ্মবৈবর্ত পুরান এবং ভবিষ্য পুরাণ.txt",934,934.0 B,.txt,2024-06-18 12:20:14
hindue#/তন্ত্র সাধনা/পুরান/ব্রহ্মাণ্ড পুরাণ.pdf,8278819,7.9 MB,.pdf,2024-06-18 12:19:26
hindue#/তন্ত্র সাধনা/পুরান/ভবিষ্যপুরানম (মূল সংস্কৃত ও বঙ্গানুবাদ সমেত).pdf,111526641,106.4 MB,.pdf,2024-06-18 12:18:28
hindue#/তন্ত্র সাধনা/পুরান/মহাভাগবত পুরাণ.pdf,36066525,34.4 MB,.pdf,2024-06-18 12:19:24
hindue#/তন্ত্র সাধনা/পুরান/মার্কেণ্ডেয় পুরাণ.pdf,44311878,42.3 MB,.pdf,2024-06-18 12:19:38
hindue#/তন্ত্র সাধনা/পুরান/মৎস্য পুরাণ.pdf,97612025,93.1 MB,.pdf,2024-06-18 12:18:44
hindue#/তন্ত্র সাধনা/পুরান/লিঙ্গপুরাণ.pdf,28611212,27.3 MB,.pdf,2024-06-18 12:19:22
hindue#/তন্ত্র সাধনা/পুরান/শিব পুরাণ.pdf,10673647,10.2 MB,.pdf,2024-06-18 12:18:26
hindue#/তন্ত্র সাধনা/পুরান/হরিবংশ পুরাণ.pdf,32608225,31.1 MB,.pdf,2024-06-18 12:20:12
hindue#/তন্ত্র সাধনা/পুরান/সৌর উপপুরাণ/Chapter 1_1 - 121p.pdf,9803167,9.3 MB,.pdf,2024-06-18 12:19:56
hindue#/তন্ত্র সাধনা/পুরান/সৌর উপপুরাণ/Chapter 2_122 - 277p.pdf,13086194,12.5 MB,.pdf,2024-06-18 12:19:58
hindue#/তন্ত্র সাধনা/পুরান/স্কন্দ পুরাণ/Chapter 1_1469 - 1749p.pdf,28679303,27.4 MB,.pdf,2024-06-18 12:20:00
hindue#/তন্ত্র সাধনা/পুরান/স্কন্দ পুরাণ/Chapter 2_1750 - 1928p.pdf,17786368,17.0 MB,.pdf,2024-06-18 12:20:04
hindue#/তন্ত্র সাধনা/পুরান/স্কন্দ পুরাণ/Chapter 3_1929 - 2049p.pdf,12005951,11.4 MB,.pdf,2024-06-18 12:20:04
hindue#/তন্ত্র সাধনা/পুরোহিত দর্পণ/পুরোহিত দর্পণ by Surendramohan Bhattacharya.pdf,44006890,42.0 MB,.pdf,2024-06-18 12:22:00
hindue#/তন্ত্র সাধনা/পূজা পদ্ধতি/কালী পূজা পূজা পদ্ধতি.pdf,17726578,16.9 MB,.pdf,2024-07-13 23:04:54
hindue#/তন্ত্র সাধনা/পূজা পদ্ধতি/শনিপূজা পূজা পদ্ধতি.pdf,7593808,7.2 MB,.pdf,2024-07-13 23:04:32
hindue#/তন্ত্র সাধনা/পূজা পদ্ধতি/শিবরাত্রি ও শিবপূজা .pdf,9239501,8.8 MB,.pdf,2024-07-13 22:02:52
hindue#/তন্ত্র সাধনা/পূজা পদ্ধতি/শীতলা পূজা পদ্ধতি.pdf,30406349,29.0 MB,.pdf,2024-07-13 23:04:38
hindue#/তন্ত্র সাধনা/পূজা পদ্ধতি/শ্রী শ্রী কোজাগরী লক্ষ্মী পূজা পদ্ধতি.pdf,2699145,2.6 MB,.pdf,2024-07-13 21:55:42
hindue#/তন্ত্র সাধনা/পূজা পদ্ধতি/শ্রীশ্রীজগদ্ধাত্রী পূজাপদ্ধতি.pdf,2522504,2.4 MB,.pdf,2024-07-13 22:15:30
hindue#/তন্ত্র সাধনা/পূজা পদ্ধতি/শ্রীসত্যনারায়ণ পূজা ও পাঁচালী.pdf,2787372,2.7 MB,.pdf,2024-07-13 21:56:34
hindue#/তন্ত্র সাধনা/প্রশ্নোত্তরে হিন্দুধর্ম/প্রশ্নত্তোরে হিন্দুধর্ম.pdf,23141610,22.1 MB,.pdf,2024-07-13 17:05:04
hindue#/তন্ত্র সাধনা/বাল্মীকি রামায়ণ/রামায়ণ (অযোধ্যা কাণ্ড).pdf,23072356,22.0 MB,.pdf,2024-06-21 21:49:04
hindue#/তন্ত্র সাধনা/বাল্মীকি রামায়ণ/রামায়ণ (অরণ্য কান্ড).pdf,10436536,10.0 MB,.pdf,2024-06-21 21:58:44
hindue#/তন্ত্র সাধনা/বাল্মীকি রামায়ণ/রামায়ণ (কিষ্কিন্ধাকান্ড).pdf,10570225,10.1 MB,.pdf,2024-06-21 22:03:28
hindue#/তন্ত্র সাধনা/বাল্মীকি রামায়ণ/রামায়ণ (বাল কাণ্ড).pdf,11519341,11.0 MB,.pdf,2024-06-21 21:37:24
hindue#/তন্ত্র সাধনা/বাল্মীকি রামায়ণ/রামায়ণ (যুদ্ধকান্ড).pdf,25828964,24.6 MB,.pdf,2024-06-21 21:46:36
hindue#/তন্ত্র সাধনা/বাল্মীকি রামায়ণ/রামায়ণ (সুন্দরকাণ্ড).pdf,14358100,13.7 MB,.pdf,2024-06-21 21:53:06
hindue#/তন্ত্র সাধনা/বিশুদ্ধ নিত্যকর্ম্ম পদ্ধতি/বিশুদ্ধ নিত্যকর্ম পদ্ধতি.pdf,16043516,15.3 MB,.pdf,2024-07-14 13:55:16
hindue#/তন্ত্র সাধনা/বেদ/অথর্ববেদ সংহিতা.pdf,7397667,7.1 MB,.pdf,2024-06-18 12:20:58
hindue#/তন্ত্র সাধনা/বেদ/ঋগ্বেদ সংহিতা/Chapter 1_10 - 162p.pdf,8173704,7.8 MB,.pdf,2024-06-18 12:20:36
hindue#/তন্ত্র সাধনা/বেদ/ঋগ্বেদ সংহিতা/Chapter 2_163 - 221p.pdf,3020889,2.9 MB,.pdf,2024-06-18 12:20:38
hindue#/তন্ত্র সাধনা/বেদ/ঋগ্বেদ সংহিতা/Chapter 3_222 - 405p.pdf,7091846,6.8 MB,.pdf,2024-06-18 12:20:38
hindue#/তন্ত্র সাধনা/বেদ/ঋগ্বেদ সংহিতা/Chapter 4_406 - 599p.pdf,7586223,7.2 MB,.pdf,2024-06-18 12:20:38
hindue#/তন্ত্র সাধনা/বেদ/ঋগ্বেদ সংহিতা/Chapter 5_600 - 807p.pdf,8216426,7.8 MB,.pdf,2024-06-18 12:20:40
hindue#/তন্ত্র সাধনা/বেদ/ঋগ্বেদ সংহিতা/Chapter 6_808 - 1026p.pdf,8659276,8.3 MB,.pdf,2024-06-18 12:20:42
hindue#/তন্ত্র সাধনা/বেদ/ঋগ্বেদ সংহিতা/Introduction.pdf,171139,167.1 KB,.pdf,2024-06-18 12:20:44
hindue#/তন্ত্র সাধনা/বেদ/ঋগ্বেদ সংহিতা/Title Page.pdf,70523,68.9 KB,.pdf,2024-06-18 12:20:44
hindue#/তন্ত্র সাধনা/বেদ/যজুর্ব্বেদ সংহিতা/Chapter 1_1 - 144p.pdf,5774236,5.5 MB,.pdf,2024-06-18 12:20:44
hindue#/তন্ত্র সাধনা/বেদ/যজুর্ব্বেদ সংহিতা/Chapter 2_145 - 332p.pdf,7636754,7.3 MB,.pdf,2024-06-18 12:20:46
hindue#/তন্ত্র সাধনা/বেদ/যজুর্ব্বেদ সংহিতা/Chapter 3_333 - 528p.pdf,7386303,7.0 MB,.pdf,2024-06-18 12:20:46
hindue#/তন্ত্র সাধনা/বেদ/যজুর্ব্বেদ সংহিতা/Chapter 4_529 - 647p.pdf,4169116,4.0 MB,.pdf,2024-06-18 12:20:46
hindue#/তন্ত্র সাধনা/বেদ/যজুর্ব্বেদ সংহিতা/Chapter 5_648 - 734p.pdf,3074087,2.9 MB,.pdf,2024-06-18 12:20:50
hindue#/তন্ত্র সাধনা/বেদ/যজুর্ব্বেদ সংহিতা/Chapter 6_735 - 832p.pdf,3180041,3.0 MB,.pdf,2024-06-18 12:20:48
hindue#/তন্ত্র সাধনা/বেদ/যজুর্ব্বেদ সংহিতা/Chapter 8_887 - 918p.pdf,1827518,1.7 MB,.pdf,2024-06-18 12:20:48
hindue#/তন্ত্র সাধনা/বেদ/যজুর্ব্বেদ সংহিতা/Chapter 9_919 - 950p.pdf,1260393,1.2 MB,.pdf,2024-06-18 12:20:50
hindue#/তন্ত্র সাধনা/বেদ/যজুর্ব্বেদ সংহিতা/Title Page.pdf,61057,59.6 KB,.pdf,2024-06-18 12:20:50
hindue#/তন্ত্র সাধনা/বেদ/সামবেদ সংহিতা/part-1/Chapter 1_1 - 160p.pdf,5375882,5.1 MB,.pdf,2024-06-18 12:20:54
hindue#/তন্ত্র সাধনা/বেদ/সামবেদ সংহিতা/part-1/Chapter 2_161 - 236p.pdf,3744051,3.6 MB,.pdf,2024-06-18 12:20:54
hindue#/তন্ত্র সাধনা/বেদ/সামবেদ সংহিতা/part-1/Chapter 3_237 - 256p.pdf,883281,862.6 KB,.pdf,2024-06-18 12:20:56
hindue#/তন্ত্র সাধনা/বেদ/সামবেদ সংহিতা/part-1/Chapter 4_257 - 276p.pdf,795701,777.1 KB,.pdf,2024-06-18 12:20:58
hindue#/তন্ত্র সাধনা/বেদ/সামবেদ সংহিতা/part-1/Introduction.pdf,871135,850.7 KB,.pdf,2024-06-18 12:20:56
hindue#/তন্ত্র সাধনা/বেদ/সামবেদ সংহিতা/part-1/Title Page.pdf,28432,27.8 KB,.pdf,2024-06-18 12:20:56
hindue#/তন্ত্র সাধনা/বেদ/সামবেদ সংহিতা/part-2/Chapter 1_3 - 43p.pdf,1742444,1.7 MB,.pdf,2024-06-18 12:20:50
hindue#/তন্ত্র সাধনা/বেদ/সামবেদ সংহিতা/part-2/Chapter 2_1 - 566p.pdf,19401230,18.5 MB,.pdf,2024-06-18 12:20:50
hindue#/তন্ত্র সাধনা/বেদ/সামবেদ সংহিতা/part-2/Chapter 3_567 - 744p.pdf,5760448,5.5 MB,.pdf,2024-06-18 12:20:54
hindue#/তন্ত্র সাধনা/বেদ/সামবেদ সংহিতা/part-2/Introduction.pdf,871135,850.7 KB,.pdf,2024-06-18 12:20:54
hindue#/তন্ত্র সাধনা/বেদ/সামবেদ সংহিতা/part-2/Title Page.pdf,28432,27.8 KB,.pdf,2024-06-18 12:20:54
hindue#/তন্ত্র সাধনা/বৈদিক সনাতন/বৈদিক সনাতন ধর্ম ও সাধনা by সনাতন ভাবনা ও সংস্কৃতি/Chapter 1_1 - 69p.pdf,3274231,3.1 MB,.pdf,2024-06-18 12:21:50
hindue#/তন্ত্র সাধনা/বৈদিক সনাতন/বৈদিক সনাতন ধর্ম ও সাধনা by সনাতন ভাবনা ও সংস্কৃতি/Chapter 2_70 - 136p.pdf,3154278,3.0 MB,.pdf,2024-06-18 12:21:50
hindue#/তন্ত্র সাধনা/বৈদিক সনাতন/বৈদিক সনাতন ধর্ম ও সাধনা by সনাতন ভাবনা ও সংস্কৃতি/Chapter 3_137 - 206p.pdf,3420567,3.3 MB,.pdf,2024-06-18 12:21:50
hindue#/তন্ত্র সাধনা/বৈদিক সনাতন/বৈদিক সনাতন ধর্ম ও সাধনা by সনাতন ভাবনা ও সংস্কৃতি/Chapter 4_207 - 233p_2.pdf,1262119,1.2 MB,.pdf,2024-06-18 12:21:52
hindue#/তন্ত্র সাধনা/বৈদিক সনাতন/বৈদিক সনাতন ধর্ম ও সাধনা by সনাতন ভাবনা ও সংস্কৃতি/Content Page.pdf,216545,211.5 KB,.pdf,2024-06-18 12:21:52
hindue#/তন্ত্র সাধনা/বৈদিক সনাতন/বৈদিক সনাতন ধর্ম ও সাধনা by সনাতন ভাবনা ও সংস্কৃতি/Preliminary Page.pdf,289495,282.7 KB,.pdf,2024-06-18 12:21:52
hindue#/তন্ত্র সাধনা/বৈদিক সনাতন/বৈদিক সনাতন ধর্ম ও সাধনা by সনাতন ভাবনা ও সংস্কৃতি/Title Page.pdf,51844,50.6 KB,.pdf,2024-06-18 12:21:52
hindue#/তন্ত্র সাধনা/বৈষ্ণব তন্ত্র/বৈষ্ণব তন্ত্র.pdf,7162541,6.8 MB,.pdf,2024-06-18 12:21:48
hindue#/তন্ত্র সাধনা/বৈষ্ণব পদাবলী/বৈষ্ণব পদাবলী .pdf,65577728,62.5 MB,.pdf,2024-06-18 12:22:08
hindue#/তন্ত্র সাধনা/ভাগবতের মণিমুক্তো/ভাগবতের মণিমুক্তো- গীতাপ্রেস (বাংলা).pdf,15497559,14.8 MB,.pdf,2024-07-14 19:04:04
hindue#/তন্ত্র সাধনা/মহাপীঠ তারাপীঠ/মহাপীঠ তারাপীঠ – হারাধন মুখোপাধ্যায়.pdf,26281443,25.1 MB,.pdf,2024-06-18 12:22:12
hindue#/তন্ত্র সাধনা/মহাপুরুষ বাণী/মহাপুরুষ বাণী.pdf,8036792,7.7 MB,.pdf,2024-06-18 12:22:08
hindue#/তন্ত্র সাধনা/মহাভারত/ছবিতে মহাভারত.pdf,52210871,49.8 MB,.pdf,2024-06-18 12:22:58
hindue#/তন্ত্র সাধনা/মহাভারত/ছোটদের মহাভারত.pdf,11244748,10.7 MB,.pdf,2024-06-18 12:22:56
hindue#/তন্ত্র সাধনা/মহাভারত/মহাভারত ।। সারানুবাদ রাজশেখর বসু.pdf,18687570,17.8 MB,.pdf,2024-07-08 19:51:26
hindue#/তন্ত্র সাধনা/মহাভারত/মহাভারত.pdf,31787281,30.3 MB,.pdf,2024-06-18 12:22:54
hindue#/তন্ত্র সাধনা/মহাভারতের অজানা একশটি দুর্লভ মুহূর্ত/মহাভারতের অজানা একশটি দুর্লভ মুহূর্ত.pdf,49044343,46.8 MB,.pdf,2024-06-18 12:22:04
hindue#/তন্ত্র সাধনা/মূর্তিপপূজা কি ও কেন/মূর্তিপপূজা কি ও কেন.pdf,35991964,34.3 MB,.pdf,2024-06-18 12:21:54
hindue#/তন্ত্র সাধনা/রামায়ন/ছোটদের রামায়ণ.pdf,4051678,3.9 MB,.pdf,2024-06-18 12:21:22
hindue#/তন্ত্র সাধনা/রামায়ন/Ramayan/Ramayan (AhjuddhaKanda)/Chapter 1_ 1 - 174p.pdf,5626513,5.4 MB,.pdf,2024-06-18 12:21:16
hindue#/তন্ত্র সাধনা/রামায়ন/Ramayan/Ramayan (AhjuddhaKanda)/Chapter 2_175 - 354p.pdf,5785768,5.5 MB,.pdf,2024-06-18 12:21:18
hindue#/তন্ত্র সাধনা/রামায়ন/Ramayan/Ramayan (AhjuddhaKanda)/Chapter 3_355 - 513p.pdf,5033529,4.8 MB,.pdf,2024-06-18 12:21:20
hindue#/তন্ত্র সাধনা/রামায়ন/Ramayan/Ramayan (AhjuddhaKanda)/Title Page.pdf,27006,26.4 KB,.pdf,2024-06-18 12:21:18
hindue#/তন্ত্র সাধনা/রামায়ন/Ramayan/Ramayan (Aranya Kanda)/Chapter 1_1 - 85p.pdf,4702511,4.5 MB,.pdf,2024-06-18 12:21:06
hindue#/তন্ত্র সাধনা/রামায়ন/Ramayan/Ramayan (Aranya Kanda)/Chapter 2_86 - 212p.pdf,7202856,6.9 MB,.pdf,2024-06-18 12:21:06
hindue#/তন্ত্র সাধনা/রামায়ন/Ramayan/Ramayan (Aranya Kanda)/Part. 3_Chapter 1_1 - 180p.pdf,18556749,17.7 MB,.pdf,2024-06-18 12:21:08
hindue#/তন্ত্র সাধনা/রামায়ন/Ramayan/Ramayan (Aranya Kanda)/Title Page.pdf,27964,27.3 KB,.pdf,2024-06-18 12:21:08
hindue#/তন্ত্র সাধনা/রামায়ন/Ramayan/Ramayan (Bal Kanda)/Part. 1_Chapter 1_1 - 181p.pdf,18355256,17.5 MB,.pdf,2024-06-18 12:21:20
hindue#/তন্ত্র সাধনা/রামায়ন/Ramayan/Ramayan (Juddhakanda)/Chapter 1_1 - 102p.pdf,4241773,4.0 MB,.pdf,2024-06-18 12:21:12
hindue#/তন্ত্র সাধনা/রামায়ন/Ramayan/Ramayan (Juddhakanda)/Chapter 2_103 - 203p.pdf,4178648,4.0 MB,.pdf,2024-06-18 12:21:10
hindue#/তন্ত্র সাধনা/রামায়ন/Ramayan/Ramayan (Juddhakanda)/Chapter 3_204 - 308p.pdf,4645741,4.4 MB,.pdf,2024-06-18 12:21:10
hindue#/তন্ত্র সাধনা/রামায়ন/Ramayan/Ramayan (Juddhakanda)/Chapter 4_309 - 406p.pdf,4358133,4.2 MB,.pdf,2024-06-18 12:21:12
hindue#/তন্ত্র সাধনা/রামায়ন/Ramayan/Ramayan (Juddhakanda)/Chapter 5_407 - 593p.pdf,7866190,7.5 MB,.pdf,2024-06-18 12:21:14
hindue#/তন্ত্র সাধনা/রামায়ন/Ramayan/Ramayan (Juddhakanda)/Preliminary Page.pdf,53325,52.1 KB,.pdf,2024-06-18 12:21:12
hindue#/তন্ত্র সাধনা/রামায়ন/Ramayan/Ramayan (Juddhakanda)/Title Page.pdf,32440,31.7 KB,.pdf,2024-06-18 12:21:12
hindue#/তন্ত্র সাধনা/রামায়ন/Ramayan/Ramayan (Kishkindhakanda)/Part. 1_Chapter 1_10 - 132p.pdf,13338203,12.7 MB,.pdf,2024-06-18 12:21:10
hindue#/তন্ত্র সাধনা/রামায়ন/Ramayan/Ramayan (Lanka Kanda)/Part. 3_Chapter 1_1 - 286p.pdf,30249327,28.8 MB,.pdf,2024-06-18 12:20:58
hindue#/তন্ত্র সাধনা/রামায়ন/Ramayan/Ramayan (Uttor kanda)/Part. 4_Chapter 1_1 - 101p.pdf,20759518,19.8 MB,.pdf,2024-06-18 12:21:02
hindue#/তন্ত্র সাধনা/রামায়ন/Ramayan/Ramayana (Sundar Kanda)/Part. 2_Chapter 1_10 - 194p.pdf,20716728,19.8 MB,.pdf,2024-06-18 12:21:14
hindue#/তন্ত্র সাধনা/শ্রী চৈতন্যচরিতামৃত/শ্রী চৈতন্যচরিতামৃত.pdf,76863726,73.3 MB,.pdf,2024-06-22 12:32:38
hindue#/তন্ত্র সাধনা/শ্রীমদ্ভাগবতম/শ্রীমদ্ভাগবত/শ্রীমদ্ভাগবতম-১ম স্কন্ধ.pdf,278098,271.6 KB,.pdf,2024-06-18 12:22:52
hindue#/তন্ত্র সাধনা/শ্রীমদ্ভাগবতম/শ্রীমদ্ভাগবত/শ্রীমদ্ভাগবতম-১০ম  স্কন্ধ.pdf,50803854,48.5 MB,.pdf,2024-06-18 12:22:48
hindue#/তন্ত্র সাধনা/শ্রীমদ্ভাগবতম/শ্রীমদ্ভাগবত/শ্রীমদ্ভাগবতম-১১ ও ১২ স্কন্ধ.pdf,18633268,17.8 MB,.pdf,2024-06-18 12:22:52
hindue#/তন্ত্র সাধনা/শ্রীমদ্ভাগবতম/শ্রীমদ্ভাগবত/শ্রীমদ্ভাগবতম-২য় স্কন্ধ.pdf,26305631,25.1 MB,.pdf,2024-06-18 12:22:46
hindue#/তন্ত্র সাধনা/শ্রীশ্রী রুদ্রচন্ডী/শ্রী শ্রী রুদ্রচন্ডী .pdf,5974160,5.7 MB,.pdf,2024-06-18 12:22:14
hindue#/তন্ত্র সাধনা/শ্রীশ্রীহরিলীলামৃত/শ্রীশ্রীহরিলীলামৃত-১৩২৩(১ম প্রকাশ-হরিবর সরকার).pdf,7167555,6.8 MB,.pdf,2024-07-13 17:09:10
hindue#/তন্ত্র সাধনা/সংহিতা/চরক সংহিতা.pdf,104279764,99.4 MB,.pdf,2024-06-18 12:20:26
hindue#/তন্ত্র সাধনা/সংহিতা/নারদ সংহিতা.pdf,216132,211.1 KB,.pdf,2024-06-18 12:20:16
hindue#/তন্ত্র সাধনা/সংহিতা/শ্রীকৃষ্ণ সংহিতা.pdf,10483327,10.0 MB,.pdf,2024-06-18 12:20:26
hindue#/তন্ত্র সাধনা/সংহিতা/সুশ্রত সংহিতা - সুশ্রুত .pdf,19252877,18.4 MB,.pdf,2024-06-18 12:20:34
hindue#/তন্ত্র সাধনা/সংহিতা/মনু সংহিতা/Chapter 1_1 - 307p.pdf,27501815,26.2 MB,.pdf,2024-06-18 12:20:18
hindue#/তন্ত্র সাধনা/সংহিতা/মনু সংহিতা/Chapter 2_308 - 512p.pdf,17132828,16.3 MB,.pdf,2024-06-18 12:20:20
hindue#/তন্ত্র সাধনা/সংহিতা/মনু সংহিতা/Chapter 3_513 - 588p.pdf,29294842,27.9 MB,.pdf,2024-06-18 12:20:22
hindue#/তন্ত্র সাধনা/সংহিতা/মনু সংহিতা/Chapter 4_589 - 1062p.pdf,14461796,13.8 MB,.pdf,2024-06-18 12:20:24
hindue#/তন্ত্র সাধনা/সংহিতা/মনু সংহিতা/Content Page.pdf,678492,662.6 KB,.pdf,2024-06-18 12:20:24
hindue#/তন্ত্র সাধনা/সংহিতা/শিব সংহিতা/Chapter 1_1 - 57p.pdf,2751742,2.6 MB,.pdf,2024-06-18 12:20:16
hindue#/তন্ত্র সাধনা/সংহিতা/শিব সংহিতা/Chapter 2_58 - 128p.pdf,3395547,3.2 MB,.pdf,2024-06-18 12:20:16
hindue#/তন্ত্র সাধনা/সংহিতা/শিব সংহিতা/Content Page.pdf,59190,57.8 KB,.pdf,2024-06-18 12:20:18
hindue#/তন্ত্র সাধনা/সংহিতা/শিব সংহিতা/Introduction.pdf,205496,200.7 KB,.pdf,2024-06-18 12:20:16
hindue#/তন্ত্র সাধনা/সকল দেবদেবীর মন্ত্র/সকল দেবদেবীর মন্ত্র.pdf,1303582,1.2 MB,.pdf,2024-06-18 12:22:14
hindue#/তন্ত্র সাধনা/সর্ত্যাথ প্রকাশ/সর্ত্যাথ প্রকাশ.pdf,60580935,57.8 MB,.pdf,2024-09-25 14:15:18
hindue#/তন্ত্র সাধনা/সর্প সংস্কৃতি ও মনসা/সর্প সংস্কৃতি ও মনসা.pdf,17948171,17.1 MB,.pdf,2024-07-13 22:22:18
hindue#/তন্ত্র সাধনা/হনুমান চালীসা/হনুমান চালিসা .pdf,762116,744.3 KB,.pdf,2024-07-13 17:11:42
hindue#/তন্ত্র সাধনা/হরিভক্তি বিলাস গ্রন্থ/হরিভক্তি বিলাস গ্রন্থ.pdf,116953128,111.5 MB,.pdf,2024-06-21 21:23:30
hindue#/পুরান/বরাহ পুরাণ.pdf,77431416,73.8 MB,.pdf,2024-06-18 12:18:52
hindue#/পুরান/ব্রহ্ম পুরাণ.pdf,122312884,116.6 MB,.pdf,2024-06-18 12:18:58
hindue#/পুরান/ভবিষ্যপুরানম (মূল সংস্কৃত ও বঙ্গানুবাদ সমেত).pdf,111526641,106.4 MB,.pdf,2024-06-18 12:18:28
hindue#/পুরান/সৌর উপপুরাণ/Chapter 1_1 - 121p.pdf,9803167,9.3 MB,.pdf,2024-06-18 12:19:56
hindue#/পুরান/সৌর উপপুরাণ/Chapter 2_122 - 277p.pdf,13086194,12.5 MB,.pdf,2024-06-18 12:19:58
hindue#/পুরান/স্কন্দ পুরাণ/Chapter 1_1469 - 1749p.pdf,28679303,27.4 MB,.pdf,2024-06-18 12:20:00
hindue#/পুরান/স্কন্দ পুরাণ/Chapter 2_1750 - 1928p.pdf,17786368,17.0 MB,.pdf,2024-06-18 12:20:04
hindue#/পুরান/স্কন্দ পুরাণ/Chapter 3_1929 - 2049p.pdf,12005951,11.4 MB,.pdf,2024-06-18 12:20:04
hindue#/বেদ/ঋগ্বেদ সংহিতা/Chapter 1_10 - 162p.pdf,8173704,7.8 MB,.pdf,2024-06-18 12:20:36
hindue#/বেদ/ঋগ্বেদ সংহিতা/Chapter 3_222 - 405p.pdf,7091846,6.8 MB,.pdf,2024-06-18 12:20:38
hindue#/বেদ/ঋগ্বেদ সংহিতা/Chapter 5_600 - 807p.pdf,8216426,7.8 MB,.pdf,2024-06-18 12:20:40
hindue#/বেদ/ঋগ্বেদ সংহিতা/Chapter 6_808 - 1026p.pdf,8659276,8.3 MB,.pdf,2024-06-18 12:20:42
hindue#/বেদ/যজুর্ব্বেদ সংহিতা/Chapter 1_1 - 144p.pdf,5774236,5.5 MB,.pdf,2024-06-18 12:20:44
hindue#/বেদ/যজুর্ব্বেদ সংহিতা/Chapter 2_145 - 332p.pdf,7636754,7.3 MB,.pdf,2024-06-18 12:20:46
hindue#/বেদ/যজুর্ব্বেদ সংহিতা/Chapter 3_333 - 528p.pdf,7386303,7.0 MB,.pdf,2024-06-18 12:20:46
hindue#/বেদ/সামবেদ সংহিতা/part-1/Chapter 1_1 - 160p.pdf,5375882,5.1 MB,.pdf,2024-06-18 12:20:54
hindue#/বেদ/সামবেদ সংহিতা/part-1/Chapter 2_161 - 236p.pdf,3744051,3.6 MB,.pdf,2024-06-18 12:20:54
hindue#/বেদ/সামবেদ সংহিতা/part-1/Chapter 3_237 - 256p.pdf,883281,862.6 KB,.pdf,2024-06-18 12:20:56
hindue#/বেদ/সামবেদ সংহিতা/part-1/Chapter 4_257 - 276p.pdf,795701,777.1 KB,.pdf,2024-06-18 12:20:58
hindue#/বেদ/সামবেদ সংহিতা/part-1/Introduction.pdf,871135,850.7 KB,.pdf,2024-06-18 12:20:56
hindue#/বেদ/সামবেদ সংহিতা/part-2/Chapter 1_3 - 43p.pdf,1742444,1.7 MB,.pdf,2024-06-18 12:20:50
hindue#/বেদ/সামবেদ সংহিতা/part-2/Chapter 2_1 - 566p.pdf,19401230,18.5 MB,.pdf,2024-06-18 12:20:50
hindue#/বেদ/সামবেদ সংহিতা/part-2/Chapter 3_567 - 744p.pdf,5760448,5.5 MB,.pdf,2024-06-18 12:20:54
hindue#/রামায়ন/Ramayan/Ramayan (AhjuddhaKanda)/Chapter 1_ 1 - 174p.pdf,5626513,5.4 MB,.pdf,2024-06-18 12:21:16
hindue#/রামায়ন/Ramayan/Ramayan (AhjuddhaKanda)/Chapter 2_175 - 354p.pdf,5785768,5.5 MB,.pdf,2024-06-18 12:21:18
hindue#/রামায়ন/Ramayan/Ramayan (AhjuddhaKanda)/Chapter 3_355 - 513p.pdf,5033529,4.8 MB,.pdf,2024-06-18 12:21:20
hindue#/রামায়ন/Ramayan/Ramayan (Aranya Kanda)/Chapter 2_86 - 212p.pdf,7202856,6.9 MB,.pdf,2024-06-18 12:21:06
hindue#/রামায়ন/Ramayan/Ramayan (Aranya Kanda)/Part. 3_Chapter 1_1 - 180p.pdf,18556749,17.7 MB,.pdf,2024-06-18 12:21:08
hindue#/রামায়ন/Ramayan/Ramayan (Bal Kanda)/Part. 1_Chapter 1_1 - 181p.pdf,18355256,17.5 MB,.pdf,2024-06-18 12:21:20
hindue#/রামায়ন/Ramayan/Ramayan (Juddhakanda)/Chapter 1_1 - 102p.pdf,4241773,4.0 MB,.pdf,2024-06-18 12:21:12
hindue#/রামায়ন/Ramayan/Ramayan (Juddhakanda)/Chapter 2_103 - 203p.pdf,4178648,4.0 MB,.pdf,2024-06-18 12:21:10
hindue#/রামায়ন/Ramayan/Ramayan (Juddhakanda)/Chapter 3_204 - 308p.pdf,4645741,4.4 MB,.pdf,2024-06-18 12:21:10
hindue#/রামায়ন/Ramayan/Ramayan (Juddhakanda)/Chapter 4_309 - 406p.pdf,4358133,4.2 MB,.pdf,2024-06-18 12:21:12
hindue#/রামায়ন/Ramayan/Ramayan (Juddhakanda)/Chapter 5_407 - 593p.pdf,7866190,7.5 MB,.pdf,2024-06-18 12:21:14
hindue#/রামায়ন/Ramayan/Ramayan (Kishkindhakanda)/Part. 1_Chapter 1_10 - 132p.pdf,13338203,12.7 MB,.pdf,2024-06-18 12:21:10
hindue#/রামায়ন/Ramayan/Ramayan (Lanka Kanda)/Part. 3_Chapter 1_1 - 286p.pdf,30249327,28.8 MB,.pdf,2024-06-18 12:20:58
hindue#/রামায়ন/Ramayan/Ramayan (Uttor kanda)/Part. 4_Chapter 1_1 - 101p.pdf,20759518,19.8 MB,.pdf,2024-06-18 12:21:02
hindue#/রামায়ন/Ramayan/Ramayana (Sundar Kanda)/Part. 2_Chapter 1_10 - 194p.pdf,20716728,19.8 MB,.pdf,2024-06-18 12:21:14
hindue#/শ্রী চৈতন্যচরিতামৃত/শ্রী চৈতন্যচরিতামৃত.pdf,76863726,73.3 MB,.pdf,2024-06-22 12:32:38
hindue#/সংহিতা/মনু সংহিতা/Chapter 3_513 - 588p.pdf,29294842,27.9 MB,.pdf,2024-06-18 12:20:22
hindue#/হরিভক্তি বিলাস গ্রন্থ/হরিভক্তি বিলাস গ্রন্থ.pdf,116953128,111.5 MB,.pdf,2024-06-21 21:23:30
PDF Book & Video Class/(TENSE) 500 Bangla to English Examples of Tense.pdf,3311361,3.2 MB,.pdf,2108-01-01 00:00:00
PDF Book & Video Class/03. Noun 13-34 (ENGLISH TUTOR) by Kabial Noor.pdf,888661,867.8 KB,.pdf,2108-01-01 00:00:00
PDF Book & Video Class/1200 Most Common English Vocabulary with Bangla Meaning.pdf,2952142,2.8 MB,.pdf,2108-01-01 00:00:00
PDF Book & Video Class/16 Notes-20221115T181318Z-001.zip,39627440,37.8 MB,.zip,2108-01-01 00:00:00
PDF Book & Video Class/A Handbook on English Literature By Shams.pdf,8857215,8.4 MB,.pdf,2108-01-01 00:00:00
PDF Book & Video Class/Advanced HSC Grammar Exam 2022.pdf,141103006,134.6 MB,.pdf,2108-01-01 00:00:00
PDF Book & Video Class/Basic English Grammar.pdf,5300088,5.1 MB,.pdf,2108-01-01 00:00:00
PDF Book & Video Class/Basic Rules Of English Speaking.pdf,12945464,12.3 MB,.pdf,2108-01-01 00:00:00
PDF Book & Video Class/BBC Janala English Learning Book 02.pdf,10334985,9.9 MB,.pdf,2108-01-01 00:00:00
PDF Book & Video Class/BBC Janala English Learning Book 03.pdf,5839989,5.6 MB,.pdf,2108-01-01 00:00:00
PDF Book & Video Class/bbc-janala-english-learning-book-01[book.exambd.net].pdf,15576593,14.9 MB,.pdf,2108-01-01 00:00:00
PDF Book & Video Class/Common-Mistake-in english-TJ Fitikids(www.admissionwar.com).pdf,31081856,29.6 MB,.pdf,2108-01-01 00:00:00
PDF Book & Video Class/E.S.C.B_Latest Version.pdf,217179506,207.1 MB,.pdf,2108-01-01 00:00:00
PDF Book & Video Class/Easiest and efficient methods of Spoken English.pdf,4680462,4.5 MB,.pdf,2108-01-01 00:00:00
PDF Book & Video Class/Easy Learning English Conversation.pdf,12343570,11.8 MB,.pdf,2108-01-01 00:00:00
PDF Book & Video Class/English therapy.pdf,108812500,103.8 MB,.pdf,2108-01-01 00:00:00
PDF Book & Video Class/English-literature.pdf,1470528,1.4 MB,.pdf,2108-01-01 00:00:00
PDF Book & Video Class/espresso english Free English Grammar E-Book Level 2.pdf,1927188,1.8 MB,.pdf,2108-01-01 00:00:00
PDF Book & Video Class/First Spanish Dictionary By DK.pdf,25558430,24.4 MB,.pdf,2108-01-01 00:00:00
PDF Book & Video Class/FM Method book 1st Semester final .pdf,35226610,33.6 MB,.pdf,2108-01-01 00:00:00
PDF Book & Video Class/Ghore_Boshe_Spoken_English_Munzereen_Shahid_Digital_Version_24th.pdf,30817044,29.4 MB,.pdf,2108-01-01 00:00:00
PDF Book & Video Class/IELTS Vocabulary [www.exambd.net] (1).pdf,1324070,1.3 MB,.pdf,2108-01-01 00:00:00
PDF Book & Video Class/IELTS Vocabulary [www.exambd.net].pdf,1324070,1.3 MB,.pdf,2108-01-01 00:00:00
PDF Book & Video Class/Let_s Learn English Languages by tanbircox.pdf,8116420,7.7 MB,.pdf,2108-01-01 00:00:00
PDF Book & Video Class/MP3 English Review.pdf,131124013,125.0 MB,.pdf,2108-01-01 00:00:00
PDF Book & Video Class/PC Das Grammar Book Part 1 [www.bdcircularzone.com].pdf,52918909,50.5 MB,.pdf,2108-01-01 00:00:00
PDF Book & Video Class/rapidex-english-speaking-course in Banglali boom.pdf,23680627,22.6 MB,.pdf,2108-01-01 00:00:00
PDF Book & Video Class/S@ifurs English Zero - Hero (blognet24.com).pdf,66906974,63.8 MB,.pdf,2108-01-01 00:00:00
PDF Book & Video Class/S@ifur_s Natur@l Spoken 15.pdf,56018047,53.4 MB,.pdf,2108-01-01 00:00:00
PDF Book & Video Class/Saifurs Synonym Antonym.pdf,69217288,66.0 MB,.pdf,2108-01-01 00:00:00
PDF Book & Video Class/saifurs-ssc-hsc voice narration .pdf,25865477,24.7 MB,.pdf,2108-01-01 00:00:00
PDF Book & Video Class/Shafin_s book-1.pdf,26096190,24.9 MB,.pdf,2108-01-01 00:00:00
PDF Book & Video Class/shobar-jonno-vocabulary.pdf,41111719,39.2 MB,.pdf,2108-01-01 00:00:00
PDF Book & Video Class/Smart English 2020 (1).pdf,4878277,4.7 MB,.pdf,2108-01-01 00:00:00
PDF Book & Video Class/Spoken English(hiractg.blogspot.com).pdf,6047178,5.8 MB,.pdf,2108-01-01 00:00:00
"PDF Book & Video Class/Teaching to Learn, Learning to Teach.pdf",1165457,1.1 MB,.pdf,2108-01-01 00:00:00
PDF Book & Video Class/The Daily Star 2016 All Editorial Version 2.pdf,12120222,11.6 MB,.pdf,2108-01-01 00:00:00
PDF Book & Video Class/TOEFL BARRON (admissionwar.com).pdf,100452113,95.8 MB,.pdf,2108-01-01 00:00:00
PDF Book & Video Class/TOEFL cliffs  preparation guide.pdf,38846993,37.0 MB,.pdf,2108-01-01 00:00:00
PDF Book & Video Class/Useful Words Of Different Parts Of Speech.pdf,4118416,3.9 MB,.pdf,2108-01-01 00:00:00
PDF Book & Video Class/পাসপোর্ট টু গ্রামার .pdf,61123568,58.3 MB,.pdf,2108-01-01 00:00:00
PDF Book & Video Class/16 Notes-20221115T181318Z-001/16 Notes/Antonyms.pdf,2134112,2.0 MB,.pdf,2020-05-05 16:19:10
PDF Book & Video Class/16 Notes-20221115T181318Z-001/16 Notes/Article.pdf,699825,683.4 KB,.pdf,2020-05-05 16:18:24
PDF Book & Video Class/16 Notes-20221115T181318Z-001/16 Notes/Correction.pdf,1639422,1.6 MB,.pdf,2020-05-05 16:16:50
PDF Book & Video Class/16 Notes-20221115T181318Z-001/16 Notes/Degree.pdf,718960,702.1 KB,.pdf,2020-05-05 16:18:02
PDF Book & Video Class/16 Notes-20221115T181318Z-001/16 Notes/Narration.pdf,1695767,1.6 MB,.pdf,2020-05-05 16:18:32
PDF Book & Video Class/16 Notes-20221115T181318Z-001/16 Notes/Parts of speech.pdf,6929182,6.6 MB,.pdf,2020-05-05 16:19:10
PDF Book & Video Class/16 Notes-20221115T181318Z-001/16 Notes/Phrase _ Idioms.pdf,2101851,2.0 MB,.pdf,2020-05-05 16:17:06
PDF Book & Video Class/16 Notes-20221115T181318Z-001/16 Notes/Preposition.pdf,5223620,5.0 MB,.pdf,2020-05-05 16:18:04
PDF Book & Video Class/16 Notes-20221115T181318Z-001/16 Notes/Previous BCS Question.pdf,5562017,5.3 MB,.pdf,2020-05-05 16:20:14
PDF Book & Video Class/16 Notes-20221115T181318Z-001/16 Notes/Previous Medical Exam Question.pdf,3947592,3.8 MB,.pdf,2020-05-05 16:20:04
PDF Book & Video Class/16 Notes-20221115T181318Z-001/16 Notes/Spelling.pdf,1491148,1.4 MB,.pdf,2020-05-05 16:16:50
PDF Book & Video Class/16 Notes-20221115T181318Z-001/16 Notes/Synonyms.pdf,2787791,2.7 MB,.pdf,2020-05-05 16:19:14
PDF Book & Video Class/16 Notes-20221115T181318Z-001/16 Notes/Tense.pdf,699210,682.8 KB,.pdf,2020-05-05 16:18:22
PDF Book & Video Class/16 Notes-20221115T181318Z-001/16 Notes/Transformation of Sentences.pdf,1503807,1.4 MB,.pdf,2020-05-05 16:17:42
PDF Book & Video Class/16 Notes-20221115T181318Z-001/16 Notes/Translation _ Proverbs.pdf,4160445,4.0 MB,.pdf,2020-05-05 16:19:50
PDF Book & Video Class/16 Notes-20221115T181318Z-001/16 Notes/Voice.pdf,1640554,1.6 MB,.pdf,2020-05-05 16:17:56
PDF Book & Video Class/Azmeri Haque Badon Pdf Book/ইংরেজিতে কথা বলার জাদু-Spoken English.pdf,21376063,20.4 MB,.pdf,2108-01-01 00:00:00
PDF Book & Video Class/Azmeri Haque Badon Pdf Book/সহজে শিখুন Vocabulary.pdf,33748752,32.2 MB,.pdf,2108-01-01 00:00:00
PDF Book & Video Class/English therapy/English therapy.pdf,108812500,103.8 MB,.pdf,2108-01-01 00:00:00
PDF Book & Video Class/IELTS Vocabulary/Copy of IELTS Vocabulary [www.exambd.net] (1).pdf,1324070,1.3 MB,.pdf,2108-01-01 00:00:00
PDF Book & Video Class/Note/16 Notes/Antonyms.pdf,2134112,2.0 MB,.pdf,2108-01-01 00:00:00
PDF Book & Video Class/Note/16 Notes/Article.pdf,699825,683.4 KB,.pdf,2108-01-01 00:00:00
PDF Book & Video Class/Note/16 Notes/Correction.pdf,1639422,1.6 MB,.pdf,2108-01-01 00:00:00
PDF Book & Video Class/Note/16 Notes/Degree.pdf,718960,702.1 KB,.pdf,2108-01-01 00:00:00
PDF Book & Video Class/Note/16 Notes/Narration.pdf,1695767,1.6 MB,.pdf,2108-01-01 00:00:00
PDF Book & Video Class/Note/16 Notes/Parts of speech.pdf,6929182,6.6 MB,.pdf,2108-01-01 00:00:00
PDF Book & Video Class/Note/16 Notes/Phrase _ Idioms.pdf,2101851,2.0 MB,.pdf,2108-01-01 00:00:00
PDF Book & Video Class/Note/16 Notes/Preposition.pdf,5223620,5.0 MB,.pdf,2108-01-01 00:00:00
PDF Book & Video Class/Note/16 Notes/Previous BCS Question.pdf,5562017,5.3 MB,.pdf,2108-01-01 00:00:00
PDF Book & Video Class/Note/16 Notes/Previous Medical Exam Question.pdf,3947592,3.8 MB,.pdf,2108-01-01 00:00:00
PDF Book & Video Class/Note/16 Notes/Spelling.pdf,1491148,1.4 MB,.pdf,2108-01-01 00:00:00
PDF Book & Video Class/Note/16 Notes/Synonyms.pdf,2787791,2.7 MB,.pdf,2108-01-01 00:00:00
PDF Book & Video Class/Note/16 Notes/Tense.pdf,699210,682.8 KB,.pdf,2108-01-01 00:00:00
PDF Book & Video Class/Note/16 Notes/Transformation of Sentences.pdf,1503807,1.4 MB,.pdf,2108-01-01 00:00:00
PDF Book & Video Class/Note/16 Notes/Translation _ Proverbs.pdf,4160445,4.0 MB,.pdf,2108-01-01 00:00:00
PDF Book & Video Class/Note/16 Notes/Voice.pdf,1640554,1.6 MB,.pdf,2108-01-01 00:00:00
PDF Book & Video Class/Spoken English Challenge Book/ESCB-Latest-Version.pdf,217179506,207.1 MB,.pdf,2108-01-01 00:00:00
ইসলামিক বই ভান্ডার-20250115T172242Z-001/ইসলামিক বই ভান্ডার/Islamic  books  pdf/+Jin+jatir+Bismoykor+Itihash+part-.pdf,3698269,3.5 MB,.pdf,2015-01-07 01:56:08
ইসলামিক বই ভান্ডার-20250115T172242Z-001/ইসলামিক বই ভান্ডার/Islamic  books  pdf/+Jin+jatir+Bismoykor+Itihash+part-3+.pdf,4368883,4.2 MB,.pdf,2015-01-07 02:07:02
ইসলামিক বই ভান্ডার-20250115T172242Z-001/ইসলামিক বই ভান্ডার/Islamic  books  pdf/100_sunnah.pdf,2472592,2.4 MB,.pdf,2014-06-01 20:26:56
ইসলামিক বই ভান্ডার-20250115T172242Z-001/ইসলামিক বই ভান্ডার/Islamic  books  pdf/adarshalipi-allbdbooks-com.pdf,835887,816.3 KB,.pdf,2014-06-01 20:32:48
ইসলামিক বই ভান্ডার-20250115T172242Z-001/ইসলামিক বই ভান্ডার/Islamic  books  pdf/adorshonaribyarajjakbinyusuf.pdf,1342912,1.3 MB,.pdf,2014-03-04 15:45:32
ইসলামিক বই ভান্ডার-20250115T172242Z-001/ইসলামিক বই ভান্ডার/Islamic  books  pdf/adorshopurushbyarajjakbinyusuf.pdf,1547948,1.5 MB,.pdf,2014-03-04 15:45:32
ইসলামিক বই ভান্ডার-20250115T172242Z-001/ইসলামিক বই ভান্ডার/Islamic  books  pdf/allah_poth.pdf,6522028,6.2 MB,.pdf,2014-06-01 20:22:18
ইসলামিক বই ভান্ডার-20250115T172242Z-001/ইসলামিক বই ভান্ডার/Islamic  books  pdf/baro-sirk.pdf,1651342,1.6 MB,.pdf,2014-03-04 15:45:32
ইসলামিক বই ভান্ডার-20250115T172242Z-001/ইসলামিক বই ভান্ডার/Islamic  books  pdf/bn_aktaa_alsaemeen.pdf,116035,113.3 KB,.pdf,2014-04-07 10:42:08
ইসলামিক বই ভান্ডার-20250115T172242Z-001/ইসলামিক বই ভান্ডার/Islamic  books  pdf/bn_namaj_er_waqt_uthaimeen.pdf,302005,294.9 KB,.pdf,2014-04-07 10:42:10
ইসলামিক বই ভান্ডার-20250115T172242Z-001/ইসলামিক বই ভান্ডার/Islamic  books  pdf/dena_paona-Faizi.pdf,416433,406.7 KB,.pdf,2014-04-09 16:53:54
ইসলামিক বই ভান্ডার-20250115T172242Z-001/ইসলামিক বই ভান্ডার/Islamic  books  pdf/Doya-o-valobashar-biswah-nabi.pdf,818357,799.2 KB,.pdf,2014-04-07 10:42:10
ইসলামিক বই ভান্ডার-20250115T172242Z-001/ইসলামিক বই ভান্ডার/Islamic  books  pdf/fatwa_arkanul_islam_qa.pdf,4489485,4.3 MB,.pdf,2014-03-04 15:45:36
ইসলামিক বই ভান্ডার-20250115T172242Z-001/ইসলামিক বই ভান্ডার/Islamic  books  pdf/hadiser_golpo.pdf,1618247,1.5 MB,.pdf,2014-05-01 15:55:20
ইসলামিক বই ভান্ডার-20250115T172242Z-001/ইসলামিক বই ভান্ডার/Islamic  books  pdf/haram_rujee_o_rojgar-Faizi_2.pdf,1794038,1.7 MB,.pdf,2014-03-04 15:45:38
ইসলামিক বই ভান্ডার-20250115T172242Z-001/ইসলামিক বই ভান্ডার/Islamic  books  pdf/Islamer-pratjomic-gan-Abdul-Aziz-bin-Muhammad.pdf,1110490,1.1 MB,.pdf,2014-04-07 10:42:06
ইসলামিক বই ভান্ডার-20250115T172242Z-001/ইসলামিক বই ভান্ডার/Islamic  books  pdf/Jin+jatir+Bismoykor+Itihash+part-1.pdf,3952694,3.8 MB,.pdf,2015-01-07 02:02:00
ইসলামিক বই ভান্ডার-20250115T172242Z-001/ইসলামিক বই ভান্ডার/Islamic  books  pdf/kiamoter-alamot.pdf,1095804,1.0 MB,.pdf,2014-05-16 20:47:50
ইসলামিক বই ভান্ডার-20250115T172242Z-001/ইসলামিক বই ভান্ডার/Islamic  books  pdf/Kolema-la-ila-illaha-bin-Baaz.pdf,929240,907.5 KB,.pdf,2014-04-07 10:42:08
ইসলামিক বই ভান্ডার-20250115T172242Z-001/ইসলামিক বই ভান্ডার/Islamic  books  pdf/mishkatebornitozaifhadeeth-1bymuzefferbinmuhsin.pdf,2003972,1.9 MB,.pdf,2014-04-07 10:42:08
ইসলামিক বই ভান্ডার-20250115T172242Z-001/ইসলামিক বই ভান্ডার/Islamic  books  pdf/MohaProloy.pdf,12276452,11.7 MB,.pdf,2014-06-16 01:15:06
ইসলামিক বই ভান্ডার-20250115T172242Z-001/ইসলামিক বই ভান্ডার/Islamic  books  pdf/Moroner-por-ki-hobe.pdf,1237830,1.2 MB,.pdf,2014-03-08 15:45:34
ইসলামিক বই ভান্ডার-20250115T172242Z-001/ইসলামিক বই ভান্ডার/Islamic  books  pdf/myallbooks-weebly-com-uploads-8-9-4-8-8948012-nurani-quran-shikkha-pdf.pdf,4478722,4.3 MB,.pdf,2014-06-01 20:54:44
ইসলামিক বই ভান্ডার-20250115T172242Z-001/ইসলামিক বই ভান্ডার/Islamic  books  pdf/quranshikkha.pdf,2786138,2.7 MB,.pdf,2014-07-23 09:24:38
ইসলামিক বই ভান্ডার-20250115T172242Z-001/ইসলামিক বই ভান্ডার/Islamic  books  pdf/salat_sompadoner_podhdhoti_part1.pdf,6789897,6.5 MB,.pdf,2014-03-04 15:45:40
ইসলামিক বই ভান্ডার-20250115T172242Z-001/ইসলামিক বই ভান্ডার/Islamic  books  pdf/SHISU.pdf,439228,428.9 KB,.pdf,2014-03-04 15:45:40
ইসলামিক বই ভান্ডার-20250115T172242Z-001/ইসলামিক বই ভান্ডার/Islamic  books  pdf/sothik-dhormo-bissash.pdf,1903532,1.8 MB,.pdf,2014-04-07 10:42:10
ইসলামিক বই ভান্ডার-20250115T172242Z-001/ইসলামিক বই ভান্ডার/Islamic  books  pdf/TheDustWillNeverSettleDown.pdf,1807145,1.7 MB,.pdf,2014-06-16 00:59:14
ইসলামিক বই ভান্ডার-20250115T172242Z-001/ইসলামিক বই ভান্ডার/Islamic  books  pdf/tirmiji1.pdf,12651994,12.1 MB,.pdf,2014-06-01 20:19:24
ইসলামিক বই ভান্ডার-20250115T172242Z-001/ইসলামিক বই ভান্ডার/Islamic  books  pdf/tirmiji2.pdf,16623255,15.9 MB,.pdf,2014-06-01 20:11:56
ইসলামিক বই ভান্ডার-20250115T172242Z-001/ইসলামিক বই ভান্ডার/Islamic  books  pdf/tirmiji3rd.pdf,12295907,11.7 MB,.pdf,2014-06-01 20:21:50
ইসলামিক বই ভান্ডার-20250115T172242Z-001/ইসলামিক বই ভান্ডার/Islamic  books  pdf/www-banglakitab-com-banglabooks-lifeofimamghazali-maulanasakhawatullah-pdf.pdf,2666139,2.5 MB,.pdf,2014-06-01 20:32:34
ইসলামিক বই ভান্ডার-20250115T172242Z-001/ইসলামিক বই ভান্ডার/Islamic  books  pdf/www-islamicbook-ws-bengali-bengal-025-pdf.pdf,661813,646.3 KB,.pdf,2014-06-01 21:04:24
ইসলামিক বই ভান্ডার-20250115T172242Z-001/ইসলামিক বই ভান্ডার/Islamic  books  pdf/D. ZAKIR NAIK/al-quran-its-beauty.pdf,1754383,1.7 MB,.pdf,2012-06-26 13:58:04
ইসলামিক বই ভান্ডার-20250115T172242Z-001/ইসলামিক বই ভান্ডার/আল কোরআন/Al Quran Sharif/Al Quran Sharif/কোরআন মাজিদ-বাংলা_ড.জহুরুল হক ১.pdf,1968966,1.9 MB,.pdf,2022-06-21 07:16:14
ইসলামিক বই ভান্ডার-20250115T172242Z-001/ইসলামিক বই ভান্ডার/আল কোরআন/Darsul Quran-/Darsul Quran/Darsul Quran 2 Badruzzaman.pdf,3282339,3.1 MB,.pdf,2022-06-21 08:01:50
ইসলামিক বই ভান্ডার-20250115T172242Z-001/ইসলামিক বই ভান্ডার/আল কোরআন/drive-download/শব্দার্থে আল কুরআনুল মজীদ - ১ম খন্ড.pdf,8813666,8.4 MB,.pdf,2022-06-21 06:55:22
ইসলামিক বই ভান্ডার-20250115T172242Z-001/ইসলামিক বই ভান্ডার/আল কোরআন/drive-download/শব্দার্থে আল কুরআনুল মজীদ - ১০ম খন্ড.pdf,6892119,6.6 MB,.pdf,2022-06-21 06:57:26
ইসলামিক বই ভান্ডার-20250115T172242Z-001/ইসলামিক বই ভান্ডার/আল কোরআন/drive-download/শব্দার্থে আল কুরআনুল মজীদ - ২য় খন্ড.pdf,9760953,9.3 MB,.pdf,2022-06-21 08:32:56
ইসলামিক বই ভান্ডার-20250115T172242Z-001/ইসলামিক বই ভান্ডার/আল কোরআন/drive-download/শব্দার্থে আল কুরআনুল মজীদ - ৩য় খন্ড.pdf,11040063,10.5 MB,.pdf,2022-06-21 08:33:58
ইসলামিক বই ভান্ডার-20250115T172242Z-001/ইসলামিক বই ভান্ডার/আল কোরআন/drive-download/শব্দার্থে আল কুরআনুল মজীদ - ৪র্থ খন্ড.pdf,8543498,8.1 MB,.pdf,2022-06-21 08:22:12
ইসলামিক বই ভান্ডার-20250115T172242Z-001/ইসলামিক বই ভান্ডার/আল কোরআন/drive-download/শব্দার্থে আল কুরআনুল মজীদ - ৫ম খন্ড.pdf,9308616,8.9 MB,.pdf,2022-06-21 08:28:24
ইসলামিক বই ভান্ডার-20250115T172242Z-001/ইসলামিক বই ভান্ডার/আল কোরআন/drive-download/শব্দার্থে আল কুরআনুল মজীদ - ৬ষ্ঠ খন্ড.pdf,9137546,8.7 MB,.pdf,2022-06-21 08:22:38
ইসলামিক বই ভান্ডার-20250115T172242Z-001/ইসলামিক বই ভান্ডার/আল কোরআন/drive-download/শব্দার্থে আল কুরআনুল মজীদ - ৭ম খন্ড.pdf,8942834,8.5 MB,.pdf,2022-06-21 08:21:46
ইসলামিক বই ভান্ডার-20250115T172242Z-001/ইসলামিক বই ভান্ডার/আল কোরআন/drive-download/শব্দার্থে আল কুরআনুল মজীদ - ৮ম খন্ড.pdf,8243069,7.9 MB,.pdf,2022-06-21 07:34:26
ইসলামিক বই ভান্ডার-20250115T172242Z-001/ইসলামিক বই ভান্ডার/আল কোরআন/drive-download/শব্দার্থে আল কুরআনুল মজীদ - ৯ম খন্ড.pdf,7382383,7.0 MB,.pdf,2022-06-21 08:17:32
ইসলামিক বই ভান্ডার-20250115T172242Z-001/ইসলামিক বই ভান্ডার/আল কোরআন/Tafsir/Tafsir/Sura Fatehar Tafsir.pdf,1456034,1.4 MB,.pdf,2022-06-21 07:19:46
ইসলামিক বই ভান্ডার-20250115T172242Z-001/ইসলামিক বই ভান্ডার/আল হাদিস/Bukhari Sharif - Arabic/Fathul Bari Sharah Sahih Al-Bukhari (Arabic) 03.pdf,22634857,21.6 MB,.pdf,2022-06-21 08:13:32
ইসলামিক বই ভান্ডার-20250115T172242Z-001/ইসলামিক বই ভান্ডার/আল হাদিস/Bukhari Sharif - Arabic/Fathul Bari Sharah Sahih Al-Bukhari (Arabic) 04.pdf,19318181,18.4 MB,.pdf,2022-06-21 08:21:20
ইসলামিক বই ভান্ডার-20250115T172242Z-001/ইসলামিক বই ভান্ডার/আল হাদিস/Bukhari Sharif - Arabic/Fathul Bari Sharah Sahih Al-Bukhari (Arabic) 05.pdf,14956643,14.3 MB,.pdf,2022-06-21 07:04:30
ইসলামিক বই ভান্ডার-20250115T172242Z-001/ইসলামিক বই ভান্ডার/আল হাদিস/Bukhari Sharif - Arabic/Fathul Bari Sharah Sahih Al-Bukhari (Arabic) 06.pdf,21864520,20.9 MB,.pdf,2022-06-21 07:16:46
ইসলামিক বই ভান্ডার-20250115T172242Z-001/ইসলামিক বই ভান্ডার/আল হাদিস/Bukhari Sharif - Arabic/Fathul Bari Sharah Sahih Al-Bukhari (Arabic) 07.pdf,18615421,17.8 MB,.pdf,2022-06-21 07:49:28
ইসলামিক বই ভান্ডার-20250115T172242Z-001/ইসলামিক বই ভান্ডার/আল হাদিস/Bukhari Sharif - Arabic/Fathul Bari Sharah Sahih Al-Bukhari (Arabic) 09.pdf,17030277,16.2 MB,.pdf,2022-06-21 07:50:06
ইসলামিক বই ভান্ডার-20250115T172242Z-001/ইসলামিক বই ভান্ডার/আল হাদিস/Bukhari Sharif - Arabic/Fathul Bari Sharah Sahih Al-Bukhari (Arabic) 10.pdf,24037022,22.9 MB,.pdf,2022-06-21 08:17:32
ইসলামিক বই ভান্ডার-20250115T172242Z-001/ইসলামিক বই ভান্ডার/আল হাদিস/Jame At Tirmiji/Jame At Tirmiji 1.pdf,12659460,12.1 MB,.pdf,2022-06-21 07:03:04
ইসলামিক বই ভান্ডার-20250115T172242Z-001/ইসলামিক বই ভান্ডার/আল হাদিস/Jame At Tirmiji/Jame At Tirmiji 2.pdf,12559268,12.0 MB,.pdf,2022-06-21 08:04:44
ইসলামিক বই ভান্ডার-20250115T172242Z-001/ইসলামিক বই ভান্ডার/আল হাদিস/Jame At Tirmiji/Jame At Tirmiji 3.pdf,12175257,11.6 MB,.pdf,2022-06-21 08:29:02
ইসলামিক বই ভান্ডার-20250115T172242Z-001/ইসলামিক বই ভান্ডার/আল হাদিস/Jame At Tirmiji/Jame At Tirmiji 4.pdf,12155161,11.6 MB,.pdf,2022-06-21 07:47:22
ইসলামিক বই ভান্ডার-20250115T172242Z-001/ইসলামিক বই ভান্ডার/আল হাদিস/Jame At Tirmiji/Jame At Tirmiji 5.pdf,12524435,11.9 MB,.pdf,2022-06-21 07:15:18
ইসলামিক বই ভান্ডার-20250115T172242Z-001/ইসলামিক বই ভান্ডার/আল হাদিস/Jame At Tirmiji/Jame At Tirmiji 6.pdf,13654084,13.0 MB,.pdf,2022-06-21 07:20:54
ইসলামিক বই ভান্ডার-20250115T172242Z-001/ইসলামিক বই ভান্ডার/আল হাদিস/Muyatta Ibne/Muwatta_Part-2.pdf,24355992,23.2 MB,.pdf,2022-06-21 08:29:36
ইসলামিক বই ভান্ডার-20250115T172242Z-001/ইসলামিক বই ভান্ডার/আল হাদিস/Rahe Amol/Rahe Amol 1.pdf,5325144,5.1 MB,.pdf,2022-06-21 07:20:10
ইসলামিক বই ভান্ডার-20250115T172242Z-001/ইসলামিক বই ভান্ডার/আল হাদিস/Riyadus Saleheen/Riyadus Saleheen 1.pdf,8624129,8.2 MB,.pdf,2022-06-21 07:20:10
ইসলামিক বই ভান্ডার-20250115T172242Z-001/ইসলামিক বই ভান্ডার/আল হাদিস/Riyadus Saleheen/Riyadus Saleheen 2.pdf,7999212,7.6 MB,.pdf,2022-06-21 06:54:20
ইসলামিক বই ভান্ডার-20250115T172242Z-001/ইসলামিক বই ভান্ডার/আল হাদিস/Riyadus Saleheen/Riyadus Saleheen 3.pdf,7752489,7.4 MB,.pdf,2022-06-21 06:52:58
ইসলামিক বই ভান্ডার-20250115T172242Z-001/ইসলামিক বই ভান্ডার/আল হাদিস/Riyadus Saleheen/Riyadus Saleheen 4.pdf,7523585,7.2 MB,.pdf,2022-06-21 08:24:32
ইসলামিক বই ভান্ডার-20250115T172242Z-001/ইসলামিক বই ভান্ডার/আল হাদিস/Sunane aan Nasai/Sunan_An-Nasai_Part-1.pdf,14567009,13.9 MB,.pdf,2022-06-21 08:34:24
ইসলামিক বই ভান্ডার-20250115T172242Z-001/ইসলামিক বই ভান্ডার/আল হাদিস/দারসে হাদীস/দারসে হাদীস (ভলিউম-১) _খঃরঃমমিন.pdf,5869524,5.6 MB,.pdf,2022-06-21 08:33:46
ইসলামিক বই ভান্ডার-20250115T172242Z-001/ইসলামিক বই ভান্ডার/আল হাদিস/দারসে হাদীস/দারসে হাদীস (ভলিউম-২) __খঃরঃমমিন.pdf,4591512,4.4 MB,.pdf,2022-06-21 07:47:38
ইসলামিক বই ভান্ডার-20250115T172242Z-001/ইসলামিক বই ভান্ডার/আল হাদিস/দারসে হাদীস/দারসে হাদীস -১ম খন্ড _হাঃপারভিন.pdf,4187396,4.0 MB,.pdf,2022-06-21 07:49:16
ইসলামিক বই ভান্ডার-20250115T172242Z-001/ইসলামিক বই ভান্ডার/আল হাদিস/দারসে হাদীস/দারসে হাদীস -২য় খন্ড _হাঃপারভিন.pdf,4208803,4.0 MB,.pdf,2022-06-21 07:49:18
ইসলামিক বই ভান্ডার-20250115T172242Z-001/ইসলামিক বই ভান্ডার/ইসলামিক ইতিহাস/Book New folder/আবু বকর রা. সম্পর্কে ১৫০ টি শিক্ষণীয় ঘটনা.pdf,2821284,2.7 MB,.pdf,2022-06-21 07:45:16
ইসলামিক বই ভান্ডার-20250115T172242Z-001/ইসলামিক বই ভান্ডার/ইসলামিক ইতিহাস/Book New folder/আব্দুল বারী.pdf,314072,306.7 KB,.pdf,2022-06-21 07:14:16
ইসলামিক বই ভান্ডার-20250115T172242Z-001/ইসলামিক বই ভান্ডার/ইসলামিক ইতিহাস/Book New folder/আয়েশা রা. সম্পর্কে ১৫০ টি শিক্ষণীয় ঘটনা.pdf,3638328,3.5 MB,.pdf,2022-06-21 06:49:30
ইসলামিক বই ভান্ডার-20250115T172242Z-001/ইসলামিক বই ভান্ডার/ইসলামিক ইতিহাস/Book New folder/আরাকানের মুসলমানদের ইতিহাস.pdf,9246650,8.8 MB,.pdf,2022-06-21 08:11:58
ইসলামিক বই ভান্ডার-20250115T172242Z-001/ইসলামিক বই ভান্ডার/ইসলামিক ইতিহাস/Book New folder/আল আকসা মসজিদের ইতিকথা.pdf,3028900,2.9 MB,.pdf,2022-06-21 06:50:34
ইসলামিক বই ভান্ডার-20250115T172242Z-001/ইসলামিক বই ভান্ডার/ইসলামিক ইতিহাস/Book New folder/আল বেরুনির ভারত তত্ব.pdf,16357690,15.6 MB,.pdf,2022-06-21 08:31:44
ইসলামিক বই ভান্ডার-20250115T172242Z-001/ইসলামিক বই ভান্ডার/ইসলামিক ইতিহাস/Book New folder/আলী রা. সম্পর্কে ১৫০ টি শিক্ষণীয় ঘটনা.pdf,2414884,2.3 MB,.pdf,2022-06-21 07:08:04
ইসলামিক বই ভান্ডার-20250115T172242Z-001/ইসলামিক বই ভান্ডার/ইসলামিক ইতিহাস/Book New folder/আলেম মুক্তিযোদ্ধার খোঁজে.pdf,27525817,26.3 MB,.pdf,2022-06-21 08:24:44
ইসলামিক বই ভান্ডার-20250115T172242Z-001/ইসলামিক বই ভান্ডার/ইসলামিক ইতিহাস/Book New folder/আসমা (রাঃ) সম্পর্কে ১৫০ টি শিক্ষণীয় ঘটনা.pdf,2126923,2.0 MB,.pdf,2022-06-21 07:46:44
ইসলামিক বই ভান্ডার-20250115T172242Z-001/ইসলামিক বই ভান্ডার/ইসলামিক ইতিহাস/Book New folder/ইতিহাস কথা কয় - আবুল হোসেন ভট্টাচার্য.pdf,5902402,5.6 MB,.pdf,2022-06-21 08:33:46
ইসলামিক বই ভান্ডার-20250115T172242Z-001/ইসলামিক বই ভান্ডার/ইসলামিক ইতিহাস/Book New folder/ইতিহাসের দুর্লভ তথ্যাবলী.pdf,5031343,4.8 MB,.pdf,2022-06-21 06:57:26
ইসলামিক বই ভান্ডার-20250115T172242Z-001/ইসলামিক বই ভান্ডার/ইসলামিক ইতিহাস/Book New folder/ইবনে বতুতার ভ্রমণ কাহিনি.pdf,1191609,1.1 MB,.pdf,2022-06-21 07:46:52
ইসলামিক বই ভান্ডার-20250115T172242Z-001/ইসলামিক বই ভান্ডার/ইসলামিক ইতিহাস/Book New folder/ইবনে বতুতার সফরনামা.pdf,9861579,9.4 MB,.pdf,2022-06-21 07:24:18
ইসলামিক বই ভান্ডার-20250115T172242Z-001/ইসলামিক বই ভান্ডার/ইসলামিক ইতিহাস/Book New folder/ইসলামের ইতিহাস ইঃফা.pdf,22617043,21.6 MB,.pdf,2022-06-21 07:37:20
ইসলামিক বই ভান্ডার-20250115T172242Z-001/ইসলামিক বই ভান্ডার/ইসলামিক ইতিহাস/Book New folder/ইসলামের প্রথম মুয়াযযিন হযরত বিলাল (রাঃ).pdf,1324164,1.3 MB,.pdf,2022-06-21 06:53:34
ইসলামিক বই ভান্ডার-20250115T172242Z-001/ইসলামিক বই ভান্ডার/ইসলামিক ইতিহাস/Book New folder/উপমহাদেশে ইংরেজ বিরোধী সংগ্রামের সূচনায় উলামায়ে কেরাম.pdf,2613751,2.5 MB,.pdf,2022-06-21 08:10:20
ইসলামিক বই ভান্ডার-20250115T172242Z-001/ইসলামিক বই ভান্ডার/ইসলামিক ইতিহাস/Book New folder/উসমানি খিলাফত.pdf,1771430,1.7 MB,.pdf,2022-06-21 08:34:54
ইসলামিক বই ভান্ডার-20250115T172242Z-001/ইসলামিক বই ভান্ডার/ইসলামিক ইতিহাস/Book New folder/উসমানী খিলাফাতের ইতিকথা- উসমানী খিলাফাতের ইতিকথা.pdf,1473434,1.4 MB,.pdf,2022-06-21 07:19:46
ইসলামিক বই ভান্ডার-20250115T172242Z-001/ইসলামিক বই ভান্ডার/ইসলামিক ইতিহাস/Book New folder/উহুদ থেকে কাসিয়ুন.pdf,4753068,4.5 MB,.pdf,2022-06-21 06:48:52
ইসলামিক বই ভান্ডার-20250115T172242Z-001/ইসলামিক বই ভান্ডার/ইসলামিক ইতিহাস/Book New folder/ওমর ইবনে আবদুল আজীজ.pdf,6583316,6.3 MB,.pdf,2022-06-21 06:56:24
ইসলামিক বই ভান্ডার-20250115T172242Z-001/ইসলামিক বই ভান্ডার/ইসলামিক ইতিহাস/Book New folder/কোরআন হাদীস সংকলনের ইতিহাস.pdf,4684734,4.5 MB,.pdf,2022-06-21 06:52:30
ইসলামিক বই ভান্ডার-20250115T172242Z-001/ইসলামিক বই ভান্ডার/ইসলামিক ইতিহাস/Book New folder/খাদিজা রা. সম্পর্কে ১৫০টি শিক্ষণীয় ঘটনা.pdf,3686399,3.5 MB,.pdf,2022-06-21 07:24:32
ইসলামিক বই ভান্ডার-20250115T172242Z-001/ইসলামিক বই ভান্ডার/ইসলামিক ইতিহাস/Book New folder/খালীফাতু রাসূলিল্লাহ আবূ বাকর আছছিদ্দীক রা..pdf,26069159,24.9 MB,.pdf,2022-06-21 07:43:22
ইসলামিক বই ভান্ডার-20250115T172242Z-001/ইসলামিক বই ভান্ডার/ইসলামিক ইতিহাস/Book New folder/খিলাফতে রাশেদা- খিলাফতে রাশেদা.pdf,5747285,5.5 MB,.pdf,2022-06-21 06:52:10
ইসলামিক বই ভান্ডার-20250115T172242Z-001/ইসলামিক বই ভান্ডার/ইসলামিক ইতিহাস/Book New folder/খেলাফত ও রাজতন্ত্র.pdf,7958358,7.6 MB,.pdf,2022-06-21 08:22:14
ইসলামিক বই ভান্ডার-20250115T172242Z-001/ইসলামিক বই ভান্ডার/ইসলামিক ইতিহাস/Book New folder/চার ইমামের জীবনকথা.pdf,15193734,14.5 MB,.pdf,2022-06-21 08:18:50
ইসলামিক বই ভান্ডার-20250115T172242Z-001/ইসলামিক বই ভান্ডার/ইসলামিক ইতিহাস/Book New folder/পাশ্চাত্য সভ্যতায় ইসলাম.pdf,19112954,18.2 MB,.pdf,2022-06-21 08:24:06
ইসলামিক বই ভান্ডার-20250115T172242Z-001/ইসলামিক বই ভান্ডার/ইসলামিক ইতিহাস/Book New folder/প্রিয় নবির কন্যাগন.pdf,1916301,1.8 MB,.pdf,2022-06-21 07:16:12
ইসলামিক বই ভান্ডার-20250115T172242Z-001/ইসলামিক বই ভান্ডার/ইসলামিক ইতিহাস/Book New folder/ফিকহে হযরত আবু বকর রাদিয়াল্লাহু আনহু.pdf,7115826,6.8 MB,.pdf,2022-06-21 07:36:58
ইসলামিক বই ভান্ডার-20250115T172242Z-001/ইসলামিক বই ভান্ডার/ইসলামিক ইতিহাস/Book New folder/ফিকহে হযরত ওসমান রাদিয়াল্লাহু আনহু.pdf,9506138,9.1 MB,.pdf,2022-06-21 07:44:30
ইসলামিক বই ভান্ডার-20250115T172242Z-001/ইসলামিক বই ভান্ডার/ইসলামিক ইতিহাস/Book New folder/বাংলা সাহিত্যে মুসলিম ঐতিহ্য.pdf,7958097,7.6 MB,.pdf,2022-06-21 08:22:00
ইসলামিক বই ভান্ডার-20250115T172242Z-001/ইসলামিক বই ভান্ডার/ইসলামিক ইতিহাস/Book New folder/বাংলার মুসলমানদের ইতিহাস.pdf,14741984,14.1 MB,.pdf,2022-06-21 07:50:10
ইসলামিক বই ভান্ডার-20250115T172242Z-001/ইসলামিক বই ভান্ডার/ইসলামিক ইতিহাস/Book New folder/ভারতে মুসলিম নির্যাতন.pdf,12319282,11.7 MB,.pdf,2022-06-21 07:36:58
ইসলামিক বই ভান্ডার-20250115T172242Z-001/ইসলামিক বই ভান্ডার/ইসলামিক ইতিহাস/Book New folder/মহানবীর (সা) সীরাত কোষ.pdf,5695203,5.4 MB,.pdf,2022-06-21 07:15:30
ইসলামিক বই ভান্ডার-20250115T172242Z-001/ইসলামিক বই ভান্ডার/ইসলামিক ইতিহাস/অন্যান্য/আবু বকর রা. সম্পর্কে ১৫০ টি শিক্ষণীয় ঘটনা.pdf,2821284,2.7 MB,.pdf,2022-06-21 07:45:16
ইসলামিক বই ভান্ডার-20250115T172242Z-001/ইসলামিক বই ভান্ডার/ইসলামিক ইতিহাস/অন্যান্য/আব্দুল বারী.pdf,314072,306.7 KB,.pdf,2022-06-21 07:14:16
ইসলামিক বই ভান্ডার-20250115T172242Z-001/ইসলামিক বই ভান্ডার/ইসলামিক ইতিহাস/অন্যান্য/আয়েশা রা. সম্পর্কে ১৫০ টি শিক্ষণীয় ঘটনা.pdf,3638328,3.5 MB,.pdf,2022-06-21 06:49:30
ইসলামিক বই ভান্ডার-20250115T172242Z-001/ইসলামিক বই ভান্ডার/ইসলামিক ইতিহাস/অন্যান্য/আরব জাতির ইতিহাস.pdf,147463640,140.6 MB,.pdf,2022-06-21 08:08:48
ইসলামিক বই ভান্ডার-20250115T172242Z-001/ইসলামিক বই ভান্ডার/ইসলামিক ইতিহাস/অন্যান্য/আরাকানের মুসলমানদের ইতিহাস.pdf,9246650,8.8 MB,.pdf,2022-06-21 08:11:58
ইসলামিক বই ভান্ডার-20250115T172242Z-001/ইসলামিক বই ভান্ডার/ইসলামিক ইতিহাস/অন্যান্য/আল আকসা মসজিদের ইতিকথা.pdf,3028900,2.9 MB,.pdf,2022-06-21 06:50:34
ইসলামিক বই ভান্ডার-20250115T172242Z-001/ইসলামিক বই ভান্ডার/ইসলামিক ইতিহাস/অন্যান্য/আল বেরুনির ভারত তত্ব.pdf,16357690,15.6 MB,.pdf,2022-06-21 08:31:44
ইসলামিক বই ভান্ডার-20250115T172242Z-001/ইসলামিক বই ভান্ডার/ইসলামিক ইতিহাস/অন্যান্য/আলী রা. সম্পর্কে ১৫০ টি শিক্ষণীয় ঘটনা.pdf,2414884,2.3 MB,.pdf,2022-06-21 07:08:04
ইসলামিক বই ভান্ডার-20250115T172242Z-001/ইসলামিক বই ভান্ডার/ইসলামিক ইতিহাস/অন্যান্য/আলেম মুক্তিযোদ্ধার খোঁজে.pdf,27525817,26.3 MB,.pdf,2022-06-21 08:24:44
ইসলামিক বই ভান্ডার-20250115T172242Z-001/ইসলামিক বই ভান্ডার/ইসলামিক ইতিহাস/অন্যান্য/আসমা (রাঃ) সম্পর্কে ১৫০ টি শিক্ষণীয় ঘটনা.pdf,2126923,2.0 MB,.pdf,2022-06-21 07:46:44
ইসলামিক বই ভান্ডার-20250115T172242Z-001/ইসলামিক বই ভান্ডার/ইসলামিক ইতিহাস/অন্যান্য/ইতিহাস কথা কয় - আবু তালিব.pdf,3823783,3.6 MB,.pdf,2022-06-21 07:15:06
ইসলামিক বই ভান্ডার-20250115T172242Z-001/ইসলামিক বই ভান্ডার/ইসলামিক ইতিহাস/অন্যান্য/ইতিহাস কথা কয় - আবুল হোসেন ভট্টাচার্য.pdf,5902402,5.6 MB,.pdf,2022-06-21 08:33:46
ইসলামিক বই ভান্ডার-20250115T172242Z-001/ইসলামিক বই ভান্ডার/ইসলামিক ইতিহাস/অন্যান্য/ইতিহাসের দুর্লভ তথ্যাবলী.pdf,5031343,4.8 MB,.pdf,2022-06-21 06:57:26
ইসলামিক বই ভান্ডার-20250115T172242Z-001/ইসলামিক বই ভান্ডার/ইসলামিক ইতিহাস/অন্যান্য/ইবনে বতুতার ভ্রমণ কাহিনি.pdf,1191609,1.1 MB,.pdf,2022-06-21 07:46:52
ইসলামিক বই ভান্ডার-20250115T172242Z-001/ইসলামিক বই ভান্ডার/ইসলামিক ইতিহাস/অন্যান্য/ইবনে বতুতার সফরনামা.pdf,9861579,9.4 MB,.pdf,2022-06-21 07:24:18
ইসলামিক বই ভান্ডার-20250115T172242Z-001/ইসলামিক বই ভান্ডার/ইসলামিক ইতিহাস/অন্যান্য/ইসলামের ইতিহাস ইঃফা.pdf,22617043,21.6 MB,.pdf,2022-06-21 07:37:20
ইসলামিক বই ভান্ডার-20250115T172242Z-001/ইসলামিক বই ভান্ডার/ইসলামিক ইতিহাস/অন্যান্য/ইসলামের প্রথম মুয়াযযিন হযরত বিলাল (রাঃ).pdf,1324164,1.3 MB,.pdf,2022-06-21 06:53:34
ইসলামিক বই ভান্ডার-20250115T172242Z-001/ইসলামিক বই ভান্ডার/ইসলামিক ইতিহাস/অন্যান্য/উপমহাদেশে ইংরেজ বিরোধী সংগ্রামের সূচনায় উলামায়ে কেরাম.pdf,2613751,2.5 MB,.pdf,2022-06-21 08:10:20
ইসলামিক বই ভান্ডার-20250115T172242Z-001/ইসলামিক বই ভান্ডার/ইসলামিক ইতিহাস/অন্যান্য/উসমানি খিলাফত.pdf,1771430,1.7 MB,.pdf,2022-06-21 08:34:54
ইসলামিক বই ভান্ডার-20250115T172242Z-001/ইসলামিক বই ভান্ডার/ইসলামিক ইতিহাস/অন্যান্য/উসমানী খিলাফাতের ইতিকথা- উসমানী খিলাফাতের ইতিকথা.pdf,1473434,1.4 MB,.pdf,2022-06-21 07:19:46
ইসলামিক বই ভান্ডার-20250115T172242Z-001/ইসলামিক বই ভান্ডার/ইসলামিক ইতিহাস/অন্যান্য/উহুদ থেকে কাসিয়ুন.pdf,4753068,4.5 MB,.pdf,2022-06-21 06:48:52
ইসলামিক বই ভান্ডার-20250115T172242Z-001/ইসলামিক বই ভান্ডার/ইসলামিক ইতিহাস/অন্যান্য/ওমর ইবনে আবদুল আজীজ.pdf,6583316,6.3 MB,.pdf,2022-06-21 06:56:24
ইসলামিক বই ভান্ডার-20250115T172242Z-001/ইসলামিক বই ভান্ডার/ইসলামিক ইতিহাস/অন্যান্য/কোরআন হাদীস সংকলনের ইতিহাস.pdf,4684734,4.5 MB,.pdf,2022-06-21 06:52:30
ইসলামিক বই ভান্ডার-20250115T172242Z-001/ইসলামিক বই ভান্ডার/ইসলামিক ইতিহাস/অন্যান্য/খাদিজা রা. সম্পর্কে ১৫০টি শিক্ষণীয় ঘটনা.pdf,3686399,3.5 MB,.pdf,2022-06-21 07:24:32
ইসলামিক বই ভান্ডার-20250115T172242Z-001/ইসলামিক বই ভান্ডার/ইসলামিক ইতিহাস/অন্যান্য/খালীফাতু রাসূলিল্লাহ আবূ বাকর আছছিদ্দীক রা..pdf,26069159,24.9 MB,.pdf,2022-06-21 07:43:22
ইসলামিক বই ভান্ডার-20250115T172242Z-001/ইসলামিক বই ভান্ডার/ইসলামিক ইতিহাস/অন্যান্য/খিলাফতে রাশেদা- খিলাফতে রাশেদা.pdf,5747285,5.5 MB,.pdf,2022-06-21 06:52:10
ইসলামিক বই ভান্ডার-20250115T172242Z-001/ইসলামিক বই ভান্ডার/ইসলামিক ইতিহাস/অন্যান্য/খেলাফত ও রাজতন্ত্র.pdf,7958358,7.6 MB,.pdf,2022-06-21 08:22:14
ইসলামিক বই ভান্ডার-20250115T172242Z-001/ইসলামিক বই ভান্ডার/ইসলামিক ইতিহাস/অন্যান্য/চার ইমামের জীবনকথা.pdf,15193734,14.5 MB,.pdf,2022-06-21 08:18:50
ইসলামিক বই ভান্ডার-20250115T172242Z-001/ইসলামিক বই ভান্ডার/ইসলামিক ইতিহাস/অন্যান্য/পাশ্চাত্য সভ্যতায় ইসলাম.pdf,19112954,18.2 MB,.pdf,2022-06-21 08:24:06
ইসলামিক বই ভান্ডার-20250115T172242Z-001/ইসলামিক বই ভান্ডার/ইসলামিক ইতিহাস/অন্যান্য/প্রিয় নবির কন্যাগন.pdf,1916301,1.8 MB,.pdf,2022-06-21 07:16:12
ইসলামিক বই ভান্ডার-20250115T172242Z-001/ইসলামিক বই ভান্ডার/ইসলামিক ইতিহাস/অন্যান্য/ফিকহে হযরত আবু বকর রাদিয়াল্লাহু আনহু.pdf,7115826,6.8 MB,.pdf,2022-06-21 07:36:58
ইসলামিক বই ভান্ডার-20250115T172242Z-001/ইসলামিক বই ভান্ডার/ইসলামিক ইতিহাস/অন্যান্য/ফিকহে হযরত ওসমান রাদিয়াল্লাহু আনহু.pdf,9506138,9.1 MB,.pdf,2022-06-21 07:44:30
ইসলামিক বই ভান্ডার-20250115T172242Z-001/ইসলামিক বই ভান্ডার/ইসলামিক ইতিহাস/অন্যান্য/বাংলা সাহিত্যে মুসলিম ঐতিহ্য.pdf,7958097,7.6 MB,.pdf,2022-06-21 08:22:00
ইসলামিক বই ভান্ডার-20250115T172242Z-001/ইসলামিক বই ভান্ডার/ইসলামিক ইতিহাস/অন্যান্য/বাংলার মুসলমানদের ইতিহাস.pdf,14741984,14.1 MB,.pdf,2022-06-21 07:50:10
ইসলামিক বই ভান্ডার-20250115T172242Z-001/ইসলামিক বই ভান্ডার/ইসলামিক ইতিহাস/অন্যান্য/ভারতে মুসলিম নির্যাতন.pdf,12319282,11.7 MB,.pdf,2022-06-21 07:36:58
ইসলামিক বই ভান্ডার-20250115T172242Z-001/ইসলামিক বই ভান্ডার/ইসলামিক ইতিহাস/অন্যান্য/মহানবীর (সা) সীরাত কোষ.pdf,5695203,5.4 MB,.pdf,2022-06-21 07:15:30
ইসলামিক বই ভান্ডার-20250115T172242Z-001/ইসলামিক বই ভান্ডার/ইসলামিক ইতিহাস/অন্যান্য/মহাবিশ্বের সর্বকালের সর্বশ্রেষ্ঠ মহামানব.pdf,17762529,16.9 MB,.pdf,2022-06-21 08:26:58
ইসলামিক বই ভান্ডার-20250115T172242Z-001/ইসলামিক বই ভান্ডার/ইসলামিক ইতিহাস/অন্যান্য/মিশরের ইতিহাস - আইজাক আসিমভ.pdf,9241021,8.8 MB,.pdf,2022-06-21 08:11:58
ইসলামিক বই ভান্ডার-20250115T172242Z-001/ইসলামিক বই ভান্ডার/ইসলামিক ইতিহাস/অন্যান্য/মুসলিম  মনীষীদের ছেলেবেলা.pdf,1903736,1.8 MB,.pdf,2022-06-21 07:36:22
ইসলামিক বই ভান্ডার-20250115T172242Z-001/ইসলামিক বই ভান্ডার/ইসলামিক ইতিহাস/অন্যান্য/সীরাতে ইবনে হিশাম.pdf,13652687,13.0 MB,.pdf,2022-06-21 08:02:44
ইসলামিক বই ভান্ডার-20250115T172242Z-001/ইসলামিক বই ভান্ডার/ইসলামিক ইতিহাস/অন্যান্য/সুন্নাতে রাসূল ও চার ইমাম এর আবস্থান.pdf,3782882,3.6 MB,.pdf,2022-06-21 08:25:18
ইসলামিক বই ভান্ডার-20250115T172242Z-001/ইসলামিক বই ভান্ডার/ইসলামিক ইতিহাস/অন্যান্য/হযরত আবু বকর (রা)..pdf,13183951,12.6 MB,.pdf,2022-06-21 08:32:28
ইসলামিক বই ভান্ডার-20250115T172242Z-001/ইসলামিক বই ভান্ডার/ইসলামিক ইতিহাস/অন্যান্য/হযরত আয়েশা রাযিয়াল্লাহু.pdf,4711339,4.5 MB,.pdf,2022-06-21 08:17:04
ইসলামিক বই ভান্ডার-20250115T172242Z-001/ইসলামিক বই ভান্ডার/ইসলামিক ইতিহাস/অন্যান্য/হযরত ফাতেমা যোহরা রা..pdf,1114973,1.1 MB,.pdf,2022-06-21 07:46:52
ইসলামিক বই ভান্ডার-20250115T172242Z-001/ইসলামিক বই ভান্ডার/ইসলামিক ইতিহাস/অন্যান্য/হাদীস সংকলনের ইতিহাস.pdf,14494676,13.8 MB,.pdf,2022-06-21 08:34:08
ইসলামিক বই ভান্ডার-20250115T172242Z-001/ইসলামিক বই ভান্ডার/ইসলামিক ইতিহাস/আল-মুকাদ্দিমা/আল-মুকাদ্দিমা - ১ম খন্ড.pdf,19346686,18.5 MB,.pdf,2022-06-21 08:22:14
ইসলামিক বই ভান্ডার-20250115T172242Z-001/ইসলামিক বই ভান্ডার/ইসলামিক ইতিহাস/আল-মুকাদ্দিমা/আল-মুকাদ্দিমা - ২য় খন্ড.pdf,13510886,12.9 MB,.pdf,2022-06-21 07:34:36
ইসলামিক বই ভান্ডার-20250115T172242Z-001/ইসলামিক বই ভান্ডার/ইসলামিক ইতিহাস/আসহাবে রাসূলের জীবনকথা/আসহাবে রাসূলের জীবনকথা - ১ম খন্ড.pdf,7835221,7.5 MB,.pdf,2022-06-21 08:19:22
ইসলামিক বই ভান্ডার-20250115T172242Z-001/ইসলামিক বই ভান্ডার/ইসলামিক ইতিহাস/আসহাবে রাসূলের জীবনকথা/আসহাবে রাসূলের জীবনকথা - ২য় খন্ড.pdf,8503347,8.1 MB,.pdf,2022-06-21 08:22:12
ইসলামিক বই ভান্ডার-20250115T172242Z-001/ইসলামিক বই ভান্ডার/ইসলামিক ইতিহাস/আসহাবে রাসূলের জীবনকথা/আসহাবে রাসূলের জীবনকথা - ৩য় খন্ড.pdf,8944931,8.5 MB,.pdf,2022-06-21 08:19:44
ইসলামিক বই ভান্ডার-20250115T172242Z-001/ইসলামিক বই ভান্ডার/ইসলামিক ইতিহাস/আসহাবে রাসূলের জীবনকথা/আসহাবে রাসূলের জীবনকথা - ৪র্থ খন্ড.pdf,8596399,8.2 MB,.pdf,2022-06-21 07:25:34
ইসলামিক বই ভান্ডার-20250115T172242Z-001/ইসলামিক বই ভান্ডার/ইসলামিক ইতিহাস/আসহাবে রাসূলের জীবনকথা/আসহাবে রাসূলের জীবনকথা - ৫ম খন্ড.pdf,10692255,10.2 MB,.pdf,2022-06-21 08:30:42
ইসলামিক বই ভান্ডার-20250115T172242Z-001/ইসলামিক বই ভান্ডার/ইসলামিক ইতিহাস/আসহাবে রাসূলের জীবনকথা/আসহাবে রাসূলের জীবনকথা - ৬ষ্ঠ খন্ড.pdf,10676136,10.2 MB,.pdf,2022-06-21 07:45:18
ইসলামিক বই ভান্ডার-20250115T172242Z-001/ইসলামিক বই ভান্ডার/ইসলামিক ইতিহাস/ইসলামী বিশ্বকোষ/Islami Bisshowkosh Part 01.pdf,51595051,49.2 MB,.pdf,2022-06-21 08:30:08
ইসলামিক বই ভান্ডার-20250115T172242Z-001/ইসলামিক বই ভান্ডার/ইসলামিক ইতিহাস/ইসলামী বিশ্বকোষ/Islami Bisshowkosh Part 02.pdf,56398195,53.8 MB,.pdf,2022-06-21 08:32:30
ইসলামিক বই ভান্ডার-20250115T172242Z-001/ইসলামিক বই ভান্ডার/ইসলামিক ইতিহাস/ইসলামী বিশ্বকোষ/Islami Bisshowkosh Part 03.pdf,52124191,49.7 MB,.pdf,2022-06-21 08:30:24
ইসলামিক বই ভান্ডার-20250115T172242Z-001/ইসলামিক বই ভান্ডার/ইসলামিক ইতিহাস/ইসলামী বিশ্বকোষ/Islami Bisshowkosh Part 04.pdf,72563334,69.2 MB,.pdf,2022-06-21 08:26:44
ইসলামিক বই ভান্ডার-20250115T172242Z-001/ইসলামিক বই ভান্ডার/ইসলামিক ইতিহাস/ইসলামী বিশ্বকোষ/Islami Bisshowkosh Part 05.pdf,64048028,61.1 MB,.pdf,2022-06-21 08:31:34
ইসলামিক বই ভান্ডার-20250115T172242Z-001/ইসলামিক বই ভান্ডার/ইসলামিক ইতিহাস/ইসলামের ইতিহাস  ইঃফা/ইসলামের ইতিহাস ১.pdf,22617043,21.6 MB,.pdf,2022-06-21 08:34:32
ইসলামিক বই ভান্ডার-20250115T172242Z-001/ইসলামিক বই ভান্ডার/ইসলামিক ইতিহাস/ইসলামের ইতিহাস  ইঃফা/ইসলামের ইতিহাস ২.pdf,39449511,37.6 MB,.pdf,2022-06-21 08:23:56
ইসলামিক বই ভান্ডার-20250115T172242Z-001/ইসলামিক বই ভান্ডার/ইসলামিক ইতিহাস/ইসলামের ইতিহাস  ইঃফা/ইসলামের ইতিহাস ৩.pdf,24834184,23.7 MB,.pdf,2022-06-21 07:28:34
ইসলামিক বই ভান্ডার-20250115T172242Z-001/ইসলামিক বই ভান্ডার/ইসলামিক ইতিহাস/জীবনি/Abdul Matin Salafi.pdf,136808,133.6 KB,.pdf,2022-06-21 07:14:16
ইসলামিক বই ভান্ডার-20250115T172242Z-001/ইসলামিক বই ভান্ডার/ইসলামিক ইতিহাস/জীবনি/abu Muslim Al Khawlani.pdf,135694,132.5 KB,.pdf,2022-06-21 07:14:16
ইসলামিক বই ভান্ডার-20250115T172242Z-001/ইসলামিক বই ভান্ডার/ইসলামিক ইতিহাস/জীবনি/Asadullahel Galib.pdf,390355,381.2 KB,.pdf,2022-06-21 07:14:16
ইসলামিক বই ভান্ডার-20250115T172242Z-001/ইসলামিক বই ভান্ডার/ইসলামিক ইতিহাস/জীবনি/Ataullah Hanif Vujiani (rah).pdf,630005,615.2 KB,.pdf,2022-06-21 08:22:36
ইসলামিক বই ভান্ডার-20250115T172242Z-001/ইসলামিক বই ভান্ডার/ইসলামিক ইতিহাস/জীবনি/Biography of  Bilal Philips Bangla.pdf,766578,748.6 KB,.pdf,2022-06-21 08:22:36
ইসলামিক বই ভান্ডার-20250115T172242Z-001/ইসলামিক বই ভান্ডার/ইসলামিক ইতিহাস/জীবনি/BIography of Imam Ahmad Bin Hanbal ( bangla ).pdf,444583,434.2 KB,.pdf,2022-06-21 07:18:46
ইসলামিক বই ভান্ডার-20250115T172242Z-001/ইসলামিক বই ভান্ডার/ইসলামিক ইতিহাস/জীবনি/Biography of Imam Tahabi (rh).pdf,106944,104.4 KB,.pdf,2022-06-21 07:14:16
ইসলামিক বই ভান্ডার-20250115T172242Z-001/ইসলামিক বই ভান্ডার/ইসলামিক ইতিহাস/জীবনি/Dr Abdul Bari.pdf,74477,72.7 KB,.pdf,2022-06-21 07:14:14
ইসলামিক বই ভান্ডার-20250115T172242Z-001/ইসলামিক বই ভান্ডার/ইসলামিক ইতিহাস/জীবনি/Ibnu Hajar Asqalani (rah).pdf,323701,316.1 KB,.pdf,2022-06-21 07:14:16
ইসলামিক বই ভান্ডার-20250115T172242Z-001/ইসলামিক বই ভান্ডার/ইসলামিক ইতিহাস/জীবনি/MaulanaAhmadAliBySheikhAkhterHosain.pdf,530409,518.0 KB,.pdf,2022-06-21 07:18:46
ইসলামিক বই ভান্ডার-20250115T172242Z-001/ইসলামিক বই ভান্ডার/ইসলামিক ইতিহাস/জীবনি/Muhammad Bin Salih Al Uthaimeen.pdf,984561,961.5 KB,.pdf,2022-06-21 07:10:34
ইসলামিক বই ভান্ডার-20250115T172242Z-001/ইসলামিক বই ভান্ডার/ইসলামিক ইতিহাস/তাবি_ঈদের জীবনকথা/Tabeyider_JibonKotha_Part_01.pdf,9781030,9.3 MB,.pdf,2022-06-21 08:25:02
ইসলামিক বই ভান্ডার-20250115T172242Z-001/ইসলামিক বই ভান্ডার/ইসলামিক ইতিহাস/তাবি_ঈদের জীবনকথা/Tabeyider_JibonKotha_Part_02.pdf,9220309,8.8 MB,.pdf,2022-06-21 08:22:56
ইসলামিক বই ভান্ডার-20250115T172242Z-001/ইসলামিক বই ভান্ডার/ইসলামিক ইতিহাস/তাবি_ঈদের জীবনকথা/Tabeyider_JibonKotha_Part_03.pdf,8605916,8.2 MB,.pdf,2022-06-21 08:17:42
ইসলামিক বই ভান্ডার-20250115T172242Z-001/ইসলামিক বই ভান্ডার/ইসলামিক ইতিহাস/নবি (সঃ) এর আশ্বচার্য ঘটনা/নবি (সঃ) এর আশ্বচার্য ঘটনা (1).pdf,3602006,3.4 MB,.pdf,2022-06-21 07:46:36
ইসলামিক বই ভান্ডার-20250115T172242Z-001/ইসলামিক বই ভান্ডার/ইসলামিক ইতিহাস/নবি (সঃ) এর আশ্বচার্য ঘটনা/নবি (সঃ) এর আশ্বচার্য ঘটনা (2).pdf,3550743,3.4 MB,.pdf,2022-06-21 07:44:58
ইসলামিক বই ভান্ডার-20250115T172242Z-001/ইসলামিক বই ভান্ডার/ইসলামিক ইতিহাস/নবি (সঃ) এর আশ্বচার্য ঘটনা/নবি (সঃ) এর আশ্বচার্য ঘটনা (3).pdf,3960769,3.8 MB,.pdf,2022-06-21 07:24:06
ইসলামিক বই ভান্ডার-20250115T172242Z-001/ইসলামিক বই ভান্ডার/ইসলামিক ইতিহাস/নবি (সঃ) এর আশ্বচার্য ঘটনা/নবি (সঃ) এর আশ্বচার্য ঘটনা (4).pdf,4073414,3.9 MB,.pdf,2022-06-21 08:17:38
ইসলামিক বই ভান্ডার-20250115T172242Z-001/ইসলামিক বই ভান্ডার/ইসলামিক ইতিহাস/নবি (সঃ) এর আশ্বচার্য ঘটনা/নবি (সঃ) এর আশ্বচার্য ঘটনা (5).pdf,3840385,3.7 MB,.pdf,2022-06-21 07:50:58
ইসলামিক বই ভান্ডার-20250115T172242Z-001/ইসলামিক বই ভান্ডার/ইসলামিক ইতিহাস/নবি (সঃ) এর আশ্বচার্য ঘটনা/নবি (সঃ) এর আশ্বচার্য ঘটনা (6).pdf,3687885,3.5 MB,.pdf,2022-06-21 07:48:16
ইসলামিক বই ভান্ডার-20250115T172242Z-001/ইসলামিক বই ভান্ডার/ইসলামিক ইতিহাস/নবি (সঃ) এর আশ্বচার্য ঘটনা/নবি (সঃ) এর আশ্বচার্য ঘটনা (7).pdf,2997805,2.9 MB,.pdf,2022-06-21 06:52:58
ইসলামিক বই ভান্ডার-20250115T172242Z-001/ইসলামিক বই ভান্ডার/ইসলামিক ইতিহাস/নবি (সঃ) এর আশ্বচার্য ঘটনা/নবি (সঃ) এর আশ্বচার্য ঘটনা (8).pdf,3485698,3.3 MB,.pdf,2022-06-21 07:12:00
ইসলামিক বই ভান্ডার-20250115T172242Z-001/ইসলামিক বই ভান্ডার/ইসলামিক ইতিহাস/নবি (সঃ) এর আশ্বচার্য ঘটনা/নবি (সঃ) এর আশ্বচার্য ঘটনা (9).pdf,3321668,3.2 MB,.pdf,2022-06-21 06:54:48
ইসলামিক বই ভান্ডার-20250115T172242Z-001/ইসলামিক বই ভান্ডার/ইসলামিক ইতিহাস/নবিদের কাহিনি/আয়উব (আঃ).pdf,963170,940.6 KB,.pdf,2022-06-21 07:53:08
ইসলামিক বই ভান্ডার-20250115T172242Z-001/ইসলামিক বই ভান্ডার/ইসলামিক ইতিহাস/নবিদের কাহিনি/ইউনুস (আঃ).pdf,848552,828.7 KB,.pdf,2022-06-21 07:53:04
ইসলামিক বই ভান্ডার-20250115T172242Z-001/ইসলামিক বই ভান্ডার/ইসলামিক ইতিহাস/নবিদের কাহিনি/ইয়াকূব (আঃ).pdf,690209,674.0 KB,.pdf,2022-06-21 08:22:36
ইসলামিক বই ভান্ডার-20250115T172242Z-001/ইসলামিক বই ভান্ডার/ইসলামিক ইতিহাস/নবিদের কাহিনি/ইলিয়াস (আঃ).pdf,819477,800.3 KB,.pdf,2022-06-21 07:50:44
ইসলামিক বই ভান্ডার-20250115T172242Z-001/ইসলামিক বই ভান্ডার/ইসলামিক ইতিহাস/নবিদের কাহিনি/ইসমাইল (আঃ).pdf,781733,763.4 KB,.pdf,2022-06-21 07:51:02
ইসলামিক বই ভান্ডার-20250115T172242Z-001/ইসলামিক বই ভান্ডার/ইসলামিক ইতিহাস/নবিদের কাহিনি/ইসহাক (আঃ).pdf,556539,543.5 KB,.pdf,2022-06-21 07:18:46
ইসলামিক বই ভান্ডার-20250115T172242Z-001/ইসলামিক বই ভান্ডার/ইসলামিক ইতিহাস/নবিদের কাহিনি/ঈদ্রিস (আঃ).pdf,643485,628.4 KB,.pdf,2022-06-21 08:22:36
ইসলামিক বই ভান্ডার-20250115T172242Z-001/ইসলামিক বই ভান্ডার/ইসলামিক ইতিহাস/নবিদের কাহিনি/ঈয়াসা (আঃ).pdf,635764,620.9 KB,.pdf,2022-06-21 08:22:36
ইসলামিক বই ভান্ডার-20250115T172242Z-001/ইসলামিক বই ভান্ডার/ইসলামিক ইতিহাস/নবিদের কাহিনি/জুলকিফূল (আঃ).pdf,814776,795.7 KB,.pdf,2022-06-21 07:51:02
ইসলামিক বই ভান্ডার-20250115T172242Z-001/ইসলামিক বই ভান্ডার/ইসলামিক ইতিহাস/নবিদের কাহিনি/যাকারিয়া (আঃ).pdf,827765,808.4 KB,.pdf,2022-06-21 07:50:48
ইসলামিক বই ভান্ডার-20250115T172242Z-001/ইসলামিক বই ভান্ডার/ইসলামিক ইতিহাস/প্রাচের উপহার/প্রাচের উপহার ০১.pdf,5488641,5.2 MB,.pdf,2022-06-21 08:26:14
ইসলামিক বই ভান্ডার-20250115T172242Z-001/ইসলামিক বই ভান্ডার/ইসলামিক ইতিহাস/প্রাচের উপহার/প্রাচের উপহার ০২.pdf,5857024,5.6 MB,.pdf,2022-06-21 07:19:14
ইসলামিক বই ভান্ডার-20250115T172242Z-001/ইসলামিক বই ভান্ডার/ইসলামিক ইতিহাস/প্রাচের উপহার/প্রাচের উপহার ০৩.pdf,6907010,6.6 MB,.pdf,2022-06-21 08:30:04
ইসলামিক বই ভান্ডার-20250115T172242Z-001/ইসলামিক বই ভান্ডার/ইসলামিক ইতিহাস/বিশ্ব নবীর সাহাবী/বিশ্ব নবীর সাহাবী - ১ম খন্ড.pdf,11739694,11.2 MB,.pdf,2022-06-21 08:34:46
ইসলামিক বই ভান্ডার-20250115T172242Z-001/ইসলামিক বই ভান্ডার/ইসলামিক ইতিহাস/বিশ্ব নবীর সাহাবী/বিশ্ব নবীর সাহাবী - ২য় খন্ড.pdf,6459099,6.2 MB,.pdf,2022-06-21 07:51:54
ইসলামিক বই ভান্ডার-20250115T172242Z-001/ইসলামিক বই ভান্ডার/ইসলামিক ইতিহাস/বিশ্ব নবীর সাহাবী/বিশ্ব নবীর সাহাবী - ৩য় খন্ড.pdf,11034136,10.5 MB,.pdf,2022-06-21 08:33:58
ইসলামিক বই ভান্ডার-20250115T172242Z-001/ইসলামিক বই ভান্ডার/ইসলামিক ইতিহাস/বিশ্ব নবীর সাহাবী/বিশ্ব নবীর সাহাবী - ৪র্থ খন্ড.pdf,13204241,12.6 MB,.pdf,2022-06-21 07:33:10
ইসলামিক বই ভান্ডার-20250115T172242Z-001/ইসলামিক বই ভান্ডার/ইসলামিক ইতিহাস/বিশ্ব নবীর সাহাবী/বিশ্ব নবীর সাহাবী - ৫ম খন্ড.pdf,8242259,7.9 MB,.pdf,2022-06-21 07:14:06
ইসলামিক বই ভান্ডার-20250115T172242Z-001/ইসলামিক বই ভান্ডার/ইসলামিক ইতিহাস/বিশ্ব নবীর সাহাবী/বিশ্ব নবীর সাহাবী - ৬ষ্ঠ খন্ড.pdf,8267591,7.9 MB,.pdf,2022-06-21 07:34:26
ইসলামিক বই ভান্ডার-20250115T172242Z-001/ইসলামিক বই ভান্ডার/ইসলামিক ইতিহাস/মাওলানা মওদূদীর বিরুদ্বে অভিযোগের তাত্ত্বিক পর্যালোচনা/মাওলানা মওদূদীর বিরুদ্ধে অভিযোগের তাত্ত্বিক পর্যালোচনা - ২য় খন্ড.pdf,8286983,7.9 MB,.pdf,2022-06-21 08:32:30
ইসলামিক বই ভান্ডার-20250115T172242Z-001/ইসলামিক বই ভান্ডার/ইসলামিক ইতিহাস/মাওলানা মওদূদীর বিরুদ্বে অভিযোগের তাত্ত্বিক পর্যালোচনা/মাওলানা মওদূদীর বিরুদ্বে অভিযোগের তাত্ত্বিক পর্যালোচনা - ১ম খন্ড.pdf,9329338,8.9 MB,.pdf,2022-06-21 08:28:00
ইসলামিক বই ভান্ডার-20250115T172242Z-001/ইসলামিক বই ভান্ডার/ইসলামিক ইতিহাস/সাহাবি চরিত/CharacterOfSahabah-MaulanaZakaria-Part1.pdf,3248816,3.1 MB,.pdf,2022-06-21 08:01:50
ইসলামিক বই ভান্ডার-20250115T172242Z-001/ইসলামিক বই ভান্ডার/ইসলামিক ইতিহাস/সাহাবি চরিত/CharacterOfSahabah-MaulanaZakaria-Part2.pdf,3246038,3.1 MB,.pdf,2022-06-21 07:42:38
ইসলামিক বই ভান্ডার-20250115T172242Z-001/ইসলামিক বই ভান্ডার/ইসলামিক ইতিহাস/সাহাবি চরিত/CharacterOfSahabah-MaulanaZakaria-Part3.pdf,3521890,3.4 MB,.pdf,2022-06-21 07:45:26
ইসলামিক বই ভান্ডার-20250115T172242Z-001/ইসলামিক বই ভান্ডার/ইসলামিক ইতিহাস/সীরাতুন নবী (সঃ)   ইঃফা/সীরাতুন নবী (সাঃ) ০১.pdf,37893522,36.1 MB,.pdf,2022-06-21 07:51:16
ইসলামিক বই ভান্ডার-20250115T172242Z-001/ইসলামিক বই ভান্ডার/ইসলামিক ইতিহাস/সীরাতুন নবী (সঃ)   ইঃফা/সীরাতুন নবী (সাঃ) ০২.pdf,45148738,43.1 MB,.pdf,2022-06-21 08:14:40
ইসলামিক বই ভান্ডার-20250115T172242Z-001/ইসলামিক বই ভান্ডার/ইসলামিক ইতিহাস/সীরাতুন নবী (সঃ)   ইঃফা/সীরাতুন নবী (সাঃ) ০৩.pdf,45162259,43.1 MB,.pdf,2022-06-21 08:08:14
ইসলামিক বই ভান্ডার-20250115T172242Z-001/ইসলামিক বই ভান্ডার/ইসলামিক ইতিহাস/সীরাতে সরওয়ারে আলম/সীরাতে সরওয়ারে আলম - ১ম খন্ড.pdf,16285424,15.5 MB,.pdf,2022-06-21 08:22:56
ইসলামিক বই ভান্ডার-20250115T172242Z-001/ইসলামিক বই ভান্ডার/ইসলামিক ইতিহাস/সীরাতে সরওয়ারে আলম/সীরাতে সরওয়ারে আলম - ৩য় ও ৪র্থ খন্ড.pdf,15793580,15.1 MB,.pdf,2022-06-21 07:22:14
ইসলামিক বই ভান্ডার-20250115T172242Z-001/ইসলামিক বই ভান্ডার/ইসলামিক ইতিহাস/সীরাতে সরওয়ারে আলম/সীরাতে সরওয়ারে আলম - ৫ম খন্ড.pdf,9195767,8.8 MB,.pdf,2022-06-21 08:22:56
ইসলামিক বই ভান্ডার-20250115T172242Z-001/ইসলামিক বই ভান্ডার/ইসলামিক ইতিহাস/সুলতান মাহমুদ গজনবীর ভারত অভিযান/সুলতান মাহমুদ গজনবীর ভারত অভিযান - ১ম খন্ড.pdf,7125744,6.8 MB,.pdf,2022-06-21 06:50:24
ইসলামিক বই ভান্ডার-20250115T172242Z-001/ইসলামিক বই ভান্ডার/ইসলামিক ইতিহাস/সুলতান মাহমুদ গজনবীর ভারত অভিযান/সুলতান মাহমুদ গজনবীর ভারত অভিযান - ২য় খন্ড.pdf,6969354,6.6 MB,.pdf,2022-06-21 07:48:12
ইসলামিক বই ভান্ডার-20250115T172242Z-001/ইসলামিক বই ভান্ডার/ইসলামিক ইতিহাস/সুলতান মাহমুদ গজনবীর ভারত অভিযান/সুলতান মাহমুদ গজনবীর ভারত অভিযান - ৩য় খন্ড.pdf,6515189,6.2 MB,.pdf,2022-06-21 07:00:10
ইসলামিক বই ভান্ডার-20250115T172242Z-001/ইসলামিক বই ভান্ডার/ইসলামিক ইতিহাস/সুলতান মাহমুদ গজনবীর ভারত অভিযান/সুলতান মাহমুদ গজনবীর ভারত অভিযান - ৪র্থ খন্ড.pdf,6718571,6.4 MB,.pdf,2022-06-21 07:50:02
ইসলামিক বই ভান্ডার-20250115T172242Z-001/ইসলামিক বই ভান্ডার/ইসলামিক ইতিহাস/সুলতান মাহমুদ গজনবীর ভারত অভিযান/সুলতান মাহমুদ গজনবীর ভারত অভিযান - ৫ম খন্ড.pdf,6853291,6.5 MB,.pdf,2022-06-21 06:52:06
ইসলামিক বই ভান্ডার-20250115T172242Z-001/ইসলামিক বই ভান্ডার/ইসলামিক ইতিহাস/সৎ কাজের আদেশ ও অসৎ কাজের নিষেধ/OrderingGoodAndForbiddingEvil-Part1-ImamGhazali.pdf,3850614,3.7 MB,.pdf,2022-06-21 08:32:00
ইসলামিক বই ভান্ডার-20250115T172242Z-001/ইসলামিক বই ভান্ডার/ইসলামিক ইতিহাস/সৎ কাজের আদেশ ও অসৎ কাজের নিষেধ/OrderingGoodAndForbiddingEvil-Part2-ImamGhazali.pdf,4329085,4.1 MB,.pdf,2022-06-21 07:32:32
ইসলামিক বই ভান্ডার-20250115T172242Z-001/ইসলামিক বই ভান্ডার/ইসলামিক সাহিত্য/New book 1/Dr zakir nayak/চাঁদ ও কোরআন.pdf,1102919,1.1 MB,.pdf,2022-06-21 07:10:34
ইসলামিক বই ভান্ডার-20250115T172242Z-001/ইসলামিক বই ভান্ডার/ইসলামিক সাহিত্য/New book 2/আজাবের ভয় ও রহমতের আশা.pdf,3790601,3.6 MB,.pdf,2022-06-21 08:18:42
ইসলামিক বই ভান্ডার-20250115T172242Z-001/ইসলামিক বই ভান্ডার/ইসলামিক সাহিত্য/New book 2/ইসলাম ও গণতন্ত্র.pdf,592035,578.2 KB,.pdf,2022-06-21 08:22:36
ইসলামিক বই ভান্ডার-20250115T172242Z-001/ইসলামিক বই ভান্ডার/ইসলামিক সাহিত্য/New book 2/ইসলাম ও শারিয়া.pdf,1177657,1.1 MB,.pdf,2022-06-21 07:46:52
ইসলামিক বই ভান্ডার-20250115T172242Z-001/ইসলামিক বই ভান্ডার/ইসলামিক সাহিত্য/New book 2/ইসলামী সভ্যতা বনাম পাশ্চাত্য সভ্যতা.pdf,1124769,1.1 MB,.pdf,2022-06-21 07:46:52
ইসলামিক বই ভান্ডার-20250115T172242Z-001/ইসলামিক বই ভান্ডার/ইসলামিক সাহিত্য/New book 2/কালেমা.pdf,929240,907.5 KB,.pdf,2022-06-21 07:53:04
ইসলামিক বই ভান্ডার-20250115T172242Z-001/ইসলামিক বই ভান্ডার/ইসলামিক সাহিত্য/New book 2/কুরআন ও আধুনিক বিজ্ঞান - সংগতিপূর্ণ না সংগতিহীন.pdf,1747499,1.7 MB,.pdf,2022-06-21 07:35:14
"ইসলামিক বই ভান্ডার-20250115T172242Z-001/ইসলামিক বই ভান্ডার/ইসলামিক সাহিত্য/New book 2/কেয়ারটেকার সরকার পদ্ধতিঃ উদ্ভাবনা, প্রস্তাবনা ও আন্দোলন.pdf",585536,571.8 KB,.pdf,2022-06-21 07:18:46
ইসলামিক বই ভান্ডার-20250115T172242Z-001/ইসলামিক বই ভান্ডার/ইসলামিক সাহিত্য/New book 2/চরমোনার পীর আমাকে জামায়েত ইসলামে নিয়ে .pdf,1386325,1.3 MB,.pdf,2022-06-21 06:58:24
ইসলামিক বই ভান্ডার-20250115T172242Z-001/ইসলামিক বই ভান্ডার/ইসলামিক সাহিত্য/New book 2/দাইউস কখনো জান্নাতে প্রবেশ করবে না.pdf,910831,889.5 KB,.pdf,2022-06-21 07:53:04
ইসলামিক বই ভান্ডার-20250115T172242Z-001/ইসলামিক বই ভান্ডার/ইসলামিক সাহিত্য/New book 2/নামাজও পবিত্রতা.pdf,863316,843.1 KB,.pdf,2022-06-21 07:53:04
ইসলামিক বই ভান্ডার-20250115T172242Z-001/ইসলামিক বই ভান্ডার/ইসলামিক সাহিত্য/New book 2/নামাজের দোয়া বা জিকর্.pdf,661813,646.3 KB,.pdf,2022-06-21 08:22:36
ইসলামিক বই ভান্ডার-20250115T172242Z-001/ইসলামিক বই ভান্ডার/ইসলামিক সাহিত্য/New book 2/নামাজের সময় সূচী.pdf,1268561,1.2 MB,.pdf,2022-06-21 06:53:32
ইসলামিক বই ভান্ডার-20250115T172242Z-001/ইসলামিক বই ভান্ডার/ইসলামিক সাহিত্য/New book 2/পিতা মাতার ১৪ অধিকার.pdf,96866,94.6 KB,.pdf,2022-06-21 07:14:16
ইসলামিক বই ভান্ডার-20250115T172242Z-001/ইসলামিক বই ভান্ডার/ইসলামিক সাহিত্য/New book 2/প্রচলিত ভূলের সংকলন.pdf,411965,402.3 KB,.pdf,2022-06-21 07:14:16
ইসলামিক বই ভান্ডার-20250115T172242Z-001/ইসলামিক বই ভান্ডার/ইসলামিক সাহিত্য/New book 2/বইঃ ইকামাতুস সালাত.pdf,113212,110.6 KB,.pdf,2022-06-21 07:14:16
ইসলামিক বই ভান্ডার-20250115T172242Z-001/ইসলামিক বই ভান্ডার/ইসলামিক সাহিত্য/New book 2/বদনজর জাদু ও জিনের.pdf,1295675,1.2 MB,.pdf,2022-06-21 06:53:34
ইসলামিক বই ভান্ডার-20250115T172242Z-001/ইসলামিক বই ভান্ডার/ইসলামিক সাহিত্য/New book 2/বেহেশতী জেওর.pdf,208154,203.3 KB,.pdf,2022-06-21 07:14:16
ইসলামিক বই ভান্ডার-20250115T172242Z-001/ইসলামিক বই ভান্ডার/ইসলামিক সাহিত্য/New book 2/মাকাতীব.pdf,3973731,3.8 MB,.pdf,2022-06-21 08:26:56
ইসলামিক বই ভান্ডার-20250115T172242Z-001/ইসলামিক বই ভান্ডার/ইসলামিক সাহিত্য/New book 2/মানুষ সৃষ্টির বিষ্ময়কর ঘটনা_harun-yahya @priyoboi.com.pdf,691010,674.8 KB,.pdf,2022-06-21 08:22:36
ইসলামিক বই ভান্ডার-20250115T172242Z-001/ইসলামিক বই ভান্ডার/ইসলামিক সাহিত্য/New book 2/সঠিক ধর্মবিশ্বাস ও উহার পরিপন্থী বিষয়.pdf,1903532,1.8 MB,.pdf,2022-06-21 07:36:44
ইসলামিক বই ভান্ডার-20250115T172242Z-001/ইসলামিক বই ভান্ডার/ইসলামিক সাহিত্য/New book 2/হুমায়ূন নামা গুলবদন.pdf,5216215,5.0 MB,.pdf,2022-06-21 07:16:22
ইসলামিক বই ভান্ডার-20250115T172242Z-001/ইসলামিক বই ভান্ডার/মোটিভেশন বুকস/Bangla Motivational Book [PDF]/Bangla Motivational Book [PDF]/The 5 Second Rule by Mel Robbins.pdf,2580082,2.5 MB,.pdf,2022-09-13 22:28:16
ইসলামিক বই ভান্ডার-20250115T172242Z-004/ইসলামিক বই ভান্ডার/Islamic  books  pdf/D. ZAKIR NAIK/Dr Jakir Nayek Book/Dr_Zakir_Naiker_shomalochonar_jobab_QA.pdf,3770063,3.6 MB,.pdf,2012-08-28 00:21:24
ইসলামিক বই ভান্ডার-20250115T172242Z-004/ইসলামিক বই ভান্ডার/আল কোরআন/Al Quran Sharif/Al Quran Sharif/কোরআন মাজিদ-আরবি-বাংলা_Govment.pdf,76561079,73.0 MB,.pdf,2022-06-21 08:30:52
ইসলামিক বই ভান্ডার-20250115T172242Z-004/ইসলামিক বই ভান্ডার/আল কোরআন/Tafsir/Tafsir/Tafsir a Zilalil/Tafsir a Zilalil 5.pdf,23267084,22.2 MB,.pdf,2022-06-21 07:39:12
ইসলামিক বই ভান্ডার-20250115T172242Z-004/ইসলামিক বই ভান্ডার/ইসলামিক সাহিত্য/New book 2/Political Thoughts of Abul A_la Mawdudi - amarboi.org.pdf,1319293,1.3 MB,.pdf,2022-06-21 06:53:34
ইসলামিক বই ভান্ডার-20250115T172242Z-004/ইসলামিক বই ভান্ডার/ইসলামিক সাহিত্য/New book 2/অপ্রয়জনিয় গুনহা.pdf,3693489,3.5 MB,.pdf,2022-06-21 07:47:48
ইসলামিক বই ভান্ডার-20250115T172242Z-004/ইসলামিক বই ভান্ডার/ইসলামিক সাহিত্য/New book 2/আখেরাত - ইমাম গাজ্জালি.pdf,4625174,4.4 MB,.pdf,2022-06-21 07:00:58
ইসলামিক বই ভান্ডার-20250115T172242Z-004/ইসলামিক বই ভান্ডার/ইসলামিক সাহিত্য/New book 2/আখেরাত.pdf,5736934,5.5 MB,.pdf,2022-06-21 07:43:10
ইসলামিক বই ভান্ডার-20250115T172242Z-004/ইসলামিক বই ভান্ডার/ইসলামিক সাহিত্য/New book 2/আখেরাতের প্রেরণা.pdf,5736934,5.5 MB,.pdf,2022-06-21 07:43:28
ইসলামিক বই ভান্ডার-20250115T172242Z-004/ইসলামিক বই ভান্ডার/ইসলামিক সাহিত্য/New book 2/আজাব এর ভয় ও রহমত এর আশা.pdf,3790601,3.6 MB,.pdf,2022-06-21 08:18:12
ইসলামিক বই ভান্ডার-20250115T172242Z-004/ইসলামিক বই ভান্ডার/ইসলামিক সাহিত্য/New book 2/আদর্শ পুরুষ.pdf,5259518,5.0 MB,.pdf,2022-06-21 07:11:52
ইসলামিক বই ভান্ডার-20250115T172242Z-004/ইসলামিক বই ভান্ডার/ইসলামিক সাহিত্য/New book 2/আদাবুল মুআশারাত (2).pdf,3914855,3.7 MB,.pdf,2022-06-21 07:46:08
ইসলামিক বই ভান্ডার-20250115T172242Z-004/ইসলামিক বই ভান্ডার/ইসলামিক সাহিত্য/New book 2/আদাবুল মুআশারাত.pdf,24618644,23.5 MB,.pdf,2022-06-21 08:23:42
ইসলামিক বই ভান্ডার-20250115T172242Z-004/ইসলামিক বই ভান্ডার/ইসলামিক সাহিত্য/New book 2/আধুনিক আরবী ব্যাকরণ.pdf,9773674,9.3 MB,.pdf,2022-06-21 07:48:10
ইসলামিক বই ভান্ডার-20250115T172242Z-004/ইসলামিক বই ভান্ডার/ইসলামিক সাহিত্য/New book 2/আধুনিক যুগের চ্যালেঞ্জ ও ইসলাম.pdf,7950200,7.6 MB,.pdf,2022-06-21 08:19:44
ইসলামিক বই ভান্ডার-20250115T172242Z-004/ইসলামিক বই ভান্ডার/ইসলামিক সাহিত্য/New book 2/আন্দোলন পূর্ব অবস্থা- ইসলামের পুনর্জাগরণে ইখওয়ানুল মুসলিমুনের ভূমিকা.pdf,2975287,2.8 MB,.pdf,2022-06-21 08:22:38
ইসলামিক বই ভান্ডার-20250115T172242Z-004/ইসলামিক বই ভান্ডার/ইসলামিক সাহিত্য/New book 2/আপন ঘর বাঁচান.pdf,3597246,3.4 MB,.pdf,2022-06-21 07:09:30
ইসলামিক বই ভান্ডার-20250115T172242Z-004/ইসলামিক বই ভান্ডার/ইসলামিক সাহিত্য/New book 2/আফগানিস্তানে আমি আল্লাকে দেখেছি.pdf,10464154,10.0 MB,.pdf,2022-06-21 07:58:04
ইসলামিক বই ভান্ডার-20250115T172242Z-004/ইসলামিক বই ভান্ডার/ইসলামিক সাহিত্য/New book 2/আমাদের কথা- সীরাতে সরওয়ারে আলম - ২য় খন্ড.pdf,8786850,8.4 MB,.pdf,2022-06-21 07:52:34
ইসলামিক বই ভান্ডার-20250115T172242Z-004/ইসলামিক বই ভান্ডার/ইসলামিক সাহিত্য/New book 2/আমাদের সাধীনতা পর্দার এ পার-ওপার.pdf,3793186,3.6 MB,.pdf,2022-06-21 07:35:52
ইসলামিক বই ভান্ডার-20250115T172242Z-004/ইসলামিক বই ভান্ডার/ইসলামিক সাহিত্য/New book 2/আমি কেন ইসলাম গ্রহণ করলাম.pdf,5145911,4.9 MB,.pdf,2022-06-21 07:13:50
ইসলামিক বই ভান্ডার-20250115T172242Z-004/ইসলামিক বই ভান্ডার/ইসলামিক সাহিত্য/New book 2/আল কুরআন এক মহাবিস্ময়.pdf,2664485,2.5 MB,.pdf,2022-06-21 07:34:16
ইসলামিক বই ভান্ডার-20250115T172242Z-004/ইসলামিক বই ভান্ডার/ইসলামিক সাহিত্য/New book 2/আল লুলু ওয়াল মারজানঃ মুত্তাফিকুন আলাইহি.pdf,30232331,28.8 MB,.pdf,2022-06-21 07:49:08
ইসলামিক বই ভান্ডার-20250115T172242Z-004/ইসলামিক বই ভান্ডার/ইসলামিক সাহিত্য/New book 2/আল-কুরআনে নবুয়্যত ও রিসালাত.pdf,8658964,8.3 MB,.pdf,2022-06-21 07:15:06
ইসলামিক বই ভান্ডার-20250115T172242Z-004/ইসলামিক বই ভান্ডার/ইসলামিক সাহিত্য/New book 2/আল-কোরআনের দৃষ্টিতে মহাকাশ ও বিজ্ঞান.pdf,3719732,3.5 MB,.pdf,2022-06-21 07:45:26
ইসলামিক বই ভান্ডার-20250115T172242Z-004/ইসলামিক বই ভান্ডার/ইসলামিক সাহিত্য/New book 2/আল-কোরআনের ১৬০ মুজিজা.pdf,1099647,1.0 MB,.pdf,2022-06-21 07:10:34
ইসলামিক বই ভান্ডার-20250115T172242Z-004/ইসলামিক বই ভান্ডার/ইসলামিক সাহিত্য/New book 2/আলোকিত নারী.pdf,22479960,21.4 MB,.pdf,2022-06-21 07:51:16
ইসলামিক বই ভান্ডার-20250115T172242Z-004/ইসলামিক বই ভান্ডার/ইসলামিক সাহিত্য/New book 2/ইছলাহুর রুসূম.pdf,4574214,4.4 MB,.pdf,2022-06-21 08:00:58
ইসলামিক বই ভান্ডার-20250115T172242Z-004/ইসলামিক বই ভান্ডার/ইসলামিক সাহিত্য/New book 2/ইছালাহুল মুসলিমীন.pdf,3359820,3.2 MB,.pdf,2022-06-21 07:01:32
ইসলামিক বই ভান্ডার-20250115T172242Z-004/ইসলামিক বই ভান্ডার/ইসলামিক সাহিত্য/New book 2/ইবাদাতের মর্মকথা.pdf,3406415,3.2 MB,.pdf,2022-06-21 07:01:32
ইসলামিক বই ভান্ডার-20250115T172242Z-004/ইসলামিক বই ভান্ডার/ইসলামিক সাহিত্য/New book 2/ইমানের ৭৭ টি শাখাঃ ইমাম বায়হাকী.pdf,2859832,2.7 MB,.pdf,2022-06-21 07:45:16
ইসলামিক বই ভান্ডার-20250115T172242Z-004/ইসলামিক বই ভান্ডার/ইসলামিক সাহিত্য/New book 2/ইমাম মাহাদি ও কিয়ামত এর আলামত.pdf,3455539,3.3 MB,.pdf,2022-06-21 07:57:40
ইসলামিক বই ভান্ডার-20250115T172242Z-004/ইসলামিক বই ভান্ডার/ইসলামিক সাহিত্য/New book 2/ইমামগনের মতবিরোধ কি ও কেন.pdf,3289418,3.1 MB,.pdf,2022-06-21 08:01:50
ইসলামিক বই ভান্ডার-20250115T172242Z-004/ইসলামিক বই ভান্ডার/ইসলামিক সাহিত্য/New book 2/ইযহারুল হক.pdf,31082876,29.6 MB,.pdf,2022-06-21 08:32:02
ইসলামিক বই ভান্ডার-20250115T172242Z-004/ইসলামিক বই ভান্ডার/ইসলামিক সাহিত্য/New book 2/ইরাক যুদ্ধ মানবতার কান্না.pdf,2538387,2.4 MB,.pdf,2022-06-21 08:10:20
ইসলামিক বই ভান্ডার-20250115T172242Z-004/ইসলামিক বই ভান্ডার/ইসলামিক সাহিত্য/New book 2/ইরানের সমকালিন ইতিহাস.pdf,5427756,5.2 MB,.pdf,2022-06-21 08:26:14
ইসলামিক বই ভান্ডার-20250115T172242Z-004/ইসলামিক বই ভান্ডার/ইসলামিক সাহিত্য/New book 2/ইসলাম আপনার কাছে কি চায়.pdf,4053490,3.9 MB,.pdf,2022-06-21 07:19:12
ইসলামিক বই ভান্ডার-20250115T172242Z-004/ইসলামিক বই ভান্ডার/ইসলামিক সাহিত্য/New book 2/ইসলাম ও আধুনিকতা.pdf,3645237,3.5 MB,.pdf,2022-06-21 08:21:20
ইসলামিক বই ভান্ডার-20250115T172242Z-004/ইসলামিক বই ভান্ডার/ইসলামিক সাহিত্য/New book 2/ইসলাম ও জাহেলিয়াত- ইসলাম ও জাহেলিয়াতের চিরন্তন দ্বন্দ্ব.pdf,4212984,4.0 MB,.pdf,2022-06-21 07:37:28
ইসলামিক বই ভান্ডার-20250115T172242Z-004/ইসলামিক বই ভান্ডার/ইসলামিক সাহিত্য/New book 2/ইসলাম ও বিজ্ঞান- ইসলাম ও বিজ্ঞান.pdf,1253504,1.2 MB,.pdf,2022-06-21 07:18:46
ইসলামিক বই ভান্ডার-20250115T172242Z-004/ইসলামিক বই ভান্ডার/ইসলামিক সাহিত্য/New book 2/ইসলামিক ফাউন্ডেশন পত্রিকা.pdf,10296196,9.8 MB,.pdf,2022-06-21 07:48:52
ইসলামিক বই ভান্ডার-20250115T172242Z-004/ইসলামিক বই ভান্ডার/ইসলামিক সাহিত্য/New book 2/ইসলামী অর্থনীতি নির্বাচিত প্রবন্ধ.pdf,10314964,9.8 MB,.pdf,2022-06-21 07:48:52
ইসলামিক বই ভান্ডার-20250115T172242Z-004/ইসলামিক বই ভান্ডার/ইসলামিক সাহিত্য/New book 2/ইসলামী রাষ্ট্র.pdf,14786535,14.1 MB,.pdf,2022-06-21 07:50:10
ইসলামিক বই ভান্ডার-20250115T172242Z-004/ইসলামিক বই ভান্ডার/ইসলামিক সাহিত্য/New book 2/ইসলামী রাষ্ট্রব্যবস্থার পতন ও পুনরুত্থান.pdf,5530284,5.3 MB,.pdf,2022-06-21 07:18:26
ইসলামিক বই ভান্ডার-20250115T172242Z-004/ইসলামিক বই ভান্ডার/ইসলামিক সাহিত্য/New book 2/ইসলামী রাষ্ট্রে অমুসলিমদের অধিকার- ইসলামী রাষ্ট্রে অমুসলিমদের অধিকার.pdf,1453908,1.4 MB,.pdf,2022-06-21 07:19:46
ইসলামিক বই ভান্ডার-20250115T172242Z-004/ইসলামিক বই ভান্ডার/ইসলামিক সাহিত্য/New book 2/ইসলামে ইবাদতের পরিধি.pdf,1470466,1.4 MB,.pdf,2022-06-21 07:19:46
ইসলামিক বই ভান্ডার-20250115T172242Z-004/ইসলামিক বই ভান্ডার/ইসলামিক সাহিত্য/New book 2/ইসলামে হালাল হারামের বিধান.pdf,12366235,11.8 MB,.pdf,2022-06-21 07:49:40
ইসলামিক বই ভান্ডার-20250115T172242Z-004/ইসলামিক বই ভান্ডার/ইসলামিক সাহিত্য/New book 2/ইসলামের দৃষ্টিতে সন্তান প্রতিপালন.pdf,3709046,3.5 MB,.pdf,2022-06-21 07:47:48
ইসলামিক বই ভান্ডার-20250115T172242Z-004/ইসলামিক বই ভান্ডার/ইসলামিক সাহিত্য/New book 2/ইসলামের মূল প্রাণশক্তি- ইসলামের স্বর্ণযুগে সামাজিক ন্যায়নীতি.pdf,3530246,3.4 MB,.pdf,2022-06-21 07:19:12
ইসলামিক বই ভান্ডার-20250115T172242Z-004/ইসলামিক বই ভান্ডার/ইসলামিক সাহিত্য/New book 2/ইসলামের রাষ্ট্রব্যবস্থা.pdf,18021865,17.2 MB,.pdf,2022-06-21 07:45:40
ইসলামিক বই ভান্ডার-20250115T172242Z-004/ইসলামিক বই ভান্ডার/ইসলামিক সাহিত্য/New book 2/ইসলামের শাস্তি আইন.pdf,9987434,9.5 MB,.pdf,2022-06-21 07:24:06
ইসলামিক বই ভান্ডার-20250115T172242Z-004/ইসলামিক বই ভান্ডার/ইসলামিক সাহিত্য/New book 2/ইসলাহূম রূসুম.pdf,4574214,4.4 MB,.pdf,2022-06-21 08:01:00
ইসলামিক বই ভান্ডার-20250115T172242Z-004/ইসলামিক বই ভান্ডার/ইসলামিক সাহিত্য/New book 2/ইস্লামের দৃষ্টিতে নারী.pdf,5810925,5.5 MB,.pdf,2022-06-21 07:08:42
ইসলামিক বই ভান্ডার-20250115T172242Z-004/ইসলামিক বই ভান্ডার/ইসলামিক সাহিত্য/New book 2/ঈমানী দূর্বলতা.pdf,2423461,2.3 MB,.pdf,2022-06-21 08:00:28
ইসলামিক বই ভান্ডার-20250115T172242Z-004/ইসলামিক বই ভান্ডার/ইসলামিক সাহিত্য/New book 2/উপমহাদেশে রাজনীতিতে সাম্প্রদায়িকতা ও মুসলমান.pdf,9839841,9.4 MB,.pdf,2022-06-21 07:24:34
ইসলামিক বই ভান্ডার-20250115T172242Z-004/ইসলামিক বই ভান্ডার/ইসলামিক সাহিত্য/New book 2/উম্মতের উপর প্রিয় নবীজীর হক.pdf,4081068,3.9 MB,.pdf,2022-06-21 08:17:42
ইসলামিক বই ভান্ডার-20250115T172242Z-004/ইসলামিক বই ভান্ডার/ইসলামিক সাহিত্য/New book 2/উর্দু-ফারসী পহেলী.pdf,5339854,5.1 MB,.pdf,2022-06-21 07:16:14
ইসলামিক বই ভান্ডার-20250115T172242Z-004/ইসলামিক বই ভান্ডার/ইসলামিক সাহিত্য/New book 2/ঊম্মার ঐক্য ও পথ.pdf,5822688,5.6 MB,.pdf,2022-06-21 07:18:46
ইসলামিক বই ভান্ডার-20250115T172242Z-004/ইসলামিক বই ভান্ডার/ইসলামিক সাহিত্য/New book 2/একটি আদর্শবাদী দলের পতনের কারনঃ তার থেকে বাঁচার উপায়.pdf,1830358,1.7 MB,.pdf,2022-06-21 07:20:54
ইসলামিক বই ভান্ডার-20250115T172242Z-004/ইসলামিক বই ভান্ডার/ইসলামিক সাহিত্য/New book 2/একাধিক বিবাহ.pdf,2020955,1.9 MB,.pdf,2022-06-21 07:33:56
ইসলামিক বই ভান্ডার-20250115T172242Z-004/ইসলামিক বই ভান্ডার/ইসলামিক সাহিত্য/New book 2/ওসিয়ত.pdf,3961776,3.8 MB,.pdf,2022-06-21 07:46:32
ইসলামিক বই ভান্ডার-20250115T172242Z-004/ইসলামিক বই ভান্ডার/ইসলামিক সাহিত্য/New book 2/ঔপনিবেশিক যুগের শিক্ষা-সাহিত্য.pdf,3223703,3.1 MB,.pdf,2022-06-21 08:05:46
ইসলামিক বই ভান্ডার-20250115T172242Z-004/ইসলামিক বই ভান্ডার/ইসলামিক সাহিত্য/New book 2/কপিতয় হারাম কাজ যে গুলাকে হালাকা মনে করা হয়.pdf,8130542,7.8 MB,.pdf,2022-06-21 07:06:58
ইসলামিক বই ভান্ডার-20250115T172242Z-004/ইসলামিক বই ভান্ডার/ইসলামিক সাহিত্য/New book 2/কবিরা গুনহা(0).pdf,1955513,1.9 MB,.pdf,2022-06-21 07:15:50
ইসলামিক বই ভান্ডার-20250115T172242Z-004/ইসলামিক বই ভান্ডার/ইসলামিক সাহিত্য/New book 2/কবীরা গুনহ্.pdf,8546674,8.2 MB,.pdf,2022-06-21 07:01:52
ইসলামিক বই ভান্ডার-20250115T172242Z-004/ইসলামিক বই ভান্ডার/ইসলামিক সাহিত্য/New book 2/কাদিয়ানী সমস্যা- কাদিয়ানী সমস্যা.pdf,1906841,1.8 MB,.pdf,2022-06-21 07:36:22
ইসলামিক বই ভান্ডার-20250115T172242Z-004/ইসলামিক বই ভান্ডার/ইসলামিক সাহিত্য/New book 2/কাদিয়ানীরা কেন মুসলমান নয়.pdf,3062379,2.9 MB,.pdf,2022-06-21 07:08:20
ইসলামিক বই ভান্ডার-20250115T172242Z-004/ইসলামিক বই ভান্ডার/ইসলামিক সাহিত্য/New book 2/কালিমার দাওয়াত.pdf,8094913,7.7 MB,.pdf,2022-06-21 07:06:58
ইসলামিক বই ভান্ডার-20250115T172242Z-004/ইসলামিক বই ভান্ডার/ইসলামিক সাহিত্য/New book 2/কিতাবুত তাওহিদ.pdf,8596985,8.2 MB,.pdf,2022-06-21 08:17:42
ইসলামিক বই ভান্ডার-20250115T172242Z-004/ইসলামিক বই ভান্ডার/ইসলামিক সাহিত্য/New book 2/কিভাবে তাওহীদের দিশা পেলাম.pdf,2052543,2.0 MB,.pdf,2022-06-21 07:34:00
ইসলামিক বই ভান্ডার-20250115T172242Z-004/ইসলামিক বই ভান্ডার/ইসলামিক সাহিত্য/New book 2/কিয়ামতের আলামত ও তার বর্ণনাঃ মৃত্যুর পর অন্নত যে জীবন.pdf,9793054,9.3 MB,.pdf,2022-06-21 07:11:22
ইসলামিক বই ভান্ডার-20250115T172242Z-004/ইসলামিক বই ভান্ডার/ইসলামিক সাহিত্য/New book 2/কুরআন ও সহীহ হাদীসের আলোকে রাসূল স. এর প্র্যাকটিক্যাল নামায.pdf,8812498,8.4 MB,.pdf,2022-06-21 08:17:02
ইসলামিক বই ভান্ডার-20250115T172242Z-004/ইসলামিক বই ভান্ডার/ইসলামিক সাহিত্য/New book 2/কুরআন কিয়ামাত পরকাল.pdf,112273177,107.1 MB,.pdf,2022-06-21 08:28:42
ইসলামিক বই ভান্ডার-20250115T172242Z-004/ইসলামিক বই ভান্ডার/ইসলামিক সাহিত্য/New book 2/কুরআন সৃষ্টিতত্ত্ব বিগ-ব্যাংগ.pdf,107138138,102.2 MB,.pdf,2022-06-21 08:25:04
"ইসলামিক বই ভান্ডার-20250115T172242Z-004/ইসলামিক বই ভান্ডার/ইসলামিক সাহিত্য/New book 2/কুরআন, মহাবিশ্ব মহাধ্বংস.pdf",137058966,130.7 MB,.pdf,2022-06-21 08:30:44
"ইসলামিক বই ভান্ডার-20250115T172242Z-004/ইসলামিক বই ভান্ডার/ইসলামিক সাহিত্য/New book 2/কুরআন, মহাবিশ্ব মূলতত্ত্ব.pdf",158704556,151.4 MB,.pdf,2022-06-21 08:29:18
ইসলামিক বই ভান্ডার-20250115T172242Z-004/ইসলামিক বই ভান্ডার/ইসলামিক সাহিত্য/New book 2/কুরআনে কিয়ামাত ও শেষ বিচার এবং জান্নাত ও জাহান্নামের চিত্র.pdf,4637351,4.4 MB,.pdf,2022-06-21 06:53:46
ইসলামিক বই ভান্ডার-20250115T172242Z-004/ইসলামিক বই ভান্ডার/ইসলামিক সাহিত্য/New book 2/কুরবানীর শিক্ষা.pdf,3581042,3.4 MB,.pdf,2022-06-21 07:10:54
ইসলামিক বই ভান্ডার-20250115T172242Z-004/ইসলামিক বই ভান্ডার/ইসলামিক সাহিত্য/New book 2/কে বড় ক্ষতিগ্রস্ত.pdf,7081759,6.8 MB,.pdf,2022-06-21 07:36:58
ইসলামিক বই ভান্ডার-20250115T172242Z-004/ইসলামিক বই ভান্ডার/ইসলামিক সাহিত্য/New book 2/কোরআন মাজিদের কিছু গোপন রহস্য.pdf,14379154,13.7 MB,.pdf,2022-06-21 08:23:42
ইসলামিক বই ভান্ডার-20250115T172242Z-004/ইসলামিক বই ভান্ডার/ইসলামিক সাহিত্য/New book 2/কোরআনে বিজ্ঞান.pdf,3435019,3.3 MB,.pdf,2022-06-21 07:01:32
ইসলামিক বই ভান্ডার-20250115T172242Z-004/ইসলামিক বই ভান্ডার/ইসলামিক সাহিত্য/New book 2/ক্রীতদাস থেকে সাহাবী.pdf,3658276,3.5 MB,.pdf,2022-06-21 08:21:20
ইসলামিক বই ভান্ডার-20250115T172242Z-004/ইসলামিক বই ভান্ডার/ইসলামিক সাহিত্য/New book 2/খাওয়ার আদব.pdf,2504320,2.4 MB,.pdf,2022-06-21 08:00:28
ইসলামিক বই ভান্ডার-20250115T172242Z-004/ইসলামিক বই ভান্ডার/ইসলামিক সাহিত্য/New book 2/গণতান্তিক ব্যবস্থা.pdf,6267078,6.0 MB,.pdf,2022-06-21 07:52:34
ইসলামিক বই ভান্ডার-20250115T172242Z-004/ইসলামিক বই ভান্ডার/ইসলামিক সাহিত্য/New book 2/গীবত.pdf,2397087,2.3 MB,.pdf,2022-06-21 07:08:16
ইসলামিক বই ভান্ডার-20250115T172242Z-004/ইসলামিক বই ভান্ডার/ইসলামিক সাহিত্য/New book 2/ছিলাহুল মুমিন.pdf,6177815,5.9 MB,.pdf,2022-06-21 08:03:42
ইসলামিক বই ভান্ডার-20250115T172242Z-004/ইসলামিক বই ভান্ডার/ইসলামিক সাহিত্য/New book 2/জন্ম নিয়ন্ত্রন.pdf,3460398,3.3 MB,.pdf,2022-06-21 06:54:48
ইসলামিক বই ভান্ডার-20250115T172242Z-004/ইসলামিক বই ভান্ডার/ইসলামিক সাহিত্য/New book 2/জবানের ক্ষতি.pdf,2690500,2.6 MB,.pdf,2022-06-21 07:51:54
ইসলামিক বই ভান্ডার-20250115T172242Z-004/ইসলামিক বই ভান্ডার/ইসলামিক সাহিত্য/New book 2/জান্নাতের বিবরন.pdf,9464064,9.0 MB,.pdf,2022-06-21 08:09:16
ইসলামিক বই ভান্ডার-20250115T172242Z-004/ইসলামিক বই ভান্ডার/ইসলামিক সাহিত্য/New book 2/জান্নাতের সঠিক পথ.pdf,6193585,5.9 MB,.pdf,2022-06-21 07:53:40
ইসলামিক বই ভান্ডার-20250115T172242Z-004/ইসলামিক বই ভান্ডার/ইসলামিক সাহিত্য/New book 2/জাযাউল আমাল.pdf,2852091,2.7 MB,.pdf,2022-06-21 07:45:16
ইসলামিক বই ভান্ডার-20250115T172242Z-004/ইসলামিক বই ভান্ডার/ইসলামিক সাহিত্য/New book 2/জীবনি নবী করীম সাঃ.pdf,3955820,3.8 MB,.pdf,2022-06-21 07:15:50
ইসলামিক বই ভান্ডার-20250115T172242Z-004/ইসলামিক বই ভান্ডার/ইসলামিক সাহিত্য/New book 2/জ্বিন ও শয়তান জগৎ.pdf,9017709,8.6 MB,.pdf,2022-06-21 08:20:46
ইসলামিক বই ভান্ডার-20250115T172242Z-004/ইসলামিক বই ভান্ডার/ইসলামিক সাহিত্য/New book 2/তাবলিগ জামায়াত এর কর্যক্রম.pdf,1691259,1.6 MB,.pdf,2022-06-21 07:35:14
ইসলামিক বই ভান্ডার-20250115T172242Z-004/ইসলামিক বই ভান্ডার/ইসলামিক সাহিত্য/New book 2/তাবলিগ জামায়াত এর সমাচোলনা.pdf,6290278,6.0 MB,.pdf,2022-06-21 07:52:34
ইসলামিক বই ভান্ডার-20250115T172242Z-004/ইসলামিক বই ভান্ডার/ইসলামিক সাহিত্য/New book 2/তারিখ-ই-শেরশাহী.pdf,4722299,4.5 MB,.pdf,2022-06-21 06:47:36
ইসলামিক বই ভান্ডার-20250115T172242Z-004/ইসলামিক বই ভান্ডার/ইসলামিক সাহিত্য/New book 2/তাসাওউফ.pdf,12474196,11.9 MB,.pdf,2022-06-21 07:07:38
ইসলামিক বই ভান্ডার-20250115T172242Z-004/ইসলামিক বই ভান্ডার/ইসলামিক সাহিত্য/New book 2/দাকায়েকুল আখবার.pdf,5187154,4.9 MB,.pdf,2022-06-21 08:17:42
ইসলামিক বই ভান্ডার-20250115T172242Z-004/ইসলামিক বই ভান্ডার/ইসলামিক সাহিত্য/New book 2/দ্বীনী দাওয়াত.pdf,7164480,6.8 MB,.pdf,2022-06-21 06:50:38
ইসলামিক বই ভান্ডার-20250115T172242Z-004/ইসলামিক বই ভান্ডার/ইসলামিক সাহিত্য/New book 2/ধ্ন-সম্পদের লোভ ও কৃপণতা.pdf,3637191,3.5 MB,.pdf,2022-06-21 07:36:22
ইসলামিক বই ভান্ডার-20250115T172242Z-004/ইসলামিক বই ভান্ডার/ইসলামিক সাহিত্য/New book 2/নন্দিত জাতি নিন্দিত গন্তব্যে.pdf,16729878,16.0 MB,.pdf,2022-06-21 07:21:34
ইসলামিক বই ভান্ডার-20250115T172242Z-004/ইসলামিক বই ভান্ডার/ইসলামিক সাহিত্য/New book 2/নফসের গোলামী ও মুক্তির উপায়.pdf,993666,970.4 KB,.pdf,2022-06-21 07:10:34
ইসলামিক বই ভান্ডার-20250115T172242Z-004/ইসলামিক বই ভান্ডার/ইসলামিক সাহিত্য/New book 2/নবী করীম (সাঃ)-এর ওসীয়ত.pdf,3961776,3.8 MB,.pdf,2022-06-21 07:46:36
ইসলামিক বই ভান্ডার-20250115T172242Z-004/ইসলামিক বই ভান্ডার/ইসলামিক সাহিত্য/New book 2/নষ্ট দর্শন.pdf,9694247,9.2 MB,.pdf,2022-06-21 07:17:28
ইসলামিক বই ভান্ডার-20250115T172242Z-004/ইসলামিক বই ভান্ডার/ইসলামিক সাহিত্য/New book 2/নামাজ শিক্ষা.pdf,2014468,1.9 MB,.pdf,2022-06-21 07:33:56
ইসলামিক বই ভান্ডার-20250115T172242Z-004/ইসলামিক বই ভান্ডার/ইসলামিক সাহিত্য/New book 2/নামাজের ধন- ভান্ডার.pdf,2081130,2.0 MB,.pdf,2022-06-21 07:02:16
ইসলামিক বই ভান্ডার-20250115T172242Z-004/ইসলামিক বই ভান্ডার/ইসলামিক সাহিত্য/New book 2/পটভূমিকা- আর রাহীকুল মাখতুম.pdf,18397722,17.5 MB,.pdf,2022-06-21 08:21:20
ইসলামিক বই ভান্ডার-20250115T172242Z-004/ইসলামিক বই ভান্ডার/ইসলামিক সাহিত্য/New book 2/পবিত্র কোরআনের মু_জিজা.pdf,4310962,4.1 MB,.pdf,2022-06-21 07:24:30
ইসলামিক বই ভান্ডার-20250115T172242Z-004/ইসলামিক বই ভান্ডার/ইসলামিক সাহিত্য/New book 2/পর্দা একটি বাস্তব প্রয়োজন.pdf,1893845,1.8 MB,.pdf,2022-06-21 07:36:24
ইসলামিক বই ভান্ডার-20250115T172242Z-004/ইসলামিক বই ভান্ডার/ইসলামিক সাহিত্য/New book 2/পর্দা.pdf,4813932,4.6 MB,.pdf,2022-06-21 07:13:44
ইসলামিক বই ভান্ডার-20250115T172242Z-004/ইসলামিক বই ভান্ডার/ইসলামিক সাহিত্য/New book 2/পারিবারিক জীবন.pdf,4969823,4.7 MB,.pdf,2022-06-21 07:15:52
ইসলামিক বই ভান্ডার-20250115T172242Z-004/ইসলামিক বই ভান্ডার/ইসলামিক সাহিত্য/New book 2/পাশ্চাত্য সভ্যতায় ইসলাম.pdf,19112954,18.2 MB,.pdf,2022-06-21 07:44:58
ইসলামিক বই ভান্ডার-20250115T172242Z-004/ইসলামিক বই ভান্ডার/ইসলামিক সাহিত্য/New book 2/পুরুষের পর্দা ও নারীর পর্দা.pdf,1233982,1.2 MB,.pdf,2022-06-21 07:18:46
ইসলামিক বই ভান্ডার-20250115T172242Z-004/ইসলামিক বই ভান্ডার/ইসলামিক সাহিত্য/New book 2/প্রথম দিনের সূর্য.pdf,4626861,4.4 MB,.pdf,2022-06-21 06:51:10
ইসলামিক বই ভান্ডার-20250115T172242Z-004/ইসলামিক বই ভান্ডার/ইসলামিক সাহিত্য/New book 2/প্রথম প্রবন্ধ- ওহাবী আন্দোলন.pdf,4590792,4.4 MB,.pdf,2022-06-21 07:47:38
ইসলামিক বই ভান্ডার-20250115T172242Z-004/ইসলামিক বই ভান্ডার/ইসলামিক সাহিত্য/New book 2/প্রাথমিক কথা- হাদীসের তত্ত্ব ও ইতিহাস.pdf,11567342,11.0 MB,.pdf,2022-06-21 07:08:16
ইসলামিক বই ভান্ডার-20250115T172242Z-004/ইসলামিক বই ভান্ডার/ইসলামিক সাহিত্য/New book 2/প্রিয় নবীর (সাঃ) দুয়া-দরূদ ও ব্যবহারিক সুন্নাত.pdf,17231759,16.4 MB,.pdf,2022-06-21 07:49:10
ইসলামিক বই ভান্ডার-20250115T172242Z-004/ইসলামিক বই ভান্ডার/ইসলামিক সাহিত্য/New book 2/ফতেহনামা.pdf,3109572,3.0 MB,.pdf,2022-06-21 07:06:42
ইসলামিক বই ভান্ডার-20250115T172242Z-004/ইসলামিক বই ভান্ডার/ইসলামিক সাহিত্য/New book 2/ফাজায়েল তেজারত.pdf,28365539,27.1 MB,.pdf,2022-06-21 08:25:18
ইসলামিক বই ভান্ডার-20250115T172242Z-004/ইসলামিক বই ভান্ডার/ইসলামিক সাহিত্য/New book 2/ফাজায়েলে তেজারত.pdf,28365539,27.1 MB,.pdf,2022-06-21 08:34:46
ইসলামিক বই ভান্ডার-20250115T172242Z-004/ইসলামিক বই ভান্ডার/ইসলামিক সাহিত্য/New book 2/বর্তমান পরিস্থিতি- ইসলামের দৃষ্টিতে জন্মনিয়ন্ত্রণ.pdf,3791444,3.6 MB,.pdf,2022-06-21 08:18:28
ইসলামিক বই ভান্ডার-20250115T172242Z-004/ইসলামিক বই ভান্ডার/ইসলামিক সাহিত্য/New book 2/বাংলাদেশে ইসলামী আন্দোলনে অগ্রপথিক যারা - ১ম খন্ড.pdf,5269066,5.0 MB,.pdf,2022-06-21 07:47:06
ইসলামিক বই ভান্ডার-20250115T172242Z-004/ইসলামিক বই ভান্ডার/ইসলামিক সাহিত্য/New book 2/বাংলাদেশের মাদ্রাসা শিক্ষা.pdf,3810577,3.6 MB,.pdf,2022-06-21 07:35:52
ইসলামিক বই ভান্ডার-20250115T172242Z-004/ইসলামিক বই ভান্ডার/ইসলামিক সাহিত্য/New book 2/বাহারিস্তান-ই-গায়বী.pdf,9342336,8.9 MB,.pdf,2022-06-21 07:32:24
ইসলামিক বই ভান্ডার-20250115T172242Z-004/ইসলামিক বই ভান্ডার/ইসলামিক সাহিত্য/New book 2/বিদাআত দর্পণ.pdf,4185312,4.0 MB,.pdf,2022-06-21 06:56:08
ইসলামিক বই ভান্ডার-20250115T172242Z-004/ইসলামিক বই ভান্ডার/ইসলামিক সাহিত্য/New book 2/মতবিরোধপূর্ণ বিষয়ে সঠিক পন্থা অবলম্বনের উপায়.pdf,3608877,3.4 MB,.pdf,2022-06-21 07:46:36
ইসলামিক বই ভান্ডার-20250115T172242Z-004/ইসলামিক বই ভান্ডার/ইসলামিক সাহিত্য/New book 2/মদীনা সনদ ও বাংলাদেশের সংবিধান.pdf,5212589,5.0 MB,.pdf,2022-06-21 07:16:22
ইসলামিক বই ভান্ডার-20250115T172242Z-004/ইসলামিক বই ভান্ডার/ইসলামিক সাহিত্য/New book 2/মহানবী (সাঃ) ও শিশু.pdf,8870440,8.5 MB,.pdf,2022-06-21 08:03:14
ইসলামিক বই ভান্ডার-20250115T172242Z-004/ইসলামিক বই ভান্ডার/ইসলামিক সাহিত্য/New book 2/মাকতুবাত.pdf,6805287,6.5 MB,.pdf,2022-06-21 07:22:00
ইসলামিক বই ভান্ডার-20250115T172242Z-004/ইসলামিক বই ভান্ডার/ইসলামিক সাহিত্য/New book 2/মাদিনা শরিফের ইতিকথা.pdf,6882064,6.6 MB,.pdf,2022-06-21 06:57:26
ইসলামিক বই ভান্ডার-20250115T172242Z-004/ইসলামিক বই ভান্ডার/ইসলামিক সাহিত্য/New book 2/মানুষের কাহিনী.pdf,2340798,2.2 MB,.pdf,2022-06-21 06:59:12
ইসলামিক বই ভান্ডার-20250115T172242Z-004/ইসলামিক বই ভান্ডার/ইসলামিক সাহিত্য/New book 2/মালফুজাতে.pdf,3147714,3.0 MB,.pdf,2022-06-21 07:17:10
ইসলামিক বই ভান্ডার-20250115T172242Z-004/ইসলামিক বই ভান্ডার/ইসলামিক সাহিত্য/New book 2/মাহযাব কি ও কেন.pdf,4044145,3.9 MB,.pdf,2022-06-21 07:16:36
ইসলামিক বই ভান্ডার-20250115T172242Z-004/ইসলামিক বই ভান্ডার/ইসলামিক সাহিত্য/New book 2/মিরাজ বিজ্ঞান.pdf,5085806,4.9 MB,.pdf,2022-06-21 07:36:12
ইসলামিক বই ভান্ডার-20250115T172242Z-004/ইসলামিক বই ভান্ডার/ইসলামিক সাহিত্য/New book 2/মুকিম আবস্থাই শরিক কুরবানি.pdf,1642397,1.6 MB,.pdf,2022-06-21 07:06:42
ইসলামিক বই ভান্ডার-20250115T172242Z-004/ইসলামিক বই ভান্ডার/ইসলামিক সাহিত্য/New book 2/মুসলমানদের মানসিক গোলামি ও তার কারণ- ইসলাম ও পাশ্চাত্য সভ্যতার দ্বন্দ্ব.pdf,6996243,6.7 MB,.pdf,2022-06-21 07:22:40
ইসলামিক বই ভান্ডার-20250115T172242Z-004/ইসলামিক বই ভান্ডার/ইসলামিক সাহিত্য/New book 2/মুসলমানের হাসি.pdf,4690910,4.5 MB,.pdf,2022-06-21 08:17:02
ইসলামিক বই ভান্ডার-20250115T172242Z-004/ইসলামিক বই ভান্ডার/ইসলামিক সাহিত্য/New book 2/মূর্তিপূজার গোড়ার কথা.pdf,24182612,23.1 MB,.pdf,2022-06-21 08:31:14
ইসলামিক বই ভান্ডার-20250115T172242Z-004/ইসলামিক বই ভান্ডার/ইসলামিক সাহিত্য/New book 2/মোগল সাম্রাজ্য পতনের ইতিহাস.pdf,6910571,6.6 MB,.pdf,2022-06-21 07:48:18
ইসলামিক বই ভান্ডার-20250115T172242Z-004/ইসলামিক বই ভান্ডার/ইসলামিক সাহিত্য/New book 2/যিকির ও ইয়েকাফের গুরুক্ত.pdf,1936115,1.8 MB,.pdf,2022-06-21 07:16:12
ইসলামিক বই ভান্ডার-20250115T172242Z-004/ইসলামিক বই ভান্ডার/ইসলামিক সাহিত্য/New book 2/যুগে যুগে ইসলামি আন্দলন.pdf,1424462,1.4 MB,.pdf,2022-06-21 06:58:24
ইসলামিক বই ভান্ডার-20250115T172242Z-004/ইসলামিক বই ভান্ডার/ইসলামিক সাহিত্য/New book 2/যুবক ভাইদের প্রতি বিশেষ.pdf,3050097,2.9 MB,.pdf,2022-06-21 07:08:20
ইসলামিক বই ভান্ডার-20250115T172242Z-004/ইসলামিক বই ভান্ডার/ইসলামিক সাহিত্য/New book 2/যৌতুক.pdf,10893779,10.4 MB,.pdf,2022-06-21 07:42:12
ইসলামিক বই ভান্ডার-20250115T172242Z-004/ইসলামিক বই ভান্ডার/ইসলামিক সাহিত্য/New book 2/রসূলুল্লাহ (সঃ)-এর নামায.pdf,5586793,5.3 MB,.pdf,2022-06-21 07:45:40
ইসলামিক বই ভান্ডার-20250115T172242Z-004/ইসলামিক বই ভান্ডার/ইসলামিক সাহিত্য/New book 2/রাসূল স. এর ২০০ সোনালী উপদেশ.pdf,87849791,83.8 MB,.pdf,2022-06-21 08:20:16
ইসলামিক বই ভান্ডার-20250115T172242Z-004/ইসলামিক বই ভান্ডার/ইসলামিক সাহিত্য/New book 2/রাসূলুল্লাহ (সাঃ) এর বিচারালয়.pdf,4581095,4.4 MB,.pdf,2022-06-21 06:57:26
ইসলামিক বই ভান্ডার-20250115T172242Z-004/ইসলামিক বই ভান্ডার/ইসলামিক সাহিত্য/New book 2/রূহে তাসাউফ.pdf,5304426,5.1 MB,.pdf,2022-06-21 07:20:02
ইসলামিক বই ভান্ডার-20250115T172242Z-004/ইসলামিক বই ভান্ডার/ইসলামিক সাহিত্য/New book 2/লামিয়াতুল মুজিযাত.pdf,9512199,9.1 MB,.pdf,2022-06-21 07:45:58
ইসলামিক বই ভান্ডার-20250115T172242Z-004/ইসলামিক বই ভান্ডার/ইসলামিক সাহিত্য/New book 2/শরহে জামী.pdf,15135834,14.4 MB,.pdf,2022-06-21 07:35:14
ইসলামিক বই ভান্ডার-20250115T172242Z-004/ইসলামিক বই ভান্ডার/ইসলামিক সাহিত্য/New book 2/শরিয়তি রাষ্ট্র ব্যাবস্থা.pdf,9295756,8.9 MB,.pdf,2022-06-21 07:02:44
ইসলামিক বই ভান্ডার-20250115T172242Z-004/ইসলামিক বই ভান্ডার/ইসলামিক সাহিত্য/New book 2/শরীয়তের দৃষ্টিতে পর্দার হুকুম.pdf,5362517,5.1 MB,.pdf,2022-06-21 07:08:04
ইসলামিক বই ভান্ডার-20250115T172242Z-004/ইসলামিক বই ভান্ডার/ইসলামিক সাহিত্য/New book 2/শহীদ হাসানুল বান্নার ডায়েরি.pdf,6677833,6.4 MB,.pdf,2022-06-21 07:51:34
ইসলামিক বই ভান্ডার-20250115T172242Z-004/ইসলামিক বই ভান্ডার/ইসলামিক সাহিত্য/New book 2/শামাইলুন নাবিয়্যী.pdf,5538851,5.3 MB,.pdf,2022-06-21 07:18:26
ইসলামিক বই ভান্ডার-20250115T172242Z-004/ইসলামিক বই ভান্ডার/ইসলামিক সাহিত্য/New book 2/শারহু মাআনিল আছার (তাহাবী শরীফ) - ২য় খন্ড.pdf,15401352,14.7 MB,.pdf,2022-06-21 06:57:26
ইসলামিক বই ভান্ডার-20250115T172242Z-004/ইসলামিক বই ভান্ডার/ইসলামিক সাহিত্য/New book 2/শিয়াদের ধর্ম বিশ্বাস.pdf,3136376,3.0 MB,.pdf,2022-06-21 07:06:42
ইসলামিক বই ভান্ডার-20250115T172242Z-004/ইসলামিক বই ভান্ডার/ইসলামিক সাহিত্য/New book 2/শ্রেষ্ঠ উর্দুগল্প - ২য় খন্ড.pdf,2521861,2.4 MB,.pdf,2022-06-21 08:00:28
ইসলামিক বই ভান্ডার-20250115T172242Z-004/ইসলামিক বই ভান্ডার/ইসলামিক সাহিত্য/New book 2/সাত যুবকের গল্প.pdf,6619979,6.3 MB,.pdf,2022-06-21 07:42:38
ইসলামিক বই ভান্ডার-20250115T172242Z-004/ইসলামিক বই ভান্ডার/ইসলামিক সাহিত্য/New book 2/সুদ.pdf,9446039,9.0 MB,.pdf,2022-06-21 08:09:20
"ইসলামিক বই ভান্ডার-20250115T172242Z-004/ইসলামিক বই ভান্ডার/ইসলামিক সাহিত্য/New book 2/সুদঃ এক ভয়াবহ অভিশাপ, পরিত্রাণের উপায়.pdf",1823018,1.7 MB,.pdf,2022-06-21 07:20:54
ইসলামিক বই ভান্ডার-20250115T172242Z-004/ইসলামিক বই ভান্ডার/ইসলামিক সাহিত্য/New book 2/স্বপ্নের ব্যাখ্যা.pdf,4107849,3.9 MB,.pdf,2022-06-21 07:03:58
ইসলামিক বই ভান্ডার-20250115T172242Z-004/ইসলামিক বই ভান্ডার/ইসলামিক সাহিত্য/New book 2/হরফের ছড়া - ফররুক আহাম্মেদ.pdf,21492019,20.5 MB,.pdf,2022-06-21 07:43:36
ইসলামিক বই ভান্ডার-20250115T172242Z-004/ইসলামিক বই ভান্ডার/ইসলামিক সাহিত্য/New book 2/হাকিক্বতে সুন্নত বিদাআত.pdf,5289267,5.0 MB,.pdf,2022-06-21 07:47:06
ইসলামিক বই ভান্ডার-20250115T172242Z-004/ইসলামিক বই ভান্ডার/ইসলামিক সাহিত্য/New book 2/হাদিস কি আল্লাহর ওয়াহী.pdf,6201292,5.9 MB,.pdf,2022-06-21 07:53:40
ইসলামিক বই ভান্ডার-20250115T172242Z-004/ইসলামিক বই ভান্ডার/ইসলামিক সাহিত্য/New book 2/১০০০ সন্নাহ.pdf,2075804,2.0 MB,.pdf,2022-06-21 07:34:00
ইসলামিক বই ভান্ডার-20250115T172242Z-004/ইসলামিক বই ভান্ডার/ইসলামিক সাহিত্য/New book 2/৩৫ ভবিষ্যত বানি.pdf,29632300,28.3 MB,.pdf,2022-06-21 07:35:42
ইসলামিক বই ভান্ডার-20250116T040014Z-003/ইসলামিক বই ভান্ডার/Islamic  books  pdf/baro-sirk.pdf,1651342,1.6 MB,.pdf,2014-03-04 15:45:32
ইসলামিক বই ভান্ডার-20250116T040014Z-003/ইসলামিক বই ভান্ডার/Islamic  books  pdf/bn_aktaa_alsaemeen.pdf,116035,113.3 KB,.pdf,2014-04-07 10:42:08
ইসলামিক বই ভান্ডার-20250116T040014Z-003/ইসলামিক বই ভান্ডার/Islamic  books  pdf/Doya-o-valobashar-biswah-nabi.pdf,818357,799.2 KB,.pdf,2014-04-07 10:42:10
ইসলামিক বই ভান্ডার-20250116T040014Z-003/ইসলামিক বই ভান্ডার/Islamic  books  pdf/Islamer-pratjomic-gan-Abdul-Aziz-bin-Muhammad.pdf,1110490,1.1 MB,.pdf,2014-04-07 10:42:06
ইসলামিক বই ভান্ডার-20250116T040014Z-003/ইসলামিক বই ভান্ডার/Islamic  books  pdf/kiamoter-alamot.pdf,1095804,1.0 MB,.pdf,2014-05-16 20:47:50
ইসলামিক বই ভান্ডার-20250116T040014Z-003/ইসলামিক বই ভান্ডার/Islamic  books  pdf/Kolema-la-ila-illaha-bin-Baaz.pdf,929240,907.5 KB,.pdf,2014-04-07 10:42:08
ইসলামিক বই ভান্ডার-20250116T040014Z-003/ইসলামিক বই ভান্ডার/Islamic  books  pdf/Bukhari Sharif/Quran-1.pdf,1968966,1.9 MB,.pdf,2015-03-04 14:50:32
ইসলামিক বই ভান্ডার-20250116T040014Z-003/ইসলামিক বই ভান্ডার/Islamic  books  pdf/Bukhari Sharif/Quran-2.pdf,3234569,3.1 MB,.pdf,2015-03-04 14:50:34
ইসলামিক বই ভান্ডার-20250116T040014Z-003/ইসলামিক বই ভান্ডার/Islamic  books  pdf/D. ZAKIR NAIK/concept of God in major Religion.pdf,1121791,1.1 MB,.pdf,2012-06-26 14:04:40
ইসলামিক বই ভান্ডার-20250116T040014Z-003/ইসলামিক বই ভান্ডার/Islamic  books  pdf/D. ZAKIR NAIK/Dr Jakir Nayek Book/islamandterrorism.doc,30720,30.0 KB,.doc,2009-06-10 03:27:22
ইসলামিক বই ভান্ডার-20250116T040014Z-003/ইসলামিক বই ভান্ডার/আল কোরআন/Al Quran Sharif/Al Quran Sharif/কোরআন মাজিদ আরবি-বাংলা (মুজিবর রহমান).pdf,28226321,26.9 MB,.pdf,2022-06-21 07:52:02
ইসলামিক বই ভান্ডার-20250116T040014Z-003/ইসলামিক বই ভান্ডার/আল কোরআন/Al Quran Sharif/Al Quran Sharif/কোরআন মাজিদ-বাংলা_ড.জহুরুল হক ২.pdf,3234569,3.1 MB,.pdf,2022-06-21 08:05:48
ইসলামিক বই ভান্ডার-20250116T040014Z-003/ইসলামিক বই ভান্ডার/আল কোরআন/Al Quran Sharif/Al Quran Sharif/কোরআন শরীফ - আল কোরআন একাডেমী লন্ডন.pdf,28949800,27.6 MB,.pdf,2022-06-21 08:23:30
ইসলামিক বই ভান্ডার-20250116T040014Z-003/ইসলামিক বই ভান্ডার/আল কোরআন/Darsul Quran-/Darsul Quran/Darsul Quran 1 Badruzzaman.pdf,4052605,3.9 MB,.pdf,2022-06-21 07:19:12
ইসলামিক বই ভান্ডার-20250116T040014Z-003/ইসলামিক বই ভান্ডার/আল কোরআন/Darsul Quran-/Darsul Quran/Darsul Quran 1 H Parveen.pdf,4670235,4.5 MB,.pdf,2022-06-21 08:18:12
ইসলামিক বই ভান্ডার-20250116T040014Z-003/ইসলামিক বই ভান্ডার/আল কোরআন/Darsul Quran-/Darsul Quran/Darsul Quran 2 Badruzzaman.pdf,3282339,3.1 MB,.pdf,2022-06-21 08:01:50
ইসলামিক বই ভান্ডার-20250116T040014Z-003/ইসলামিক বই ভান্ডার/আল কোরআন/Darsul Quran-/Darsul Quran/Darsul Quran 2 H Parveen.pdf,4651117,4.4 MB,.pdf,2022-06-21 06:53:46
ইসলামিক বই ভান্ডার-20250116T040014Z-003/ইসলামিক বই ভান্ডার/আল কোরআন/Shobde Shobde Al-Quran/Shobde Shobde Al-Quran/Shobde_Shobde_Al-Quran_01.pdf,12743775,12.2 MB,.pdf,2022-06-21 08:33:48
ইসলামিক বই ভান্ডার-20250116T040014Z-003/ইসলামিক বই ভান্ডার/আল কোরআন/Shobde Shobde Al-Quran/Shobde Shobde Al-Quran/Shobde_Shobde_Al-Quran_02.pdf,18674182,17.8 MB,.pdf,2022-06-21 07:46:36
ইসলামিক বই ভান্ডার-20250116T040014Z-003/ইসলামিক বই ভান্ডার/আল কোরআন/Shobde Shobde Al-Quran/Shobde Shobde Al-Quran/Shobde_Shobde_Al-Quran_03.pdf,9162014,8.7 MB,.pdf,2022-06-21 07:34:14
ইসলামিক বই ভান্ডার-20250116T040014Z-003/ইসলামিক বই ভান্ডার/আল কোরআন/Shobde Shobde Al-Quran/Shobde Shobde Al-Quran/Shobde_Shobde_Al-Quran_04.pdf,8195048,7.8 MB,.pdf,2022-06-21 08:25:50
ইসলামিক বই ভান্ডার-20250116T040014Z-003/ইসলামিক বই ভান্ডার/আল কোরআন/Shobde Shobde Al-Quran/Shobde Shobde Al-Quran/Shobde_Shobde_Al-Quran_05.pdf,11656805,11.1 MB,.pdf,2022-06-21 08:34:46
ইসলামিক বই ভান্ডার-20250116T040014Z-003/ইসলামিক বই ভান্ডার/আল কোরআন/Shobde Shobde Al-Quran/Shobde Shobde Al-Quran/Shobde_Shobde_Al-Quran_06.pdf,10316933,9.8 MB,.pdf,2022-06-21 07:03:58
ইসলামিক বই ভান্ডার-20250116T040014Z-003/ইসলামিক বই ভান্ডার/আল কোরআন/Shobde Shobde Al-Quran/Shobde Shobde Al-Quran/Shobde_Shobde_Al-Quran_07.pdf,10291859,9.8 MB,.pdf,2022-06-21 07:23:46
ইসলামিক বই ভান্ডার-20250116T040014Z-003/ইসলামিক বই ভান্ডার/আল কোরআন/Shobde Shobde Al-Quran/Shobde Shobde Al-Quran/Shobde_Shobde_Al-Quran_08.pdf,14739309,14.1 MB,.pdf,2022-06-21 08:25:42
ইসলামিক বই ভান্ডার-20250116T040014Z-003/ইসলামিক বই ভান্ডার/আল কোরআন/Shobde Shobde Al-Quran/Shobde Shobde Al-Quran/Shobde_Shobde_Al-Quran_09.pdf,13603412,13.0 MB,.pdf,2022-06-21 08:32:16
ইসলামিক বই ভান্ডার-20250116T040014Z-003/ইসলামিক বই ভান্ডার/আল কোরআন/Shobde Shobde Al-Quran/Shobde Shobde Al-Quran/Shobde_Shobde_Al-Quran_10.pdf,15477426,14.8 MB,.pdf,2022-06-21 06:55:34
ইসলামিক বই ভান্ডার-20250116T040014Z-003/ইসলামিক বই ভান্ডার/আল কোরআন/Shobde Shobde Al-Quran/Shobde Shobde Al-Quran/Shobde_Shobde_Al-Quran_11.pdf,13177653,12.6 MB,.pdf,2022-06-21 08:34:08
ইসলামিক বই ভান্ডার-20250116T040014Z-003/ইসলামিক বই ভান্ডার/আল কোরআন/Shobde Shobde Al-Quran/Shobde Shobde Al-Quran/Shobde_Shobde_Al-Quran_12.pdf,14653706,14.0 MB,.pdf,2022-06-21 08:33:58
ইসলামিক বই ভান্ডার-20250116T040014Z-003/ইসলামিক বই ভান্ডার/আল কোরআন/Shobde Shobde Al-Quran/Shobde Shobde Al-Quran/Shobde_Shobde_Al-Quran_13.pdf,15780270,15.0 MB,.pdf,2022-06-21 07:36:12
ইসলামিক বই ভান্ডার-20250116T040014Z-003/ইসলামিক বই ভান্ডার/আল কোরআন/Shobde Shobde Al-Quran/Shobde Shobde Al-Quran/Shobde_Shobde_Al-Quran_14.pdf,8631057,8.2 MB,.pdf,2022-06-21 08:25:38
ইসলামিক বই ভান্ডার-20250116T040014Z-003/ইসলামিক বই ভান্ডার/আল কোরআন/Tafsir/Tafsir/Ibne kasir/Inbe Kasir 16.pdf,21691935,20.7 MB,.pdf,2022-06-21 08:04:14
ইসলামিক বই ভান্ডার-20250116T040014Z-003/ইসলামিক বই ভান্ডার/আল কোরআন/Tafsir/Tafsir/Ibne kasir/Inbe Kasir 17.pdf,21716439,20.7 MB,.pdf,2022-06-21 07:16:46
ইসলামিক বই ভান্ডার-20250116T040014Z-003/ইসলামিক বই ভান্ডার/আল কোরআন/Tafsir/Tafsir/Ibne kasir/Inbe Kasir 4 5 6 7.pdf,25812561,24.6 MB,.pdf,2022-06-21 07:55:12
ইসলামিক বই ভান্ডার-20250116T040014Z-003/ইসলামিক বই ভান্ডার/আল কোরআন/Tafsir/Tafsir/Tadabbure Quran/Tadabbure Quran 01.pdf,29254440,27.9 MB,.pdf,2022-06-21 07:35:42
ইসলামিক বই ভান্ডার-20250116T040014Z-003/ইসলামিক বই ভান্ডার/আল কোরআন/Tafsir/Tafsir/Tadabbure Quran/Tadabbure Quran 02.pdf,27140127,25.9 MB,.pdf,2022-06-21 07:29:14
ইসলামিক বই ভান্ডার-20250116T040014Z-003/ইসলামিক বই ভান্ডার/আল কোরআন/Tafsir/Tafsir/Tafsir a Zilalil/Tafsir a Zilalil 1.pdf,17385931,16.6 MB,.pdf,2022-06-21 08:05:16
ইসলামিক বই ভান্ডার-20250116T040014Z-003/ইসলামিক বই ভান্ডার/আল কোরআন/Tafsir/Tafsir/Tafsir a Zilalil/Tafsir a Zilalil 10.pdf,50018907,47.7 MB,.pdf,2022-06-21 08:30:56
ইসলামিক বই ভান্ডার-20250116T040014Z-003/ইসলামিক বই ভান্ডার/আল কোরআন/Tafsir/Tafsir/Tafsir a Zilalil/Tafsir a Zilalil 11.pdf,32413038,30.9 MB,.pdf,2022-06-21 08:32:02
ইসলামিক বই ভান্ডার-20250116T040014Z-003/ইসলামিক বই ভান্ডার/আল কোরআন/Tafsir/Tafsir/Tafsir a Zilalil/Tafsir a Zilalil 12.pdf,42117989,40.2 MB,.pdf,2022-06-21 08:17:16
ইসলামিক বই ভান্ডার-20250116T040014Z-003/ইসলামিক বই ভান্ডার/আল কোরআন/Tafsir/Tafsir/Tafsir a Zilalil/Tafsir a Zilalil 13.pdf,30865107,29.4 MB,.pdf,2022-06-21 08:26:34
ইসলামিক বই ভান্ডার-20250116T040014Z-003/ইসলামিক বই ভান্ডার/আল কোরআন/Tafsir/Tafsir/Tafsir a Zilalil/Tafsir a Zilalil 14.pdf,14352384,13.7 MB,.pdf,2022-06-21 08:27:32
ইসলামিক বই ভান্ডার-20250116T040014Z-003/ইসলামিক বই ভান্ডার/আল কোরআন/Tafsir/Tafsir/Tafsir a Zilalil/Tafsir a Zilalil 15.pdf,8224768,7.8 MB,.pdf,2022-06-21 07:33:02
ইসলামিক বই ভান্ডার-20250116T040014Z-003/ইসলামিক বই ভান্ডার/আল কোরআন/Tafsir/Tafsir/Tafsir a Zilalil/Tafsir a Zilalil 16.pdf,25010421,23.9 MB,.pdf,2022-06-21 07:44:02
ইসলামিক বই ভান্ডার-20250116T040014Z-003/ইসলামিক বই ভান্ডার/আল কোরআন/Tafsir/Tafsir/Tafsir a Zilalil/Tafsir a Zilalil 17.pdf,26882754,25.6 MB,.pdf,2022-06-21 08:15:10
ইসলামিক বই ভান্ডার-20250116T040014Z-003/ইসলামিক বই ভান্ডার/আল কোরআন/Tafsir/Tafsir/Tafsir a Zilalil/Tafsir a Zilalil 19.pdf,36592806,34.9 MB,.pdf,2022-06-21 08:29:54
ইসলামিক বই ভান্ডার-20250116T040014Z-003/ইসলামিক বই ভান্ডার/আল কোরআন/Tafsir/Tafsir/Tafsir a Zilalil/Tafsir a Zilalil 20.pdf,47551685,45.3 MB,.pdf,2022-06-21 08:32:42
ইসলামিক বই ভান্ডার-20250116T040014Z-003/ইসলামিক বই ভান্ডার/আল কোরআন/Tafsir/Tafsir/Tafsir a Zilalil/Tafsir a Zilalil 21.pdf,36689074,35.0 MB,.pdf,2022-06-21 08:29:50
ইসলামিক বই ভান্ডার-20250116T040014Z-003/ইসলামিক বই ভান্ডার/আল কোরআন/Tafsir/Tafsir/Tafsir a Zilalil/Tafsir a Zilalil 4.pdf,30777907,29.4 MB,.pdf,2022-06-21 08:23:04
ইসলামিক বই ভান্ডার-20250116T040014Z-003/ইসলামিক বই ভান্ডার/আল কোরআন/Tafsir/Tafsir/Tafsir a Zilalil/Tafsir a Zilalil 5.pdf,23267084,22.2 MB,.pdf,2022-06-21 07:39:12
ইসলামিক বই ভান্ডার-20250116T040014Z-003/ইসলামিক বই ভান্ডার/আল কোরআন/Tafsir/Tafsir/Tafsir a Zilalil/Tafsir a Zilalil 6.pdf,29243680,27.9 MB,.pdf,2022-06-21 08:27:54
ইসলামিক বই ভান্ডার-20250116T040014Z-003/ইসলামিক বই ভান্ডার/আল কোরআন/Tafsir/Tafsir/Tafsir a Zilalil/Tafsir a Zilalil 7.pdf,24469624,23.3 MB,.pdf,2022-06-21 08:29:36
ইসলামিক বই ভান্ডার-20250116T040014Z-003/ইসলামিক বই ভান্ডার/আল কোরআন/Tafsir/Tafsir/Tafsir a Zilalil/Tafsir a Zilalil 8.pdf,19054256,18.2 MB,.pdf,2022-06-21 08:23:42
ইসলামিক বই ভান্ডার-20250116T040014Z-003/ইসলামিক বই ভান্ডার/আল কোরআন/Tafsir/Tafsir/Tafsir a Zilalil/Tafsir a Zilalil 9.pdf,20921909,20.0 MB,.pdf,2022-06-21 07:47:38
ইসলামিক বই ভান্ডার-20250116T040014Z-003/ইসলামিক বই ভান্ডার/আল কোরআন/Tafsir/Tafsir/Tafsir a Zilalil/Tafsir a Zilalil Ampara.pdf,32433456,30.9 MB,.pdf,2022-06-21 08:22:18
ইসলামিক বই ভান্ডার-20250116T040014Z-003/ইসলামিক বই ভান্ডার/ইসলামিক ইতিহাস/জীবনি/Abdul Wahab Muhaddith Dehlovi.pdf,816304,797.2 KB,.pdf,2022-06-21 07:51:16
ইসলামিক বই ভান্ডার-20250116T040014Z-003/ইসলামিক বই ভান্ডার/ইসলামিক ইতিহাস/জীবনি/Abdullah Bin Baj (rah).pdf,382466,373.5 KB,.pdf,2022-06-21 07:14:16
ইসলামিক বই ভান্ডার-20250116T040014Z-003/ইসলামিক বই ভান্ডার/ইসলামিক ইতিহাস/জীবনি/Abdullahil Qafi Al Quraishi.pdf,432338,422.2 KB,.pdf,2022-06-21 07:18:46
ইসলামিক বই ভান্ডার-20250116T040014Z-003/ইসলামিক বই ভান্ডার/ইসলামিক ইতিহাস/জীবনি/Abu Taher Bordhomani.pdf,437162,426.9 KB,.pdf,2022-06-21 07:18:46
ইসলামিক বই ভান্ডার-20250116T040014Z-003/ইসলামিক বই ভান্ডার/ইসলামিক ইতিহাস/জীবনি/Ajimuddin Al Ajhari.pdf,407163,397.6 KB,.pdf,2022-06-21 07:14:16
ইসলামিক বই ভান্ডার-20250116T040014Z-003/ইসলামিক বই ভান্ডার/ইসলামিক ইতিহাস/জীবনি/Akram Khan.pdf,292294,285.4 KB,.pdf,2022-06-21 07:14:16
ইসলামিক বই ভান্ডার-20250116T040014Z-003/ইসলামিক বই ভান্ডার/ইসলামিক ইতিহাস/জীবনি/albani-ar-jiboni.pdf,390621,381.5 KB,.pdf,2022-06-21 07:14:16
ইসলামিক বই ভান্ডার-20250116T040014Z-003/ইসলামিক বই ভান্ডার/ইসলামিক ইতিহাস/জীবনি/Asadullahel Galib.pdf,390355,381.2 KB,.pdf,2022-06-21 07:14:16
ইসলামিক বই ভান্ডার-20250116T040014Z-003/ইসলামিক বই ভান্ডার/ইসলামিক ইতিহাস/জীবনি/Biography of  Bilal Philips Bangla.pdf,766578,748.6 KB,.pdf,2022-06-21 08:22:36
ইসলামিক বই ভান্ডার-20250116T040014Z-003/ইসলামিক বই ভান্ডার/ইসলামিক ইতিহাস/জীবনি/BIography of Ahmed Deedat Bangla.pdf,350672,342.5 KB,.pdf,2022-06-21 07:14:16
ইসলামিক বই ভান্ডার-20250116T040014Z-003/ইসলামিক বই ভান্ডার/ইসলামিক ইতিহাস/জীবনি/Biography of Ibnul Qaiyum (rh).pdf,322733,315.2 KB,.pdf,2022-06-21 07:14:16
ইসলামিক বই ভান্ডার-20250116T040014Z-003/ইসলামিক বই ভান্ডার/ইসলামিক ইতিহাস/জীবনি/Biography of Imam Abu Hanifa Bangla.pdf,568417,555.1 KB,.pdf,2022-06-21 07:18:46
ইসলামিক বই ভান্ডার-20250116T040014Z-003/ইসলামিক বই ভান্ডার/ইসলামিক ইতিহাস/জীবনি/BIography of Imam Ahmad Bin Hanbal ( bangla ).pdf,444583,434.2 KB,.pdf,2022-06-21 07:18:46
ইসলামিক বই ভান্ডার-20250116T040014Z-003/ইসলামিক বই ভান্ডার/ইসলামিক ইতিহাস/জীবনি/Biography of Imam Ibn Taimiyaah.pdf,433390,423.2 KB,.pdf,2022-06-21 07:18:46
ইসলামিক বই ভান্ডার-20250116T040014Z-003/ইসলামিক বই ভান্ডার/ইসলামিক ইতিহাস/জীবনি/Biography of Imam Malik ( bangla ).pdf,555504,542.5 KB,.pdf,2022-06-21 07:18:46
ইসলামিক বই ভান্ডার-20250116T040014Z-003/ইসলামিক বই ভান্ডার/ইসলামিক ইতিহাস/জীবনি/Biography of Imam Shafei ( Bangla ).pdf,472714,461.6 KB,.pdf,2022-06-21 07:18:46
ইসলামিক বই ভান্ডার-20250116T040014Z-003/ইসলামিক বই ভান্ডার/ইসলামিক ইতিহাস/জীবনি/Biography of Imam Tahabi (rh).pdf,106944,104.4 KB,.pdf,2022-06-21 07:14:16
ইসলামিক বই ভান্ডার-20250116T040014Z-003/ইসলামিক বই ভান্ডার/ইসলামিক ইতিহাস/জীবনি/Habibullah Khan Rahmani.pdf,332497,324.7 KB,.pdf,2022-06-21 07:14:16
ইসলামিক বই ভান্ডার-20250116T040014Z-003/ইসলামিক বই ভান্ডার/ইসলামিক ইতিহাস/জীবনি/Ibn Jaoji.pdf,494233,482.6 KB,.pdf,2022-06-21 07:18:46
ইসলামিক বই ভান্ডার-20250116T040014Z-003/ইসলামিক বই ভান্ডার/ইসলামিক ইতিহাস/জীবনি/ibn khaldun.pdf,297081,290.1 KB,.pdf,2022-06-21 07:14:16
ইসলামিক বই ভান্ডার-20250116T040014Z-003/ইসলামিক বই ভান্ডার/ইসলামিক ইতিহাস/জীবনি/Ibnu Majah (rah).pdf,878486,857.9 KB,.pdf,2022-06-21 07:53:04
ইসলামিক বই ভান্ডার-20250116T040014Z-003/ইসলামিক বই ভান্ডার/ইসলামিক ইতিহাস/জীবনি/Imam Abu Dawud (rah).pdf,244863,239.1 KB,.pdf,2022-06-21 07:14:16
ইসলামিক বই ভান্ডার-20250116T040014Z-003/ইসলামিক বই ভান্ডার/ইসলামিক ইতিহাস/জীবনি/Imam Abu Dawud and His Sunan.pdf,551948,539.0 KB,.pdf,2022-06-21 07:18:46
ইসলামিক বই ভান্ডার-20250116T040014Z-003/ইসলামিক বই ভান্ডার/ইসলামিক ইতিহাস/জীবনি/Imam Bukhari (rah).pdf,451204,440.6 KB,.pdf,2022-06-21 07:18:46
ইসলামিক বই ভান্ডার-20250116T040014Z-003/ইসলামিক বই ভান্ডার/ইসলামিক ইতিহাস/জীবনি/Imam Muslim (rah).pdf,480098,468.8 KB,.pdf,2022-06-21 07:18:46
ইসলামিক বই ভান্ডার-20250116T040014Z-003/ইসলামিক বই ভান্ডার/ইসলামিক ইতিহাস/জীবনি/Imam Tirmidhi (rah).pdf,757453,739.7 KB,.pdf,2022-06-21 08:22:36
ইসলামিক বই ভান্ডার-20250116T040014Z-003/ইসলামিক বই ভান্ডার/ইসলামিক ইতিহাস/জীবনি/jiboni-nasiruddin-albani.pdf,482812,471.5 KB,.pdf,2022-06-21 07:18:46
ইসলামিক বই ভান্ডার-20250116T040014Z-003/ইসলামিক বই ভান্ডার/ইসলামিক ইতিহাস/জীবনি/Maolana Akram Khan.pdf,292294,285.4 KB,.pdf,2022-06-21 07:14:16
ইসলামিক বই ভান্ডার-20250116T040014Z-003/ইসলামিক বই ভান্ডার/ইসলামিক ইতিহাস/জীবনি/MaulanaAhmadAliBySheikhAkhterHosain.pdf,530409,518.0 KB,.pdf,2022-06-21 07:18:46
ইসলামিক বই ভান্ডার-20250116T040014Z-003/ইসলামিক বই ভান্ডার/ইসলামিক ইতিহাস/জীবনি/Mia Nazir Hussain Delovi.pdf,280784,274.2 KB,.pdf,2022-06-21 07:14:16
ইসলামিক বই ভান্ডার-20250116T040014Z-003/ইসলামিক বই ভান্ডার/ইসলামিক ইতিহাস/জীবনি/Muhammad Bin Salih Al Uthaimeen.pdf,984561,961.5 KB,.pdf,2022-06-21 07:10:34
ইসলামিক বই ভান্ডার-20250116T040014Z-003/ইসলামিক বই ভান্ডার/ইসলামিক ইতিহাস/জীবনি/Muhammad Nasiruddin Albanee.pdf,370746,362.1 KB,.pdf,2022-06-21 07:14:16
ইসলামিক বই ভান্ডার-20250116T040014Z-003/ইসলামিক বই ভান্ডার/ইসলামিক ইতিহাস/জীবনি/Obaidullah Mubarakpuri (rah).pdf,832847,813.3 KB,.pdf,2022-06-21 07:53:04
ইসলামিক বই ভান্ডার-20250116T040014Z-003/ইসলামিক বই ভান্ডার/ইসলামিক ইতিহাস/জীবনি/Shah Waliullah Dehlovi.pdf,787423,769.0 KB,.pdf,2022-06-21 07:51:02
ইসলামিক বই ভান্ডার-20250116T040014Z-003/ইসলামিক বই ভান্ডার/ইসলামিক ইতিহাস/জীবনি/Shaikh-Salih-Al-Fawzan.pdf,212890,207.9 KB,.pdf,2022-06-21 07:14:16
ইসলামিক বই ভান্ডার-20250116T040014Z-003/ইসলামিক বই ভান্ডার/ইসলামিক ইতিহাস/জীবনি/তিতুমীর.pdf,503427,491.6 KB,.pdf,2022-06-21 07:18:46
ইসলামিক বই ভান্ডার-20250116T040014Z-003/ইসলামিক বই ভান্ডার/ইসলামিক ইতিহাস/নবিদের কাহিনি/আয়উব (আঃ).pdf,963170,940.6 KB,.pdf,2022-06-21 07:53:08
ইসলামিক বই ভান্ডার-20250116T040014Z-003/ইসলামিক বই ভান্ডার/ইসলামিক ইতিহাস/নবিদের কাহিনি/ইয়াকূব (আঃ).pdf,690209,674.0 KB,.pdf,2022-06-21 08:22:36
ইসলামিক বই ভান্ডার-20250116T040014Z-003/ইসলামিক বই ভান্ডার/ইসলামিক ইতিহাস/নবিদের কাহিনি/ইলিয়াস (আঃ).pdf,819477,800.3 KB,.pdf,2022-06-21 07:50:44
ইসলামিক বই ভান্ডার-20250116T040014Z-003/ইসলামিক বই ভান্ডার/ইসলামিক ইতিহাস/নবিদের কাহিনি/ইসমাইল (আঃ).pdf,781733,763.4 KB,.pdf,2022-06-21 07:51:02
ইসলামিক বই ভান্ডার-20250116T040014Z-003/ইসলামিক বই ভান্ডার/ইসলামিক ইতিহাস/নবিদের কাহিনি/ইসহাক (আঃ).pdf,556539,543.5 KB,.pdf,2022-06-21 07:18:46
ইসলামিক বই ভান্ডার-20250116T040014Z-003/ইসলামিক বই ভান্ডার/ইসলামিক ইতিহাস/নবিদের কাহিনি/যাকারিয়া (আঃ).pdf,827765,808.4 KB,.pdf,2022-06-21 07:50:48
ইসলামিক বই ভান্ডার-20250116T040014Z-003/ইসলামিক বই ভান্ডার/ইসলামিক সাহিত্য/New book 1/পশু পাখীর গল্প/পশু পাখীর গল্প - ১.pdf,1948775,1.9 MB,.pdf,2022-06-21 07:16:12
ইসলামিক বই ভান্ডার-20250116T040014Z-003/ইসলামিক বই ভান্ডার/ইসলামিক সাহিত্য/New book 1/পশু পাখীর গল্প/পশু পাখীর গল্প - ২.pdf,2079834,2.0 MB,.pdf,2022-06-21 07:02:16
ইসলামিক বই ভান্ডার-20250116T040014Z-003/ইসলামিক বই ভান্ডার/ইসলামিক সাহিত্য/New book 1/মুকাশাফাতুল - ক্বুলুব/MukashafatulQulub-LightOfSoul-ImamGhazzaliRA-V1-IntroAndPage0-137.pdf,3528694,3.4 MB,.pdf,2022-06-21 07:45:18
ইসলামিক বই ভান্ডার-20250116T040014Z-003/ইসলামিক বই ভান্ডার/ইসলামিক সাহিত্য/New book 1/মুকাশাফাতুল - ক্বুলুব/MukashafatulQulub-LightOfSoul-ImamGhazzaliRA-V1-Page276-416-End.pdf,5227323,5.0 MB,.pdf,2022-06-21 07:16:22
ইসলামিক বই ভান্ডার-20250116T040014Z-003/ইসলামিক বই ভান্ডার/ইসলামিক সাহিত্য/New book 1/মুকাশাফাতুল - ক্বুলুব/MukashafatulQulub-LightOfSoul-ImamGhazzaliRA-V2-IntroAndPage0-135.pdf,4574170,4.4 MB,.pdf,2022-06-21 08:31:20
ইসলামিক বই ভান্ডার-20250116T040014Z-003/ইসলামিক বই ভান্ডার/ইসলামিক সাহিত্য/New book 1/মুকাশাফাতুল - ক্বুলুব/MukashafatulQulub-LightOfSoul-ImamGhazzaliRA-V2-Page136-273.pdf,4486868,4.3 MB,.pdf,2022-06-21 07:16:54
ইসলামিক বই ভান্ডার-20250116T040014Z-003/ইসলামিক বই ভান্ডার/ইসলামিক সাহিত্য/New book 1/মুকাশাফাতুল - ক্বুলুব/MukashafatulQulub-LightOfSoul-ImamGhazzaliRA-V2-Page274-408-End.pdf,4748799,4.5 MB,.pdf,2022-06-21 07:38:26
ইসলামিক বই ভান্ডার-20250116T040014Z-003/ইসলামিক বই ভান্ডার/ইসলামিক সাহিত্য/New book 2/অপ্রয়জনিয় গুনহা.pdf,3693489,3.5 MB,.pdf,2022-06-21 07:47:48
ইসলামিক বই ভান্ডার-20250116T040014Z-003/ইসলামিক বই ভান্ডার/ইসলামিক সাহিত্য/New book 2/অবমাননার শাস্তি.pdf,1807145,1.7 MB,.pdf,2022-06-21 08:34:54
ইসলামিক বই ভান্ডার-20250116T040014Z-003/ইসলামিক বই ভান্ডার/ইসলামিক সাহিত্য/New book 2/আখেরাতের প্রেরণা.pdf,5736934,5.5 MB,.pdf,2022-06-21 07:43:28
ইসলামিক বই ভান্ডার-20250116T040014Z-003/ইসলামিক বই ভান্ডার/ইসলামিক সাহিত্য/New book 2/আজাব এর ভয় ও রহমত এর আশা.pdf,3790601,3.6 MB,.pdf,2022-06-21 08:18:12
ইসলামিক বই ভান্ডার-20250116T040014Z-003/ইসলামিক বই ভান্ডার/ইসলামিক সাহিত্য/New book 2/আজাবের ভয় ও রহমতের আশা.pdf,3790601,3.6 MB,.pdf,2022-06-21 08:18:42
ইসলামিক বই ভান্ডার-20250116T040014Z-003/ইসলামিক বই ভান্ডার/ইসলামিক সাহিত্য/New book 2/আদর্শ স্ত্রীর পথ ও পাথেয়.pdf,5781801,5.5 MB,.pdf,2022-06-21 08:28:50
ইসলামিক বই ভান্ডার-20250116T040014Z-003/ইসলামিক বই ভান্ডার/ইসলামিক সাহিত্য/New book 2/আদাবুল মুআশারাত (2).pdf,3914855,3.7 MB,.pdf,2022-06-21 07:46:08
ইসলামিক বই ভান্ডার-20250116T040014Z-003/ইসলামিক বই ভান্ডার/ইসলামিক সাহিত্য/New book 2/আদাবুল মুআশারাত.pdf,24618644,23.5 MB,.pdf,2022-06-21 08:23:42
ইসলামিক বই ভান্ডার-20250116T040014Z-003/ইসলামিক বই ভান্ডার/ইসলামিক সাহিত্য/New book 2/আধুনিক আরবী ব্যাকরণ.pdf,9773674,9.3 MB,.pdf,2022-06-21 07:48:10
ইসলামিক বই ভান্ডার-20250116T040014Z-003/ইসলামিক বই ভান্ডার/ইসলামিক সাহিত্য/New book 2/আধুনিক যুগের চ্যালেঞ্জ ও ইসলাম.pdf,7950200,7.6 MB,.pdf,2022-06-21 08:19:44
ইসলামিক বই ভান্ডার-20250116T040014Z-003/ইসলামিক বই ভান্ডার/ইসলামিক সাহিত্য/New book 2/আন্দোলন পূর্ব অবস্থা- ইসলামের পুনর্জাগরণে ইখওয়ানুল মুসলিমুনের ভূমিকা.pdf,2975287,2.8 MB,.pdf,2022-06-21 08:22:38
ইসলামিক বই ভান্ডার-20250116T040014Z-003/ইসলামিক বই ভান্ডার/ইসলামিক সাহিত্য/New book 2/আন্দোলন সংগঠন কর্মী.pdf,11404606,10.9 MB,.pdf,2022-06-21 08:33:14
ইসলামিক বই ভান্ডার-20250116T040014Z-003/ইসলামিক বই ভান্ডার/ইসলামিক সাহিত্য/New book 2/আফগানিস্তানে আমি আল্লাকে দেখেছি.pdf,10464154,10.0 MB,.pdf,2022-06-21 07:58:04
ইসলামিক বই ভান্ডার-20250116T040014Z-003/ইসলামিক বই ভান্ডার/ইসলামিক সাহিত্য/New book 2/আবগানিস্তান এ দেখা আল্লাহর নিদর্শন.pdf,18427628,17.6 MB,.pdf,2022-06-21 08:21:32
ইসলামিক বই ভান্ডার-20250116T040014Z-003/ইসলামিক বই ভান্ডার/ইসলামিক সাহিত্য/New book 2/আমাদের কথা- সীরাতে সরওয়ারে আলম - ২য় খন্ড.pdf,8786850,8.4 MB,.pdf,2022-06-21 07:52:34
ইসলামিক বই ভান্ডার-20250116T040014Z-003/ইসলামিক বই ভান্ডার/ইসলামিক সাহিত্য/New book 2/আমি কেন খৃষ্টান ধর্ম গ্রহণ করলাম না.pdf,13179778,12.6 MB,.pdf,2022-06-21 08:34:02
ইসলামিক বই ভান্ডার-20250116T040014Z-003/ইসলামিক বই ভান্ডার/ইসলামিক সাহিত্য/New book 2/আরবী সকল ভাষার জননী.pdf,1552264,1.5 MB,.pdf,2022-06-21 08:23:56
ইসলামিক বই ভান্ডার-20250116T040014Z-003/ইসলামিক বই ভান্ডার/ইসলামিক সাহিত্য/New book 2/আল কুরআন আত তাফসির.pdf,6112430,5.8 MB,.pdf,2022-06-21 08:21:58
ইসলামিক বই ভান্ডার-20250116T040014Z-003/ইসলামিক বই ভান্ডার/ইসলামিক সাহিত্য/New book 2/আল কোরআন শিক্ষা পদ্ধতি.pdf,2769988,2.6 MB,.pdf,2022-06-21 08:34:54
ইসলামিক বই ভান্ডার-20250116T040014Z-003/ইসলামিক বই ভান্ডার/ইসলামিক সাহিত্য/New book 2/আল লুলু ওয়াল মারজানঃ মুত্তাফিকুন আলাইহি.pdf,30232331,28.8 MB,.pdf,2022-06-21 07:49:08
"ইসলামিক বই ভান্ডার-20250116T040014Z-003/ইসলামিক বই ভান্ডার/ইসলামিক সাহিত্য/New book 2/আল-কুরআনের আলোকে তাওরাত,যাবূর,ইনজীল বনাম ‘পবিত্র বাইবেল’ পর্ব -২.pdf",765603,747.7 KB,.pdf,2022-06-21 08:22:36
ইসলামিক বই ভান্ডার-20250116T040014Z-003/ইসলামিক বই ভান্ডার/ইসলামিক সাহিত্য/New book 2/আল্লাহ ওয়ালা.pdf,4838447,4.6 MB,.pdf,2022-06-21 08:33:58
ইসলামিক বই ভান্ডার-20250116T040014Z-003/ইসলামিক বই ভান্ডার/ইসলামিক সাহিত্য/New book 2/ইছলাহুন নিসওয়ান.pdf,2759438,2.6 MB,.pdf,2022-06-21 08:34:54
ইসলামিক বই ভান্ডার-20250116T040014Z-003/ইসলামিক বই ভান্ডার/ইসলামিক সাহিত্য/New book 2/ইছলাহুর রুসূম.pdf,4574214,4.4 MB,.pdf,2022-06-21 08:00:58
ইসলামিক বই ভান্ডার-20250116T040014Z-003/ইসলামিক বই ভান্ডার/ইসলামিক সাহিত্য/New book 2/ইমাম মাহাদি ও কিয়ামত এর আলামত.pdf,3455539,3.3 MB,.pdf,2022-06-21 07:57:40
ইসলামিক বই ভান্ডার-20250116T040014Z-003/ইসলামিক বই ভান্ডার/ইসলামিক সাহিত্য/New book 2/ইমামগনের মতবিরোধ কি ও কেন.pdf,3289418,3.1 MB,.pdf,2022-06-21 08:01:50
ইসলামিক বই ভান্ডার-20250116T040014Z-003/ইসলামিক বই ভান্ডার/ইসলামিক সাহিত্য/New book 2/ইরাক যুদ্ধ মানবতার কান্না.pdf,2538387,2.4 MB,.pdf,2022-06-21 08:10:20
ইসলামিক বই ভান্ডার-20250116T040014Z-003/ইসলামিক বই ভান্ডার/ইসলামিক সাহিত্য/New book 2/ইরানের সমকালিন ইতিহাস.pdf,5427756,5.2 MB,.pdf,2022-06-21 08:26:14
ইসলামিক বই ভান্ডার-20250116T040014Z-003/ইসলামিক বই ভান্ডার/ইসলামিক সাহিত্য/New book 2/ইসমুত তাফসীর.pdf,2718623,2.6 MB,.pdf,2022-06-21 08:34:48
ইসলামিক বই ভান্ডার-20250116T040014Z-003/ইসলামিক বই ভান্ডার/ইসলামিক সাহিত্য/New book 2/ইসলাম ও অর্থনৈতিক চ্যালেঞ্জ.pdf,12225324,11.7 MB,.pdf,2022-06-21 08:33:00
ইসলামিক বই ভান্ডার-20250116T040014Z-003/ইসলামিক বই ভান্ডার/ইসলামিক সাহিত্য/New book 2/ইসলাম ও আধুনিকতা.pdf,3645237,3.5 MB,.pdf,2022-06-21 08:21:20
ইসলামিক বই ভান্ডার-20250116T040014Z-003/ইসলামিক বই ভান্ডার/ইসলামিক সাহিত্য/New book 2/ইসলাম ও বিজ্ঞান.pdf,633638,618.8 KB,.pdf,2022-06-21 08:22:36
ইসলামিক বই ভান্ডার-20250116T040014Z-003/ইসলামিক বই ভান্ডার/ইসলামিক সাহিত্য/New book 2/ইসলাম কি ও কেন.pdf,11014660,10.5 MB,.pdf,2022-06-21 08:29:34
ইসলামিক বই ভান্ডার-20250116T040014Z-003/ইসলামিক বই ভান্ডার/ইসলামিক সাহিত্য/New book 2/ইসলামিক ফাউন্ডেশন পত্রিকা.pdf,10296196,9.8 MB,.pdf,2022-06-21 07:48:52
ইসলামিক বই ভান্ডার-20250116T040014Z-003/ইসলামিক বই ভান্ডার/ইসলামিক সাহিত্য/New book 2/ইসলামী অর্থনীতি নির্বাচিত প্রবন্ধ.pdf,10314964,9.8 MB,.pdf,2022-06-21 07:48:52
ইসলামিক বই ভান্ডার-20250116T040014Z-003/ইসলামিক বই ভান্ডার/ইসলামিক সাহিত্য/New book 2/ইসলামী বিচার ব্যবস্থা.pdf,2182068,2.1 MB,.pdf,2022-06-21 07:46:44
ইসলামিক বই ভান্ডার-20250116T040014Z-003/ইসলামিক বই ভান্ডার/ইসলামিক সাহিত্য/New book 2/ইসলামী রাষ্ট্র.pdf,14786535,14.1 MB,.pdf,2022-06-21 07:50:10
ইসলামিক বই ভান্ডার-20250116T040014Z-003/ইসলামিক বই ভান্ডার/ইসলামিক সাহিত্য/New book 2/ইসলামে মানবাধিকার.pdf,8481851,8.1 MB,.pdf,2022-06-21 08:32:16
ইসলামিক বই ভান্ডার-20250116T040014Z-003/ইসলামিক বই ভান্ডার/ইসলামিক সাহিত্য/New book 2/ইসলামে হালাল হারামের বিধান.pdf,12366235,11.8 MB,.pdf,2022-06-21 07:49:40
ইসলামিক বই ভান্ডার-20250116T040014Z-003/ইসলামিক বই ভান্ডার/ইসলামিক সাহিত্য/New book 2/ইসলামের দৃষ্টিতে সন্তান প্রতিপালন.pdf,3709046,3.5 MB,.pdf,2022-06-21 07:47:48
ইসলামিক বই ভান্ডার-20250116T040014Z-003/ইসলামিক বই ভান্ডার/ইসলামিক সাহিত্য/New book 2/ইসলামের সোনালী যুগ.pdf,1349376,1.3 MB,.pdf,2022-06-21 06:58:24
ইসলামিক বই ভান্ডার-20250116T040014Z-003/ইসলামিক বই ভান্ডার/ইসলামিক সাহিত্য/New book 2/ইসলাহূম রূসুম.pdf,4574214,4.4 MB,.pdf,2022-06-21 08:01:00
ইসলামিক বই ভান্ডার-20250116T040014Z-003/ইসলামিক বই ভান্ডার/ইসলামিক সাহিত্য/New book 2/ঈমানী দূর্বলতা.pdf,2423461,2.3 MB,.pdf,2022-06-21 08:00:28
ইসলামিক বই ভান্ডার-20250116T040014Z-003/ইসলামিক বই ভান্ডার/ইসলামিক সাহিত্য/New book 2/উচ্চ শিক্ষাঃ কিছু কথা.pdf,4384496,4.2 MB,.pdf,2022-06-21 08:34:22
ইসলামিক বই ভান্ডার-20250116T040014Z-003/ইসলামিক বই ভান্ডার/ইসলামিক সাহিত্য/New book 2/উম্মতের উপর প্রিয় নবীজীর হক.pdf,4081068,3.9 MB,.pdf,2022-06-21 08:17:42
ইসলামিক বই ভান্ডার-20250116T040014Z-003/ইসলামিক বই ভান্ডার/ইসলামিক সাহিত্য/New book 2/এক হাতে মুসাফাহ.pdf,832320,812.8 KB,.pdf,2022-06-21 07:53:04
ইসলামিক বই ভান্ডার-20250116T040014Z-003/ইসলামিক বই ভান্ডার/ইসলামিক সাহিত্য/New book 2/এন্তেখাবে হাদীস.pdf,6597144,6.3 MB,.pdf,2022-06-21 08:26:34
ইসলামিক বই ভান্ডার-20250116T040014Z-003/ইসলামিক বই ভান্ডার/ইসলামিক সাহিত্য/New book 2/ওসিয়ত.pdf,3961776,3.8 MB,.pdf,2022-06-21 07:46:32
ইসলামিক বই ভান্ডার-20250116T040014Z-003/ইসলামিক বই ভান্ডার/ইসলামিক সাহিত্য/New book 2/ঔপনিবেশিক যুগের শিক্ষা-সাহিত্য.pdf,3223703,3.1 MB,.pdf,2022-06-21 08:05:46
ইসলামিক বই ভান্ডার-20250116T040014Z-003/ইসলামিক বই ভান্ডার/ইসলামিক সাহিত্য/New book 2/কবিরা গুনহা.pdf,323656,316.1 KB,.pdf,2022-06-21 07:14:16
ইসলামিক বই ভান্ডার-20250116T040014Z-003/ইসলামিক বই ভান্ডার/ইসলামিক সাহিত্য/New book 2/কাদিয়ানী সমস্যা- কাদিয়ানী সমস্যা.pdf,1906841,1.8 MB,.pdf,2022-06-21 07:36:22
ইসলামিক বই ভান্ডার-20250116T040014Z-003/ইসলামিক বই ভান্ডার/ইসলামিক সাহিত্য/New book 2/কাফন-দাফন-জানাযা.pdf,1664387,1.6 MB,.pdf,2022-06-21 07:06:42
ইসলামিক বই ভান্ডার-20250116T040014Z-003/ইসলামিক বই ভান্ডার/ইসলামিক সাহিত্য/New book 2/কামিয়াবির পথ.pdf,4782954,4.6 MB,.pdf,2022-06-21 08:23:42
ইসলামিক বই ভান্ডার-20250116T040014Z-003/ইসলামিক বই ভান্ডার/ইসলামিক সাহিত্য/New book 2/কারাগার থেকে আদালত.pdf,1762193,1.7 MB,.pdf,2022-06-21 08:34:54
ইসলামিক বই ভান্ডার-20250116T040014Z-003/ইসলামিক বই ভান্ডার/ইসলামিক সাহিত্য/New book 2/কালেমা.pdf,929240,907.5 KB,.pdf,2022-06-21 07:53:04
ইসলামিক বই ভান্ডার-20250116T040014Z-003/ইসলামিক বই ভান্ডার/ইসলামিক সাহিত্য/New book 2/কাসিদা ই বুরদা.pdf,817835,798.7 KB,.pdf,2022-06-21 07:50:44
ইসলামিক বই ভান্ডার-20250116T040014Z-003/ইসলামিক বই ভান্ডার/ইসলামিক সাহিত্য/New book 2/কিতাবুত তাওহিদ.pdf,8596985,8.2 MB,.pdf,2022-06-21 08:17:42
ইসলামিক বই ভান্ডার-20250116T040014Z-003/ইসলামিক বই ভান্ডার/ইসলামিক সাহিত্য/New book 2/কুরআন ও সহীহ হাদীসের আলোকে রাসূল স. এর প্র্যাকটিক্যাল নামায.pdf,8812498,8.4 MB,.pdf,2022-06-21 08:17:02
ইসলামিক বই ভান্ডার-20250116T040014Z-003/ইসলামিক বই ভান্ডার/ইসলামিক সাহিত্য/New book 2/কুরআন ও সহীহ হাদীসের আলোকে সহীহ ফাযায়েলে আমল.pdf,15511026,14.8 MB,.pdf,2022-06-21 08:22:26
ইসলামিক বই ভান্ডার-20250116T040014Z-003/ইসলামিক বই ভান্ডার/ইসলামিক সাহিত্য/New book 2/কুরআন কিয়ামাত পরকাল.pdf,112273177,107.1 MB,.pdf,2022-06-21 08:28:42
ইসলামিক বই ভান্ডার-20250116T040014Z-003/ইসলামিক বই ভান্ডার/ইসলামিক সাহিত্য/New book 2/কুরআন সৃষ্টিতত্ত্ব বিগ-ব্যাংগ.pdf,107138138,102.2 MB,.pdf,2022-06-21 08:25:04
"ইসলামিক বই ভান্ডার-20250116T040014Z-003/ইসলামিক বই ভান্ডার/ইসলামিক সাহিত্য/New book 2/কুরআন, মহাবিশ্ব মূলতত্ত্ব.pdf",158704556,151.4 MB,.pdf,2022-06-21 08:29:18
ইসলামিক বই ভান্ডার-20250116T040014Z-003/ইসলামিক বই ভান্ডার/ইসলামিক সাহিত্য/New book 2/কে রাজা.pdf,11287155,10.8 MB,.pdf,2022-06-21 08:31:12
ইসলামিক বই ভান্ডার-20250116T040014Z-003/ইসলামিক বই ভান্ডার/ইসলামিক সাহিত্য/New book 2/কোরআন মাজিদের কিছু গোপন রহস্য.pdf,14379154,13.7 MB,.pdf,2022-06-21 08:23:42
ইসলামিক বই ভান্ডার-20250116T040014Z-003/ইসলামিক বই ভান্ডার/ইসলামিক সাহিত্য/New book 2/ক্রীতদাস থেকে সাহাবী.pdf,3658276,3.5 MB,.pdf,2022-06-21 08:21:20
ইসলামিক বই ভান্ডার-20250116T040014Z-003/ইসলামিক বই ভান্ডার/ইসলামিক সাহিত্য/New book 2/খাওয়ার আদব.pdf,2504320,2.4 MB,.pdf,2022-06-21 08:00:28
ইসলামিক বই ভান্ডার-20250116T040014Z-003/ইসলামিক বই ভান্ডার/ইসলামিক সাহিত্য/New book 2/গণতান্তিক ব্যবস্থা.pdf,6267078,6.0 MB,.pdf,2022-06-21 07:52:34
ইসলামিক বই ভান্ডার-20250116T040014Z-003/ইসলামিক বই ভান্ডার/ইসলামিক সাহিত্য/New book 2/গিবদ.pdf,6035650,5.8 MB,.pdf,2022-06-21 08:23:04
ইসলামিক বই ভান্ডার-20250116T040014Z-003/ইসলামিক বই ভান্ডার/ইসলামিক সাহিত্য/New book 2/গুনহা ও তওবা.pdf,3782281,3.6 MB,.pdf,2022-06-21 08:25:18
ইসলামিক বই ভান্ডার-20250116T040014Z-003/ইসলামিক বই ভান্ডার/ইসলামিক সাহিত্য/New book 2/চরমোনার পীর আমাকে জামায়েত ইসলামে নিয়ে .pdf,1386325,1.3 MB,.pdf,2022-06-21 06:58:24
ইসলামিক বই ভান্ডার-20250116T040014Z-003/ইসলামিক বই ভান্ডার/ইসলামিক সাহিত্য/New book 2/ছবি ও মূর্তি.pdf,1531204,1.5 MB,.pdf,2022-06-21 08:23:56
ইসলামিক বই ভান্ডার-20250116T040014Z-003/ইসলামিক বই ভান্ডার/ইসলামিক সাহিত্য/New book 2/ছিলাহুল মুমিন.pdf,6177815,5.9 MB,.pdf,2022-06-21 08:03:42
ইসলামিক বই ভান্ডার-20250116T040014Z-003/ইসলামিক বই ভান্ডার/ইসলামিক সাহিত্য/New book 2/জবানের ক্ষতি.pdf,2690500,2.6 MB,.pdf,2022-06-21 07:51:54
ইসলামিক বই ভান্ডার-20250116T040014Z-003/ইসলামিক বই ভান্ডার/ইসলামিক সাহিত্য/New book 2/জান্নাতের বিবরন.pdf,9464064,9.0 MB,.pdf,2022-06-21 08:09:16
ইসলামিক বই ভান্ডার-20250116T040014Z-003/ইসলামিক বই ভান্ডার/ইসলামিক সাহিত্য/New book 2/জান্নাতের সঠিক পথ.pdf,6193585,5.9 MB,.pdf,2022-06-21 07:53:40
ইসলামিক বই ভান্ডার-20250116T040014Z-003/ইসলামিক বই ভান্ডার/ইসলামিক সাহিত্য/New book 2/জামায়াতে ইসলামীর ৫০ বছর.pdf,1540580,1.5 MB,.pdf,2022-06-21 08:23:56
ইসলামিক বই ভান্ডার-20250116T040014Z-003/ইসলামিক বই ভান্ডার/ইসলামিক সাহিত্য/New book 2/জাযাউল আমাল.pdf,2852091,2.7 MB,.pdf,2022-06-21 07:45:16
ইসলামিক বই ভান্ডার-20250116T040014Z-003/ইসলামিক বই ভান্ডার/ইসলামিক সাহিত্য/New book 2/জ্ঞান পাগলা এক বুড়ো.pdf,2884106,2.8 MB,.pdf,2022-06-21 08:22:38
ইসলামিক বই ভান্ডার-20250116T040014Z-003/ইসলামিক বই ভান্ডার/ইসলামিক সাহিত্য/New book 2/জ্বিন ও শয়তান জগৎ.pdf,9017709,8.6 MB,.pdf,2022-06-21 08:20:46
ইসলামিক বই ভান্ডার-20250116T040014Z-003/ইসলামিক বই ভান্ডার/ইসলামিক সাহিত্য/New book 2/জ্বিন ও শয়তানের ইতিকথা.pdf,8187762,7.8 MB,.pdf,2022-06-21 08:28:56
ইসলামিক বই ভান্ডার-20250116T040014Z-003/ইসলামিক বই ভান্ডার/ইসলামিক সাহিত্য/New book 2/তাবলিগ জামায়াত এর সমাচোলনা.pdf,6290278,6.0 MB,.pdf,2022-06-21 07:52:34
ইসলামিক বই ভান্ডার-20250116T040014Z-003/ইসলামিক বই ভান্ডার/ইসলামিক সাহিত্য/New book 2/দাইউস কখনো জান্নাতে প্রবেশ করবে না.pdf,910831,889.5 KB,.pdf,2022-06-21 07:53:04
ইসলামিক বই ভান্ডার-20250116T040014Z-003/ইসলামিক বই ভান্ডার/ইসলামিক সাহিত্য/New book 2/দাকায়েকুল আখবার.pdf,5187154,4.9 MB,.pdf,2022-06-21 08:17:42
ইসলামিক বই ভান্ডার-20250116T040014Z-003/ইসলামিক বই ভান্ডার/ইসলামিক সাহিত্য/New book 2/দুরূসুল বালাগাত.pdf,5995808,5.7 MB,.pdf,2022-06-21 08:23:04
ইসলামিক বই ভান্ডার-20250116T040014Z-003/ইসলামিক বই ভান্ডার/ইসলামিক সাহিত্য/New book 2/দোয়ায়ে মাছনুন.pdf,2763666,2.6 MB,.pdf,2022-06-21 08:34:54
ইসলামিক বই ভান্ডার-20250116T040014Z-003/ইসলামিক বই ভান্ডার/ইসলামিক সাহিত্য/New book 2/নবী করীম (সাঃ)-এর ওসীয়ত.pdf,3961776,3.8 MB,.pdf,2022-06-21 07:46:36
ইসলামিক বই ভান্ডার-20250116T040014Z-003/ইসলামিক বই ভান্ডার/ইসলামিক সাহিত্য/New book 2/নয়া খুন.pdf,12985430,12.4 MB,.pdf,2022-06-21 08:30:08
ইসলামিক বই ভান্ডার-20250116T040014Z-003/ইসলামিক বই ভান্ডার/ইসলামিক সাহিত্য/New book 2/নামাজও পবিত্রতা.pdf,863316,843.1 KB,.pdf,2022-06-21 07:53:04
ইসলামিক বই ভান্ডার-20250116T040014Z-003/ইসলামিক বই ভান্ডার/ইসলামিক সাহিত্য/New book 2/নাস্তিকতাবাদের পতন.pdf,1602321,1.5 MB,.pdf,2022-06-21 08:33:14
ইসলামিক বই ভান্ডার-20250116T040014Z-003/ইসলামিক বই ভান্ডার/ইসলামিক সাহিত্য/New book 2/নূরনবী.pdf,1751050,1.7 MB,.pdf,2022-06-21 08:34:46
ইসলামিক বই ভান্ডার-20250116T040014Z-003/ইসলামিক বই ভান্ডার/ইসলামিক সাহিত্য/New book 2/পটভূমিকা- আর রাহীকুল মাখতুম.pdf,18397722,17.5 MB,.pdf,2022-06-21 08:21:20
ইসলামিক বই ভান্ডার-20250116T040014Z-003/ইসলামিক বই ভান্ডার/ইসলামিক সাহিত্য/New book 2/পরিবেশ ও স্বাস্থ্য বিজ্ঞানে মুহাম্মদ (স.).pdf,8375049,8.0 MB,.pdf,2022-06-21 08:24:58
ইসলামিক বই ভান্ডার-20250116T040014Z-003/ইসলামিক বই ভান্ডার/ইসলামিক সাহিত্য/New book 2/পিতা মাতার ১৪ অধিকার.pdf,96866,94.6 KB,.pdf,2022-06-21 07:14:16
ইসলামিক বই ভান্ডার-20250116T040014Z-003/ইসলামিক বই ভান্ডার/ইসলামিক সাহিত্য/New book 2/প্রথম প্রবন্ধ- ওহাবী আন্দোলন.pdf,4590792,4.4 MB,.pdf,2022-06-21 07:47:38
ইসলামিক বই ভান্ডার-20250116T040014Z-003/ইসলামিক বই ভান্ডার/ইসলামিক সাহিত্য/New book 2/ফাজায়েলে তেজারত.pdf,28365539,27.1 MB,.pdf,2022-06-21 08:34:46
ইসলামিক বই ভান্ডার-20250116T040014Z-003/ইসলামিক বই ভান্ডার/ইসলামিক সাহিত্য/New book 2/বর্তমান পরিস্থিতি- ইসলামের দৃষ্টিতে জন্মনিয়ন্ত্রণ.pdf,3791444,3.6 MB,.pdf,2022-06-21 08:18:28
ইসলামিক বই ভান্ডার-20250116T040014Z-003/ইসলামিক বই ভান্ডার/ইসলামিক সাহিত্য/New book 2/বাংলাদেশে ইসলামী আন্দোলনে অগ্রপথিক যারা - ১ম খন্ড.pdf,5269066,5.0 MB,.pdf,2022-06-21 07:47:06
ইসলামিক বই ভান্ডার-20250116T040014Z-003/ইসলামিক বই ভান্ডার/ইসলামিক সাহিত্য/New book 2/বাংলার ফকির বিদ্রোহ.pdf,465681,454.8 KB,.pdf,2022-06-21 07:18:46
ইসলামিক বই ভান্ডার-20250116T040014Z-003/ইসলামিক বই ভান্ডার/ইসলামিক সাহিত্য/New book 2/বালা মুসিবত.pdf,10926478,10.4 MB,.pdf,2022-06-21 08:27:36
ইসলামিক বই ভান্ডার-20250116T040014Z-003/ইসলামিক বই ভান্ডার/ইসলামিক সাহিত্য/New book 2/বিপদাপদের কারণ ও প্রতিকার.pdf,4666407,4.5 MB,.pdf,2022-06-21 08:33:14
ইসলামিক বই ভান্ডার-20250116T040014Z-003/ইসলামিক বই ভান্ডার/ইসলামিক সাহিত্য/New book 2/বিশ্বনবীর স. মু_জিযা.pdf,3884532,3.7 MB,.pdf,2022-06-21 08:32:16
ইসলামিক বই ভান্ডার-20250116T040014Z-003/ইসলামিক বই ভান্ডার/ইসলামিক সাহিত্য/New book 2/বেহেশতী জেওর.pdf,208154,203.3 KB,.pdf,2022-06-21 07:14:16
ইসলামিক বই ভান্ডার-20250116T040014Z-003/ইসলামিক বই ভান্ডার/ইসলামিক সাহিত্য/New book 2/মতবিরোধপূর্ণ বিষয়ে সঠিক পন্থা অবলম্বনের উপায়.pdf,3608877,3.4 MB,.pdf,2022-06-21 07:46:36
ইসলামিক বই ভান্ডার-20250116T040014Z-003/ইসলামিক বই ভান্ডার/ইসলামিক সাহিত্য/New book 2/মনোনীত ধর্ম.pdf,4864032,4.6 MB,.pdf,2022-06-21 08:33:48
ইসলামিক বই ভান্ডার-20250116T040014Z-003/ইসলামিক বই ভান্ডার/ইসলামিক সাহিত্য/New book 2/মহানবী (সাঃ) ও শিশু.pdf,8870440,8.5 MB,.pdf,2022-06-21 08:03:14
ইসলামিক বই ভান্ডার-20250116T040014Z-003/ইসলামিক বই ভান্ডার/ইসলামিক সাহিত্য/New book 2/মাকাতীব.pdf,3973731,3.8 MB,.pdf,2022-06-21 08:26:56
ইসলামিক বই ভান্ডার-20250116T040014Z-003/ইসলামিক বই ভান্ডার/ইসলামিক সাহিত্য/New book 2/মানুষ এলো কোথায় থেকে.pdf,7684037,7.3 MB,.pdf,2022-06-21 08:25:18
ইসলামিক বই ভান্ডার-20250116T040014Z-003/ইসলামিক বই ভান্ডার/ইসলামিক সাহিত্য/New book 2/মালফুজাত.pdf,3477110,3.3 MB,.pdf,2022-06-21 08:27:26
ইসলামিক বই ভান্ডার-20250116T040014Z-003/ইসলামিক বই ভান্ডার/ইসলামিক সাহিত্য/New book 2/মাসিক শরিয়ত.pdf,24590841,23.5 MB,.pdf,2022-06-21 08:23:46
ইসলামিক বই ভান্ডার-20250116T040014Z-003/ইসলামিক বই ভান্ডার/ইসলামিক সাহিত্য/New book 2/মুকিম আবস্থাই শরিক কুরবানি.pdf,1642397,1.6 MB,.pdf,2022-06-21 07:06:42
ইসলামিক বই ভান্ডার-20250116T040014Z-003/ইসলামিক বই ভান্ডার/ইসলামিক সাহিত্য/New book 2/মুসলমানের হাসি.pdf,4690910,4.5 MB,.pdf,2022-06-21 08:17:02
ইসলামিক বই ভান্ডার-20250116T040014Z-003/ইসলামিক বই ভান্ডার/ইসলামিক সাহিত্য/New book 2/মুসলিম বিশ্বে ইহুদিদের চক্রান্ত.pdf,1565869,1.5 MB,.pdf,2022-06-21 08:33:14
ইসলামিক বই ভান্ডার-20250116T040014Z-003/ইসলামিক বই ভান্ডার/ইসলামিক সাহিত্য/New book 2/মূর্তিপূজার গোড়ার কথা.pdf,24182612,23.1 MB,.pdf,2022-06-21 08:31:14
ইসলামিক বই ভান্ডার-20250116T040014Z-003/ইসলামিক বই ভান্ডার/ইসলামিক সাহিত্য/New book 2/মৃত্যুর ওপারে.pdf,4073711,3.9 MB,.pdf,2022-06-21 08:17:42
ইসলামিক বই ভান্ডার-20250116T040014Z-003/ইসলামিক বই ভান্ডার/ইসলামিক সাহিত্য/New book 2/মোগল সাম্রাজ্য পতনের ইতিহাস.pdf,6910571,6.6 MB,.pdf,2022-06-21 07:48:18
ইসলামিক বই ভান্ডার-20250116T040014Z-003/ইসলামিক বই ভান্ডার/ইসলামিক সাহিত্য/New book 2/যুক্তির কষ্টিপাথরে জন্মনিয়ন্ত্রণ.pdf,1616441,1.5 MB,.pdf,2022-06-21 08:33:14
ইসলামিক বই ভান্ডার-20250116T040014Z-003/ইসলামিক বই ভান্ডার/ইসলামিক সাহিত্য/New book 2/যৌতুক.pdf,10893779,10.4 MB,.pdf,2022-06-21 07:42:12
ইসলামিক বই ভান্ডার-20250116T040014Z-003/ইসলামিক বই ভান্ডার/ইসলামিক সাহিত্য/New book 2/রসূলুল্লাহ (সঃ)-এর নামায.pdf,5586793,5.3 MB,.pdf,2022-06-21 07:45:40
ইসলামিক বই ভান্ডার-20250116T040014Z-003/ইসলামিক বই ভান্ডার/ইসলামিক সাহিত্য/New book 2/শওকে ওয়াতান.pdf,4385210,4.2 MB,.pdf,2022-06-21 08:34:22
ইসলামিক বই ভান্ডার-20250116T040014Z-003/ইসলামিক বই ভান্ডার/ইসলামিক সাহিত্য/New book 2/শহীদ হাসানুল বান্নার ডায়েরি.pdf,6677833,6.4 MB,.pdf,2022-06-21 07:51:34
ইসলামিক বই ভান্ডার-20250116T040014Z-003/ইসলামিক বই ভান্ডার/ইসলামিক সাহিত্য/New book 2/শিরকের বাহন.pdf,2449747,2.3 MB,.pdf,2022-06-21 08:00:28
ইসলামিক বই ভান্ডার-20250116T040014Z-003/ইসলামিক বই ভান্ডার/ইসলামিক সাহিত্য/New book 2/শু_আবুল ঈমান.pdf,2231905,2.1 MB,.pdf,2022-06-21 07:46:44
ইসলামিক বই ভান্ডার-20250116T040014Z-003/ইসলামিক বই ভান্ডার/ইসলামিক সাহিত্য/New book 2/শ্রেষ্ঠ উর্দুগল্প - ২য় খন্ড.pdf,2521861,2.4 MB,.pdf,2022-06-21 08:00:28
ইসলামিক বই ভান্ডার-20250116T040014Z-003/ইসলামিক বই ভান্ডার/ইসলামিক সাহিত্য/New book 2/সুদ.pdf,9446039,9.0 MB,.pdf,2022-06-21 08:09:20
"ইসলামিক বই ভান্ডার-20250116T040014Z-003/ইসলামিক বই ভান্ডার/ইসলামিক সাহিত্য/New book 2/সুদঃ এক ভয়াবহ অভিশাপ, পরিত্রাণের উপায়.pdf",1823018,1.7 MB,.pdf,2022-06-21 07:20:54
ইসলামিক বই ভান্ডার-20250116T040014Z-003/ইসলামিক বই ভান্ডার/ইসলামিক সাহিত্য/New book 2/সোনালী পাতা.pdf,19690718,18.8 MB,.pdf,2022-06-21 08:27:54
ইসলামিক বই ভান্ডার-20250116T040014Z-003/ইসলামিক বই ভান্ডার/ইসলামিক সাহিত্য/New book 2/হাকিক্বতে সুন্নত বিদাআত.pdf,5289267,5.0 MB,.pdf,2022-06-21 07:47:06
ইসলামিক বই ভান্ডার-20250116T040014Z-003/ইসলামিক বই ভান্ডার/ইসলামিক সাহিত্য/New book 2/হাদিস কি আল্লাহর ওয়াহী.pdf,6201292,5.9 MB,.pdf,2022-06-21 07:53:40
ইসলামিক বই ভান্ডার-20250116T040014Z-003/ইসলামিক বই ভান্ডার/ইসলামিক সাহিত্য/New book 2/হিজরি সনের ইতিকথা.pdf,8155111,7.8 MB,.pdf,2022-06-21 08:29:02
ইসলামিক বই ভান্ডার-20250116T040014Z-003/ইসলামিক বই ভান্ডার/ইসলামিক সাহিত্য/New book 2/৫০০ হাদিস ও ইমানের ৭০ শাখাঁ.pdf,1603744,1.5 MB,.pdf,2022-06-21 08:33:14
ইসলামিক বই ভান্ডার-20250116T040014Z-004/ইসলামিক বই ভান্ডার/Islamic  books  pdf/+Jin+jatir+Bismoykor+Itihash+part-.pdf,3698269,3.5 MB,.pdf,2015-01-07 01:56:08
ইসলামিক বই ভান্ডার-20250116T040014Z-004/ইসলামিক বই ভান্ডার/Islamic  books  pdf/+Jin+jatir+Bismoykor+Itihash+part-3+.pdf,4368883,4.2 MB,.pdf,2015-01-07 02:07:02
ইসলামিক বই ভান্ডার-20250116T040014Z-004/ইসলামিক বই ভান্ডার/Islamic  books  pdf/100_sunnah.pdf,2472592,2.4 MB,.pdf,2014-06-01 20:26:56
ইসলামিক বই ভান্ডার-20250116T040014Z-004/ইসলামিক বই ভান্ডার/Islamic  books  pdf/adorshopurushbyarajjakbinyusuf.pdf,1547948,1.5 MB,.pdf,2014-03-04 15:45:32
ইসলামিক বই ভান্ডার-20250116T040014Z-004/ইসলামিক বই ভান্ডার/Islamic  books  pdf/allah_poth.pdf,6522028,6.2 MB,.pdf,2014-06-01 20:22:18
ইসলামিক বই ভান্ডার-20250116T040014Z-004/ইসলামিক বই ভান্ডার/Islamic  books  pdf/fatwa_arkanul_islam_qa.pdf,4489485,4.3 MB,.pdf,2014-03-04 15:45:36
ইসলামিক বই ভান্ডার-20250116T040014Z-004/ইসলামিক বই ভান্ডার/Islamic  books  pdf/hadiser_golpo.pdf,1618247,1.5 MB,.pdf,2014-05-01 15:55:20
ইসলামিক বই ভান্ডার-20250116T040014Z-004/ইসলামিক বই ভান্ডার/Islamic  books  pdf/haram_rujee_o_rojgar-Faizi_2.pdf,1794038,1.7 MB,.pdf,2014-03-04 15:45:38
ইসলামিক বই ভান্ডার-20250116T040014Z-004/ইসলামিক বই ভান্ডার/Islamic  books  pdf/Jin+jatir+Bismoykor+Itihash+part-1.pdf,3952694,3.8 MB,.pdf,2015-01-07 02:02:00
ইসলামিক বই ভান্ডার-20250116T040014Z-004/ইসলামিক বই ভান্ডার/Islamic  books  pdf/mishkatebornitozaifhadeeth-1bymuzefferbinmuhsin.pdf,2003972,1.9 MB,.pdf,2014-04-07 10:42:08
ইসলামিক বই ভান্ডার-20250116T040014Z-004/ইসলামিক বই ভান্ডার/Islamic  books  pdf/MohaProloy.pdf,12276452,11.7 MB,.pdf,2014-06-16 01:15:06
ইসলামিক বই ভান্ডার-20250116T040014Z-004/ইসলামিক বই ভান্ডার/Islamic  books  pdf/Moroner-por-ki-hobe.pdf,1237830,1.2 MB,.pdf,2014-03-08 15:45:34
ইসলামিক বই ভান্ডার-20250116T040014Z-004/ইসলামিক বই ভান্ডার/Islamic  books  pdf/myallbooks-weebly-com-uploads-8-9-4-8-8948012-nurani-quran-shikkha-pdf.pdf,4478722,4.3 MB,.pdf,2014-06-01 20:54:44
ইসলামিক বই ভান্ডার-20250116T040014Z-004/ইসলামিক বই ভান্ডার/Islamic  books  pdf/quranshikkha.pdf,2786138,2.7 MB,.pdf,2014-07-23 09:24:38
ইসলামিক বই ভান্ডার-20250116T040014Z-004/ইসলামিক বই ভান্ডার/Islamic  books  pdf/salat_sompadoner_podhdhoti_part1.pdf,6789897,6.5 MB,.pdf,2014-03-04 15:45:40
ইসলামিক বই ভান্ডার-20250116T040014Z-004/ইসলামিক বই ভান্ডার/Islamic  books  pdf/sothik-dhormo-bissash.pdf,1903532,1.8 MB,.pdf,2014-04-07 10:42:10
ইসলামিক বই ভান্ডার-20250116T040014Z-004/ইসলামিক বই ভান্ডার/Islamic  books  pdf/TheDustWillNeverSettleDown.pdf,1807145,1.7 MB,.pdf,2014-06-16 00:59:14
ইসলামিক বই ভান্ডার-20250116T040014Z-004/ইসলামিক বই ভান্ডার/Islamic  books  pdf/tirmiji1.pdf,12651994,12.1 MB,.pdf,2014-06-01 20:19:24
ইসলামিক বই ভান্ডার-20250116T040014Z-004/ইসলামিক বই ভান্ডার/Islamic  books  pdf/tirmiji2.pdf,16623255,15.9 MB,.pdf,2014-06-01 20:11:56
ইসলামিক বই ভান্ডার-20250116T040014Z-004/ইসলামিক বই ভান্ডার/Islamic  books  pdf/tirmiji3rd.pdf,12295907,11.7 MB,.pdf,2014-06-01 20:21:50
ইসলামিক বই ভান্ডার-20250116T040014Z-004/ইসলামিক বই ভান্ডার/Islamic  books  pdf/www-banglakitab-com-banglabooks-lifeofimamghazali-maulanasakhawatullah-pdf.pdf,2666139,2.5 MB,.pdf,2014-06-01 20:32:34
ইসলামিক বই ভান্ডার-20250116T040014Z-004/ইসলামিক বই ভান্ডার/Islamic  books  pdf/Bukhari Sharif/al_quran_bangla.pdf,4630794,4.4 MB,.pdf,2014-05-01 15:50:56
ইসলামিক বই ভান্ডার-20250116T040014Z-004/ইসলামিক বই ভান্ডার/Islamic  books  pdf/Bukhari Sharif/Bangla Bukhari 3 1.0_3.apk .pdf,10358483,9.9 MB,.pdf,2014-06-01 20:24:44
ইসলামিক বই ভান্ডার-20250116T040014Z-004/ইসলামিক বই ভান্ডার/Islamic  books  pdf/Bukhari Sharif/Bukhari 6th volume 1.0_3.apk .pdf,15089679,14.4 MB,.pdf,2014-06-01 20:16:42
ইসলামিক বই ভান্ডার-20250116T040014Z-004/ইসলামিক বই ভান্ডার/Islamic  books  pdf/Bukhari Sharif/Bukhari 7th volume 1.0_3.apk .pdf,14244864,13.6 MB,.pdf,2014-06-01 20:18:24
ইসলামিক বই ভান্ডার-20250116T040014Z-004/ইসলামিক বই ভান্ডার/Islamic  books  pdf/Bukhari Sharif/Bukhari 8th volume 1.0_3 .pdf,16138464,15.4 MB,.pdf,2014-06-01 20:14:56
ইসলামিক বই ভান্ডার-20250116T040014Z-004/ইসলামিক বই ভান্ডার/Islamic  books  pdf/Bukhari Sharif/Bukhari Sarif 4th volume 1.0_3.apk .pdf,11541543,11.0 MB,.pdf,2014-06-01 20:23:46
ইসলামিক বই ভান্ডার-20250116T040014Z-004/ইসলামিক বই ভান্ডার/Islamic  books  pdf/Bukhari Sharif/Bukhari Sharif 5th Volume 1.0_3.apk .pdf,12521838,11.9 MB,.pdf,2014-06-01 20:19:52
ইসলামিক বই ভান্ডার-20250116T040014Z-004/ইসলামিক বই ভান্ডার/Islamic  books  pdf/Bukhari Sharif/quranerbishoy.pdf,40211715,38.3 MB,.pdf,2015-02-11 18:47:30
ইসলামিক বই ভান্ডার-20250116T040014Z-004/ইসলামিক বই ভান্ডার/Islamic  books  pdf/Bukhari Sharif/Quran_ShareefSimple_Bengali_Translation.pdf,29492211,28.1 MB,.pdf,2014-05-28 19:01:24
ইসলামিক বই ভান্ডার-20250116T040014Z-004/ইসলামিক বই ভান্ডার/Islamic  books  pdf/Bukhari Sharif/sahih-bukhari-part-01-with-interactive-link.pdf,9495329,9.1 MB,.pdf,2014-04-07 10:42:14
ইসলামিক বই ভান্ডার-20250116T040014Z-004/ইসলামিক বই ভান্ডার/Islamic  books  pdf/D. ZAKIR NAIK/hinduism-islam.pdf,2300459,2.2 MB,.pdf,2012-06-26 14:05:32
ইসলামিক বই ভান্ডার-20250116T040014Z-004/ইসলামিক বই ভান্ডার/Islamic  books  pdf/D. ZAKIR NAIK/is-islam-solution-for-humanity.pdf,2607704,2.5 MB,.pdf,2012-06-26 14:07:32
ইসলামিক বই ভান্ডার-20250116T040014Z-004/ইসলামিক বই ভান্ডার/Islamic  books  pdf/D. ZAKIR NAIK/quran and bilble.pdf,2137996,2.0 MB,.pdf,2012-06-26 14:20:22
ইসলামিক বই ভান্ডার-20250116T040014Z-004/ইসলামিক বই ভান্ডার/Islamic  books  pdf/D. ZAKIR NAIK/Dr Jakir Nayek Book/Dr_Zakir_Naiker_shomalochonar_jobab_QA.pdf,3770063,3.6 MB,.pdf,2012-08-28 00:21:24
ইসলামিক বই ভান্ডার-20250116T040014Z-004/ইসলামিক বই ভান্ডার/আল কোরআন/Al Quran Sharif/Al Quran Sharif/কোরআন মাজিদ-আরবি-বাংলা_Govment.pdf,76561079,73.0 MB,.pdf,2022-06-21 08:30:52
ইসলামিক বই ভান্ডার-20250116T040014Z-004/ইসলামিক বই ভান্ডার/আল কোরআন/Al Quran Sharif/Al Quran Sharif/Shohoz banglay quarner onubad/Shohoz banglay quarner onubad 1.pdf,17350808,16.5 MB,.pdf,2022-06-21 08:19:22
ইসলামিক বই ভান্ডার-20250116T040014Z-004/ইসলামিক বই ভান্ডার/আল কোরআন/Al Quran Sharif/Al Quran Sharif/Shohoz banglay quarner onubad/Shohoz banglay quarner onubad 2.pdf,16966777,16.2 MB,.pdf,2022-06-21 08:07:50
ইসলামিক বই ভান্ডার-20250116T040014Z-004/ইসলামিক বই ভান্ডার/আল কোরআন/Al Quran Sharif/Al Quran Sharif/Shohoz banglay quarner onubad/Shohoz banglay quarner onubad 3.pdf,15649931,14.9 MB,.pdf,2022-06-21 08:17:24
ইসলামিক বই ভান্ডার-20250116T040014Z-004/ইসলামিক বই ভান্ডার/আল কোরআন/Tafsir/Tafsir/Mareful Quran/page 1-54.pdf,5666301,5.4 MB,.pdf,2022-06-21 07:09:54
ইসলামিক বই ভান্ডার-20250116T040014Z-004/ইসলামিক বই ভান্ডার/আল কোরআন/Tafsir/Tafsir/Mareful Quran/page 119-182.pdf,5344791,5.1 MB,.pdf,2022-06-21 07:08:04
ইসলামিক বই ভান্ডার-20250116T040014Z-004/ইসলামিক বই ভান্ডার/আল কোরআন/Tafsir/Tafsir/Mareful Quran/page 183-246.pdf,5747873,5.5 MB,.pdf,2022-06-21 08:28:42
ইসলামিক বই ভান্ডার-20250116T040014Z-004/ইসলামিক বই ভান্ডার/আল কোরআন/Tafsir/Tafsir/Mareful Quran/page 55-118.pdf,5059128,4.8 MB,.pdf,2022-06-21 07:19:58
ইসলামিক বই ভান্ডার-20250116T040014Z-004/ইসলামিক বই ভান্ডার/আল কোরআন/Tafsir/Tafsir/Mareful Quran/_page 1-50.pdf,6570223,6.3 MB,.pdf,2022-06-21 06:59:38
ইসলামিক বই ভান্ডার-20250116T040014Z-004/ইসলামিক বই ভান্ডার/আল কোরআন/Tafsir/Tafsir/Mareful Quran/_page 104-162.pdf,8221274,7.8 MB,.pdf,2022-06-21 08:25:50
ইসলামিক বই ভান্ডার-20250116T040014Z-004/ইসলামিক বই ভান্ডার/আল কোরআন/Tafsir/Tafsir/Mareful Quran/_pagr 51-103.pdf,6904271,6.6 MB,.pdf,2022-06-21 08:30:24
ইসলামিক বই ভান্ডার-20250116T040014Z-004/ইসলামিক বই ভান্ডার/আল কোরআন/Tafsir/Tafsir/Tafhimul Quran/Tafhimul Quran nirdheshok.pdf,12807871,12.2 MB,.pdf,2022-06-21 07:11:32
ইসলামিক বই ভান্ডার-20250116T040014Z-004/ইসলামিক বই ভান্ডার/আল কোরআন/Tafsir/Tafsir/Tafhimul Quran/Tafhimul Quran.pdf,164173298,156.6 MB,.pdf,2022-06-21 08:33:48
ইসলামিক বই ভান্ডার-20250116T040014Z-004/ইসলামিক বই ভান্ডার/ইসলামিক সাহিত্য/New book 1/ফাযায়েলে আমল/Fazail-E-Amal-Pages-1-101.pdf,5937636,5.7 MB,.pdf,2022-06-21 07:42:58
ইসলামিক বই ভান্ডার-20250116T040014Z-004/ইসলামিক বই ভান্ডার/ইসলামিক সাহিত্য/New book 1/ফাযায়েলে আমল/Fazail-E-Amal-Pages-102-199.pdf,5587613,5.3 MB,.pdf,2022-06-21 07:45:30
ইসলামিক বই ভান্ডার-20250116T040014Z-004/ইসলামিক বই ভান্ডার/ইসলামিক সাহিত্য/New book 1/ফাযায়েলে আমল/Fazail-E-Amal-Pages-200-303.pdf,5705969,5.4 MB,.pdf,2022-06-21 07:02:40
ইসলামিক বই ভান্ডার-20250116T040014Z-004/ইসলামিক বই ভান্ডার/ইসলামিক সাহিত্য/New book 1/ফাযায়েলে আমল/Fazail-E-Amal-Pages-304-405.pdf,5423794,5.2 MB,.pdf,2022-06-21 08:26:14
ইসলামিক বই ভান্ডার-20250116T040014Z-004/ইসলামিক বই ভান্ডার/ইসলামিক সাহিত্য/New book 1/ফাযায়েলে আমল/Fazail-E-Amal-Pages-406-511.pdf,6366937,6.1 MB,.pdf,2022-06-21 06:50:48
ইসলামিক বই ভান্ডার-20250116T040014Z-004/ইসলামিক বই ভান্ডার/ইসলামিক সাহিত্য/New book 1/ফাযায়েলে আমল/Fazail-E-Amal-Pages-512-603.pdf,5744597,5.5 MB,.pdf,2022-06-21 07:32:42
ইসলামিক বই ভান্ডার-20250116T040014Z-004/ইসলামিক বই ভান্ডার/ইসলামিক সাহিত্য/New book 1/ফাযায়েলে আমল/Fazail-E-Amal-Pages-604-688.pdf,5061402,4.8 MB,.pdf,2022-06-21 07:19:58
ইসলামিক বই ভান্ডার-20250116T040014Z-004/ইসলামিক বই ভান্ডার/ইসলামিক সাহিত্য/New book 1/সাইয়েদ আবুল আ_লা মওদূদী নির্বাচিত রচনাবলী/সাইয়েদ আবুল আ_লা মওদূদী নির্বাচিত রচনাবলী - ১ম খন্ড.pdf,6454122,6.2 MB,.pdf,2022-06-21 07:34:14
ইসলামিক বই ভান্ডার-20250116T040014Z-004/ইসলামিক বই ভান্ডার/ইসলামিক সাহিত্য/New book 1/সাইয়েদ আবুল আ_লা মওদূদী নির্বাচিত রচনাবলী/সাইয়েদ আবুল আ_লা মওদূদী নির্বাচিত রচনাবলী - ২য় খন্ড.pdf,16730657,16.0 MB,.pdf,2022-06-21 07:21:34
ইসলামিক বই ভান্ডার-20250116T040014Z-004/ইসলামিক বই ভান্ডার/ইসলামিক সাহিত্য/New book 1/সাইয়েদ আবুল আ_লা মওদূদী নির্বাচিত রচনাবলী/সাইয়েদ আবুল আ_লা মওদূদী নির্বাচিত রচনাবলী - ৩য় খন্ড.pdf,9704880,9.3 MB,.pdf,2022-06-21 08:32:56
ইসলামিক বই ভান্ডার-20250116T040014Z-004/ইসলামিক বই ভান্ডার/ইসলামিক সাহিত্য/New book 1/সাইয়েদ আবুল আ_লা মওদূদী নির্বাচিত রচনাবলী/সাইয়েদ আবুল আ_লা মওদূদীর পত্রাবলী.pdf,5067572,4.8 MB,.pdf,2022-06-21 07:49:10
ইসলামিক বই ভান্ডার-20250116T040014Z-004/ইসলামিক বই ভান্ডার/ইসলামিক সাহিত্য/New book 2/Political Thoughts of Abul A_la Mawdudi - amarboi.org.pdf,1319293,1.3 MB,.pdf,2022-06-21 06:53:34
ইসলামিক বই ভান্ডার-20250116T040014Z-004/ইসলামিক বই ভান্ডার/ইসলামিক সাহিত্য/New book 2/আক্বীদা বিষয়ক কতিপয় মাসয়ালা.pdf,994338,971.0 KB,.pdf,2022-06-21 07:10:34
ইসলামিক বই ভান্ডার-20250116T040014Z-004/ইসলামিক বই ভান্ডার/ইসলামিক সাহিত্য/New book 2/আখেরাত - ইমাম গাজ্জালি.pdf,4625174,4.4 MB,.pdf,2022-06-21 07:00:58
ইসলামিক বই ভান্ডার-20250116T040014Z-004/ইসলামিক বই ভান্ডার/ইসলামিক সাহিত্য/New book 2/আখেরাত.pdf,5736934,5.5 MB,.pdf,2022-06-21 07:43:10
ইসলামিক বই ভান্ডার-20250116T040014Z-004/ইসলামিক বই ভান্ডার/ইসলামিক সাহিত্য/New book 2/আদর্শ পুরুষ.pdf,5259518,5.0 MB,.pdf,2022-06-21 07:11:52
ইসলামিক বই ভান্ডার-20250116T040014Z-004/ইসলামিক বই ভান্ডার/ইসলামিক সাহিত্য/New book 2/আপন ঘর বাঁচান.pdf,3597246,3.4 MB,.pdf,2022-06-21 07:09:30
ইসলামিক বই ভান্ডার-20250116T040014Z-004/ইসলামিক বই ভান্ডার/ইসলামিক সাহিত্য/New book 2/আমাদের সাধীনতা পর্দার এ পার-ওপার.pdf,3793186,3.6 MB,.pdf,2022-06-21 07:35:52
ইসলামিক বই ভান্ডার-20250116T040014Z-004/ইসলামিক বই ভান্ডার/ইসলামিক সাহিত্য/New book 2/আমি কেন ইসলাম গ্রহণ করলাম.pdf,5145911,4.9 MB,.pdf,2022-06-21 07:13:50
ইসলামিক বই ভান্ডার-20250116T040014Z-004/ইসলামিক বই ভান্ডার/ইসলামিক সাহিত্য/New book 2/আল কুরআন এক মহাবিস্ময়.pdf,2664485,2.5 MB,.pdf,2022-06-21 07:34:16
ইসলামিক বই ভান্ডার-20250116T040014Z-004/ইসলামিক বই ভান্ডার/ইসলামিক সাহিত্য/New book 2/আল-কুরআনে নবুয়্যত ও রিসালাত.pdf,8658964,8.3 MB,.pdf,2022-06-21 07:15:06
ইসলামিক বই ভান্ডার-20250116T040014Z-004/ইসলামিক বই ভান্ডার/ইসলামিক সাহিত্য/New book 2/আল-কোরআনের দৃষ্টিতে মহাকাশ ও বিজ্ঞান.pdf,3719732,3.5 MB,.pdf,2022-06-21 07:45:26
ইসলামিক বই ভান্ডার-20250116T040014Z-004/ইসলামিক বই ভান্ডার/ইসলামিক সাহিত্য/New book 2/আল-কোরআনের ১৬০ মুজিজা.pdf,1099647,1.0 MB,.pdf,2022-06-21 07:10:34
ইসলামিক বই ভান্ডার-20250116T040014Z-004/ইসলামিক বই ভান্ডার/ইসলামিক সাহিত্য/New book 2/আলোকিত নারী.pdf,22479960,21.4 MB,.pdf,2022-06-21 07:51:16
ইসলামিক বই ভান্ডার-20250116T040014Z-004/ইসলামিক বই ভান্ডার/ইসলামিক সাহিত্য/New book 2/আহকামে হজ্জ ও উমরা.pdf,3202389,3.1 MB,.pdf,2022-06-21 07:17:10
ইসলামিক বই ভান্ডার-20250116T040014Z-004/ইসলামিক বই ভান্ডার/ইসলামিক সাহিত্য/New book 2/ইছালাহুল মুসলিমীন.pdf,3359820,3.2 MB,.pdf,2022-06-21 07:01:32
ইসলামিক বই ভান্ডার-20250116T040014Z-004/ইসলামিক বই ভান্ডার/ইসলামিক সাহিত্য/New book 2/ইবাদাতের মর্মকথা.pdf,3406415,3.2 MB,.pdf,2022-06-21 07:01:32
ইসলামিক বই ভান্ডার-20250116T040014Z-004/ইসলামিক বই ভান্ডার/ইসলামিক সাহিত্য/New book 2/ইমানের ৭৭ টি শাখাঃ ইমাম বায়হাকী.pdf,2859832,2.7 MB,.pdf,2022-06-21 07:45:16
ইসলামিক বই ভান্ডার-20250116T040014Z-004/ইসলামিক বই ভান্ডার/ইসলামিক সাহিত্য/New book 2/ইযহারুল হক.pdf,31082876,29.6 MB,.pdf,2022-06-21 08:32:02
ইসলামিক বই ভান্ডার-20250116T040014Z-004/ইসলামিক বই ভান্ডার/ইসলামিক সাহিত্য/New book 2/ইসলাম আপনার কাছে কি চায়.pdf,4053490,3.9 MB,.pdf,2022-06-21 07:19:12
ইসলামিক বই ভান্ডার-20250116T040014Z-004/ইসলামিক বই ভান্ডার/ইসলামিক সাহিত্য/New book 2/ইসলাম ও জাহেলিয়াত- ইসলাম ও জাহেলিয়াতের চিরন্তন দ্বন্দ্ব.pdf,4212984,4.0 MB,.pdf,2022-06-21 07:37:28
ইসলামিক বই ভান্ডার-20250116T040014Z-004/ইসলামিক বই ভান্ডার/ইসলামিক সাহিত্য/New book 2/ইসলামি নৈতিকতা.pdf,1309266,1.2 MB,.pdf,2022-06-21 06:53:34
ইসলামিক বই ভান্ডার-20250116T040014Z-004/ইসলামিক বই ভান্ডার/ইসলামিক সাহিত্য/New book 2/ইসলামি হিজাব বা পর্দা.pdf,1679610,1.6 MB,.pdf,2022-06-21 07:35:14
ইসলামিক বই ভান্ডার-20250116T040014Z-004/ইসলামিক বই ভান্ডার/ইসলামিক সাহিত্য/New book 2/ইসলামী রাষ্ট্রব্যবস্থার পতন ও পুনরুত্থান.pdf,5530284,5.3 MB,.pdf,2022-06-21 07:18:26
ইসলামিক বই ভান্ডার-20250116T040014Z-004/ইসলামিক বই ভান্ডার/ইসলামিক সাহিত্য/New book 2/ইসলামী রাষ্ট্রে অমুসলিমদের অধিকার- ইসলামী রাষ্ট্রে অমুসলিমদের অধিকার.pdf,1453908,1.4 MB,.pdf,2022-06-21 07:19:46
ইসলামিক বই ভান্ডার-20250116T040014Z-004/ইসলামিক বই ভান্ডার/ইসলামিক সাহিত্য/New book 2/ইসলামের মূল প্রাণশক্তি- ইসলামের স্বর্ণযুগে সামাজিক ন্যায়নীতি.pdf,3530246,3.4 MB,.pdf,2022-06-21 07:19:12
ইসলামিক বই ভান্ডার-20250116T040014Z-004/ইসলামিক বই ভান্ডার/ইসলামিক সাহিত্য/New book 2/ইসলামের রাষ্ট্রব্যবস্থা.pdf,18021865,17.2 MB,.pdf,2022-06-21 07:45:40
ইসলামিক বই ভান্ডার-20250116T040014Z-004/ইসলামিক বই ভান্ডার/ইসলামিক সাহিত্য/New book 2/ইসলামের শাস্তি আইন.pdf,9987434,9.5 MB,.pdf,2022-06-21 07:24:06
ইসলামিক বই ভান্ডার-20250116T040014Z-004/ইসলামিক বই ভান্ডার/ইসলামিক সাহিত্য/New book 2/ইস্লামের দৃষ্টিতে নারী.pdf,5810925,5.5 MB,.pdf,2022-06-21 07:08:42
ইসলামিক বই ভান্ডার-20250116T040014Z-004/ইসলামিক বই ভান্ডার/ইসলামিক সাহিত্য/New book 2/উপমহাদেশে রাজনীতিতে সাম্প্রদায়িকতা ও মুসলমান.pdf,9839841,9.4 MB,.pdf,2022-06-21 07:24:34
ইসলামিক বই ভান্ডার-20250116T040014Z-004/ইসলামিক বই ভান্ডার/ইসলামিক সাহিত্য/New book 2/উর্দু-ফারসী পহেলী.pdf,5339854,5.1 MB,.pdf,2022-06-21 07:16:14
ইসলামিক বই ভান্ডার-20250116T040014Z-004/ইসলামিক বই ভান্ডার/ইসলামিক সাহিত্য/New book 2/ঊম্মার ঐক্য ও পথ.pdf,5822688,5.6 MB,.pdf,2022-06-21 07:18:46
ইসলামিক বই ভান্ডার-20250116T040014Z-004/ইসলামিক বই ভান্ডার/ইসলামিক সাহিত্য/New book 2/একটি আদর্শবাদী দলের পতনের কারনঃ তার থেকে বাঁচার উপায়.pdf,1830358,1.7 MB,.pdf,2022-06-21 07:20:54
ইসলামিক বই ভান্ডার-20250116T040014Z-004/ইসলামিক বই ভান্ডার/ইসলামিক সাহিত্য/New book 2/একাধিক বিবাহ.pdf,2020955,1.9 MB,.pdf,2022-06-21 07:33:56
ইসলামিক বই ভান্ডার-20250116T040014Z-004/ইসলামিক বই ভান্ডার/ইসলামিক সাহিত্য/New book 2/কপিতয় হারাম কাজ যে গুলাকে হালাকা মনে করা হয়.pdf,8130542,7.8 MB,.pdf,2022-06-21 07:06:58
ইসলামিক বই ভান্ডার-20250116T040014Z-004/ইসলামিক বই ভান্ডার/ইসলামিক সাহিত্য/New book 2/কবীরা গুনহ্.pdf,8546674,8.2 MB,.pdf,2022-06-21 07:01:52
ইসলামিক বই ভান্ডার-20250116T040014Z-004/ইসলামিক বই ভান্ডার/ইসলামিক সাহিত্য/New book 2/কাদিয়ানীরা কেন মুসলমান নয়.pdf,3062379,2.9 MB,.pdf,2022-06-21 07:08:20
ইসলামিক বই ভান্ডার-20250116T040014Z-004/ইসলামিক বই ভান্ডার/ইসলামিক সাহিত্য/New book 2/কালিমার দাওয়াত.pdf,8094913,7.7 MB,.pdf,2022-06-21 07:06:58
ইসলামিক বই ভান্ডার-20250116T040014Z-004/ইসলামিক বই ভান্ডার/ইসলামিক সাহিত্য/New book 2/কিভাবে তাওহীদের দিশা পেলাম.pdf,2052543,2.0 MB,.pdf,2022-06-21 07:34:00
ইসলামিক বই ভান্ডার-20250116T040014Z-004/ইসলামিক বই ভান্ডার/ইসলামিক সাহিত্য/New book 2/কিয়ামতের আলামত ও তার বর্ণনাঃ মৃত্যুর পর অন্নত যে জীবন.pdf,9793054,9.3 MB,.pdf,2022-06-21 07:11:22
ইসলামিক বই ভান্ডার-20250116T040014Z-004/ইসলামিক বই ভান্ডার/ইসলামিক সাহিত্য/New book 2/কিয়ামতের আলামত.pdf,4813598,4.6 MB,.pdf,2022-06-21 06:52:22
ইসলামিক বই ভান্ডার-20250116T040014Z-004/ইসলামিক বই ভান্ডার/ইসলামিক সাহিত্য/New book 2/কুরআন ও আধুনিক বিজ্ঞান - সংগতিপূর্ণ না সংগতিহীন.pdf,1747499,1.7 MB,.pdf,2022-06-21 07:35:14
"ইসলামিক বই ভান্ডার-20250116T040014Z-004/ইসলামিক বই ভান্ডার/ইসলামিক সাহিত্য/New book 2/কুরআন, মহাবিশ্ব মহাধ্বংস.pdf",137058966,130.7 MB,.pdf,2022-06-21 08:30:44
ইসলামিক বই ভান্ডার-20250116T040014Z-004/ইসলামিক বই ভান্ডার/ইসলামিক সাহিত্য/New book 2/কুরআনে কিয়ামাত ও শেষ বিচার এবং জান্নাত ও জাহান্নামের চিত্র.pdf,4637351,4.4 MB,.pdf,2022-06-21 06:53:46
ইসলামিক বই ভান্ডার-20250116T040014Z-004/ইসলামিক বই ভান্ডার/ইসলামিক সাহিত্য/New book 2/কুরবানীর শিক্ষা.pdf,3581042,3.4 MB,.pdf,2022-06-21 07:10:54
ইসলামিক বই ভান্ডার-20250116T040014Z-004/ইসলামিক বই ভান্ডার/ইসলামিক সাহিত্য/New book 2/কে বড় ক্ষতিগ্রস্ত.pdf,7081759,6.8 MB,.pdf,2022-06-21 07:36:58
"ইসলামিক বই ভান্ডার-20250116T040014Z-004/ইসলামিক বই ভান্ডার/ইসলামিক সাহিত্য/New book 2/কেয়ারটেকার সরকার পদ্ধতিঃ উদ্ভাবনা, প্রস্তাবনা ও আন্দোলন.pdf",585536,571.8 KB,.pdf,2022-06-21 07:18:46
ইসলামিক বই ভান্ডার-20250116T040014Z-004/ইসলামিক বই ভান্ডার/ইসলামিক সাহিত্য/New book 2/কোরআনে বিজ্ঞান.pdf,3435019,3.3 MB,.pdf,2022-06-21 07:01:32
ইসলামিক বই ভান্ডার-20250116T040014Z-004/ইসলামিক বই ভান্ডার/ইসলামিক সাহিত্য/New book 2/গীবত.pdf,2397087,2.3 MB,.pdf,2022-06-21 07:08:16
ইসলামিক বই ভান্ডার-20250116T040014Z-004/ইসলামিক বই ভান্ডার/ইসলামিক সাহিত্য/New book 2/জন্ম নিয়ন্ত্রন.pdf,3460398,3.3 MB,.pdf,2022-06-21 06:54:48
ইসলামিক বই ভান্ডার-20250116T040014Z-004/ইসলামিক বই ভান্ডার/ইসলামিক সাহিত্য/New book 2/জীবনি নবী করীম সাঃ.pdf,3955820,3.8 MB,.pdf,2022-06-21 07:15:50
ইসলামিক বই ভান্ডার-20250116T040014Z-004/ইসলামিক বই ভান্ডার/ইসলামিক সাহিত্য/New book 2/জেরূজালেম বিশ্বমুসলিম সমস্যা.pdf,4310685,4.1 MB,.pdf,2022-06-21 06:51:38
ইসলামিক বই ভান্ডার-20250116T040014Z-004/ইসলামিক বই ভান্ডার/ইসলামিক সাহিত্য/New book 2/তাবলিগ জামায়াত এর কর্যক্রম.pdf,1691259,1.6 MB,.pdf,2022-06-21 07:35:14
ইসলামিক বই ভান্ডার-20250116T040014Z-004/ইসলামিক বই ভান্ডার/ইসলামিক সাহিত্য/New book 2/তারিখ-ই-শেরশাহী.pdf,4722299,4.5 MB,.pdf,2022-06-21 06:47:36
ইসলামিক বই ভান্ডার-20250116T040014Z-004/ইসলামিক বই ভান্ডার/ইসলামিক সাহিত্য/New book 2/তাসাওউফ.pdf,12474196,11.9 MB,.pdf,2022-06-21 07:07:38
ইসলামিক বই ভান্ডার-20250116T040014Z-004/ইসলামিক বই ভান্ডার/ইসলামিক সাহিত্য/New book 2/তাহলে কি কুরানে উল্লিখিত জুলকারনাইন ছিল.pdf,983748,960.7 KB,.pdf,2022-06-21 07:10:34
ইসলামিক বই ভান্ডার-20250116T040014Z-004/ইসলামিক বই ভান্ডার/ইসলামিক সাহিত্য/New book 2/দ্বীনী দাওয়াত.pdf,7164480,6.8 MB,.pdf,2022-06-21 06:50:38
ইসলামিক বই ভান্ডার-20250116T040014Z-004/ইসলামিক বই ভান্ডার/ইসলামিক সাহিত্য/New book 2/ধ্ন-সম্পদের লোভ ও কৃপণতা.pdf,3637191,3.5 MB,.pdf,2022-06-21 07:36:22
ইসলামিক বই ভান্ডার-20250116T040014Z-004/ইসলামিক বই ভান্ডার/ইসলামিক সাহিত্য/New book 2/নন্দিত জাতি নিন্দিত গন্তব্যে.pdf,16729878,16.0 MB,.pdf,2022-06-21 07:21:34
ইসলামিক বই ভান্ডার-20250116T040014Z-004/ইসলামিক বই ভান্ডার/ইসলামিক সাহিত্য/New book 2/নফসের গোলামী ও মুক্তির উপায়.pdf,993666,970.4 KB,.pdf,2022-06-21 07:10:34
ইসলামিক বই ভান্ডার-20250116T040014Z-004/ইসলামিক বই ভান্ডার/ইসলামিক সাহিত্য/New book 2/নষ্ট দর্শন.pdf,9694247,9.2 MB,.pdf,2022-06-21 07:17:28
ইসলামিক বই ভান্ডার-20250116T040014Z-004/ইসলামিক বই ভান্ডার/ইসলামিক সাহিত্য/New book 2/নামাজ ত্যগকারির বিধান .pdf,1222381,1.2 MB,.pdf,2022-06-21 07:18:46
ইসলামিক বই ভান্ডার-20250116T040014Z-004/ইসলামিক বই ভান্ডার/ইসলামিক সাহিত্য/New book 2/নামাজ শিক্ষা.pdf,2014468,1.9 MB,.pdf,2022-06-21 07:33:56
ইসলামিক বই ভান্ডার-20250116T040014Z-004/ইসলামিক বই ভান্ডার/ইসলামিক সাহিত্য/New book 2/নামাজের ধন- ভান্ডার.pdf,2081130,2.0 MB,.pdf,2022-06-21 07:02:16
ইসলামিক বই ভান্ডার-20250116T040014Z-004/ইসলামিক বই ভান্ডার/ইসলামিক সাহিত্য/New book 2/নুজহাতুল ক্বারী.pdf,1402035,1.3 MB,.pdf,2022-06-21 06:58:24
ইসলামিক বই ভান্ডার-20250116T040014Z-004/ইসলামিক বই ভান্ডার/ইসলামিক সাহিত্য/New book 2/পবিত্র আল-কুরআনের দু_আ.pdf,1809350,1.7 MB,.pdf,2022-06-21 07:20:54
ইসলামিক বই ভান্ডার-20250116T040014Z-004/ইসলামিক বই ভান্ডার/ইসলামিক সাহিত্য/New book 2/পবিত্র কোরআনের মু_জিজা.pdf,4310962,4.1 MB,.pdf,2022-06-21 07:24:30
ইসলামিক বই ভান্ডার-20250116T040014Z-004/ইসলামিক বই ভান্ডার/ইসলামিক সাহিত্য/New book 2/পর্দা একটি বাস্তব প্রয়োজন.pdf,1893845,1.8 MB,.pdf,2022-06-21 07:36:24
ইসলামিক বই ভান্ডার-20250116T040014Z-004/ইসলামিক বই ভান্ডার/ইসলামিক সাহিত্য/New book 2/পর্দা.pdf,4813932,4.6 MB,.pdf,2022-06-21 07:13:44
ইসলামিক বই ভান্ডার-20250116T040014Z-004/ইসলামিক বই ভান্ডার/ইসলামিক সাহিত্য/New book 2/পারিবারিক জীবন.pdf,4969823,4.7 MB,.pdf,2022-06-21 07:15:52
ইসলামিক বই ভান্ডার-20250116T040014Z-004/ইসলামিক বই ভান্ডার/ইসলামিক সাহিত্য/New book 2/পাশ্চাত্য সভ্যতায় ইসলাম.pdf,19112954,18.2 MB,.pdf,2022-06-21 07:44:58
ইসলামিক বই ভান্ডার-20250116T040014Z-004/ইসলামিক বই ভান্ডার/ইসলামিক সাহিত্য/New book 2/প্রথম দিনের সূর্য.pdf,4626861,4.4 MB,.pdf,2022-06-21 06:51:10
ইসলামিক বই ভান্ডার-20250116T040014Z-004/ইসলামিক বই ভান্ডার/ইসলামিক সাহিত্য/New book 2/প্রাথমিক কথা- হাদীসের তত্ত্ব ও ইতিহাস.pdf,11567342,11.0 MB,.pdf,2022-06-21 07:08:16
ইসলামিক বই ভান্ডার-20250116T040014Z-004/ইসলামিক বই ভান্ডার/ইসলামিক সাহিত্য/New book 2/প্রিয় নবীর (সাঃ) দুয়া-দরূদ ও ব্যবহারিক সুন্নাত.pdf,17231759,16.4 MB,.pdf,2022-06-21 07:49:10
ইসলামিক বই ভান্ডার-20250116T040014Z-004/ইসলামিক বই ভান্ডার/ইসলামিক সাহিত্য/New book 2/ফতেহনামা.pdf,3109572,3.0 MB,.pdf,2022-06-21 07:06:42
ইসলামিক বই ভান্ডার-20250116T040014Z-004/ইসলামিক বই ভান্ডার/ইসলামিক সাহিত্য/New book 2/ফাজায়েল তেজারত.pdf,28365539,27.1 MB,.pdf,2022-06-21 08:25:18
"ইসলামিক বই ভান্ডার-20250116T040014Z-004/ইসলামিক বই ভান্ডার/ইসলামিক সাহিত্য/New book 2/ফাত্‌ওয়া, সংজ্ঞা, গুরুত্ব ও ফাত্‌ওয়া দানের যোগ্যতা.pdf",1468940,1.4 MB,.pdf,2022-06-21 07:19:46
ইসলামিক বই ভান্ডার-20250116T040014Z-004/ইসলামিক বই ভান্ডার/ইসলামিক সাহিত্য/New book 2/বদনজর জাদু ও জিনের.pdf,1295675,1.2 MB,.pdf,2022-06-21 06:53:34
ইসলামিক বই ভান্ডার-20250116T040014Z-004/ইসলামিক বই ভান্ডার/ইসলামিক সাহিত্য/New book 2/বাংলাদেশের মাদ্রাসা শিক্ষা.pdf,3810577,3.6 MB,.pdf,2022-06-21 07:35:52
ইসলামিক বই ভান্ডার-20250116T040014Z-004/ইসলামিক বই ভান্ডার/ইসলামিক সাহিত্য/New book 2/বাহারিস্তান-ই-গায়বী.pdf,9342336,8.9 MB,.pdf,2022-06-21 07:32:24
ইসলামিক বই ভান্ডার-20250116T040014Z-004/ইসলামিক বই ভান্ডার/ইসলামিক সাহিত্য/New book 2/বিদাআত দর্পণ.pdf,4185312,4.0 MB,.pdf,2022-06-21 06:56:08
ইসলামিক বই ভান্ডার-20250116T040014Z-004/ইসলামিক বই ভান্ডার/ইসলামিক সাহিত্য/New book 2/বিশেষ বয়ান - মাওলানা তারিক জামীল.pdf,2981963,2.8 MB,.pdf,2022-06-21 06:52:58
ইসলামিক বই ভান্ডার-20250116T040014Z-004/ইসলামিক বই ভান্ডার/ইসলামিক সাহিত্য/New book 2/মদীনা সনদ ও বাংলাদেশের সংবিধান.pdf,5212589,5.0 MB,.pdf,2022-06-21 07:16:22
ইসলামিক বই ভান্ডার-20250116T040014Z-004/ইসলামিক বই ভান্ডার/ইসলামিক সাহিত্য/New book 2/মাকতুবাত.pdf,6805287,6.5 MB,.pdf,2022-06-21 07:22:00
ইসলামিক বই ভান্ডার-20250116T040014Z-004/ইসলামিক বই ভান্ডার/ইসলামিক সাহিত্য/New book 2/মাদিনা শরিফের ইতিকথা.pdf,6882064,6.6 MB,.pdf,2022-06-21 06:57:26
ইসলামিক বই ভান্ডার-20250116T040014Z-004/ইসলামিক বই ভান্ডার/ইসলামিক সাহিত্য/New book 2/মানুষের কাহিনী.pdf,2340798,2.2 MB,.pdf,2022-06-21 06:59:12
ইসলামিক বই ভান্ডার-20250116T040014Z-004/ইসলামিক বই ভান্ডার/ইসলামিক সাহিত্য/New book 2/মালফুজাতে.pdf,3147714,3.0 MB,.pdf,2022-06-21 07:17:10
ইসলামিক বই ভান্ডার-20250116T040014Z-004/ইসলামিক বই ভান্ডার/ইসলামিক সাহিত্য/New book 2/মাহযাব কি ও কেন.pdf,4044145,3.9 MB,.pdf,2022-06-21 07:16:36
"ইসলামিক বই ভান্ডার-20250116T040014Z-004/ইসলামিক বই ভান্ডার/ইসলামিক সাহিত্য/New book 2/মিথ্যা, ওয়াদা ভঙ্গও খেয়ানতের বিভিন্ন রূপ.pdf",1736361,1.7 MB,.pdf,2022-06-21 07:35:14
ইসলামিক বই ভান্ডার-20250116T040014Z-004/ইসলামিক বই ভান্ডার/ইসলামিক সাহিত্য/New book 2/মিরাজ বিজ্ঞান.pdf,5085806,4.9 MB,.pdf,2022-06-21 07:36:12
ইসলামিক বই ভান্ডার-20250116T040014Z-004/ইসলামিক বই ভান্ডার/ইসলামিক সাহিত্য/New book 2/মুসলমানদের মানসিক গোলামি ও তার কারণ- ইসলাম ও পাশ্চাত্য সভ্যতার দ্বন্দ্ব.pdf,6996243,6.7 MB,.pdf,2022-06-21 07:22:40
ইসলামিক বই ভান্ডার-20250116T040014Z-004/ইসলামিক বই ভান্ডার/ইসলামিক সাহিত্য/New book 2/যিকির ও ইয়েকাফের গুরুক্ত.pdf,1936115,1.8 MB,.pdf,2022-06-21 07:16:12
ইসলামিক বই ভান্ডার-20250116T040014Z-004/ইসলামিক বই ভান্ডার/ইসলামিক সাহিত্য/New book 2/যুগে যুগে ইসলামি আন্দলন.pdf,1424462,1.4 MB,.pdf,2022-06-21 06:58:24
ইসলামিক বই ভান্ডার-20250116T040014Z-004/ইসলামিক বই ভান্ডার/ইসলামিক সাহিত্য/New book 2/যুবক ভাইদের প্রতি বিশেষ.pdf,3050097,2.9 MB,.pdf,2022-06-21 07:08:20
ইসলামিক বই ভান্ডার-20250116T040014Z-004/ইসলামিক বই ভান্ডার/ইসলামিক সাহিত্য/New book 2/রাসূল স. এর ২০০ সোনালী উপদেশ.pdf,87849791,83.8 MB,.pdf,2022-06-21 08:20:16
ইসলামিক বই ভান্ডার-20250116T040014Z-004/ইসলামিক বই ভান্ডার/ইসলামিক সাহিত্য/New book 2/রাসূলুল্লাহ (সাঃ) এর বিচারালয়.pdf,4581095,4.4 MB,.pdf,2022-06-21 06:57:26
ইসলামিক বই ভান্ডার-20250116T040014Z-004/ইসলামিক বই ভান্ডার/ইসলামিক সাহিত্য/New book 2/রূহে তাসাউফ.pdf,5304426,5.1 MB,.pdf,2022-06-21 07:20:02
ইসলামিক বই ভান্ডার-20250116T040014Z-004/ইসলামিক বই ভান্ডার/ইসলামিক সাহিত্য/New book 2/লামিয়াতুল মুজিযাত.pdf,9512199,9.1 MB,.pdf,2022-06-21 07:45:58
ইসলামিক বই ভান্ডার-20250116T040014Z-004/ইসলামিক বই ভান্ডার/ইসলামিক সাহিত্য/New book 2/শরহে জামী.pdf,15135834,14.4 MB,.pdf,2022-06-21 07:35:14
ইসলামিক বই ভান্ডার-20250116T040014Z-004/ইসলামিক বই ভান্ডার/ইসলামিক সাহিত্য/New book 2/শরিয়তি রাষ্ট্র ব্যাবস্থা.pdf,9295756,8.9 MB,.pdf,2022-06-21 07:02:44
ইসলামিক বই ভান্ডার-20250116T040014Z-004/ইসলামিক বই ভান্ডার/ইসলামিক সাহিত্য/New book 2/শরীয়তের দৃষ্টিতে পর্দার হুকুম.pdf,5362517,5.1 MB,.pdf,2022-06-21 07:08:04
ইসলামিক বই ভান্ডার-20250116T040014Z-004/ইসলামিক বই ভান্ডার/ইসলামিক সাহিত্য/New book 2/শামাইলুন নাবিয়্যী.pdf,5538851,5.3 MB,.pdf,2022-06-21 07:18:26
ইসলামিক বই ভান্ডার-20250116T040014Z-004/ইসলামিক বই ভান্ডার/ইসলামিক সাহিত্য/New book 2/শারহু মাআনিল আছার (তাহাবী শরীফ) - ২য় খন্ড.pdf,15401352,14.7 MB,.pdf,2022-06-21 06:57:26
ইসলামিক বই ভান্ডার-20250116T040014Z-004/ইসলামিক বই ভান্ডার/ইসলামিক সাহিত্য/New book 2/শিয়াদের ধর্ম বিশ্বাস.pdf,3136376,3.0 MB,.pdf,2022-06-21 07:06:42
ইসলামিক বই ভান্ডার-20250116T040014Z-004/ইসলামিক বই ভান্ডার/ইসলামিক সাহিত্য/New book 2/সংসার সুখের হয় পুরুষের গুণে.pdf,1236396,1.2 MB,.pdf,2022-06-21 07:18:46
ইসলামিক বই ভান্ডার-20250116T040014Z-004/ইসলামিক বই ভান্ডার/ইসলামিক সাহিত্য/New book 2/সঠিক ধর্মবিশ্বাস ও উহার পরিপন্থী বিষয়.pdf,1903532,1.8 MB,.pdf,2022-06-21 07:36:44
ইসলামিক বই ভান্ডার-20250116T040014Z-004/ইসলামিক বই ভান্ডার/ইসলামিক সাহিত্য/New book 2/সাত যুবকের গল্প.pdf,6619979,6.3 MB,.pdf,2022-06-21 07:42:38
ইসলামিক বই ভান্ডার-20250116T040014Z-004/ইসলামিক বই ভান্ডার/ইসলামিক সাহিত্য/New book 2/স্বপ্নের ব্যাখ্যা.pdf,4107849,3.9 MB,.pdf,2022-06-21 07:03:58
ইসলামিক বই ভান্ডার-20250116T040014Z-004/ইসলামিক বই ভান্ডার/ইসলামিক সাহিত্য/New book 2/হরফের ছড়া - ফররুক আহাম্মেদ.pdf,21492019,20.5 MB,.pdf,2022-06-21 07:43:36
ইসলামিক বই ভান্ডার-20250116T040014Z-004/ইসলামিক বই ভান্ডার/ইসলামিক সাহিত্য/New book 2/হুমায়ূন নামা গুলবদন.pdf,5216215,5.0 MB,.pdf,2022-06-21 07:16:22
ইসলামিক বই ভান্ডার-20250116T040014Z-004/ইসলামিক বই ভান্ডার/ইসলামিক সাহিত্য/New book 2/১০০০ সন্নাহ.pdf,2075804,2.0 MB,.pdf,2022-06-21 07:34:00
ইসলামিক বই ভান্ডার-20250116T040014Z-004/ইসলামিক বই ভান্ডার/ইসলামিক সাহিত্য/New book 2/৩৫ ভবিষ্যত বানি.pdf,29632300,28.3 MB,.pdf,2022-06-21 07:35:42
ইসলামিক বই ভান্ডার-20250116T040014Z-004/ইসলামিক বই ভান্ডার/মোটিভেশন বুকস/Bangla Motivational Book [PDF]/Bangla Motivational Book [PDF]/Ajker Neta Shofol Netritter Shoto Koushol.pdf,6636210,6.3 MB,.pdf,2022-09-13 22:25:38
ইসলামিক বই ভান্ডার-20250116T040014Z-004/ইসলামিক বই ভান্ডার/মোটিভেশন বুকস/Bangla Motivational Book [PDF]/Bangla Motivational Book [PDF]/Body Language by Allan Pease.pdf,14494713,13.8 MB,.pdf,2022-09-13 22:26:08
ইসলামিক বই ভান্ডার-20250116T040014Z-004/ইসলামিক বই ভান্ডার/মোটিভেশন বুকস/Bangla Motivational Book [PDF]/Bangla Motivational Book [PDF]/Career Bikoshito Jiboner Dar.pdf,5855487,5.6 MB,.pdf,2022-09-13 22:26:20
ইসলামিক বই ভান্ডার-20250116T040014Z-004/ইসলামিক বই ভান্ডার/মোটিভেশন বুকস/Bangla Motivational Book [PDF]/Bangla Motivational Book [PDF]/Eat That Frog by Brian Tracy.pdf,10566597,10.1 MB,.pdf,2022-09-13 22:26:42
ইসলামিক বই ভান্ডার-20250116T040014Z-004/ইসলামিক বই ভান্ডার/মোটিভেশন বুকস/Bangla Motivational Book [PDF]/Bangla Motivational Book [PDF]/Rich Dad Poor Dad By Robert T. Kiyosaki.pdf,33920021,32.3 MB,.pdf,2022-09-13 22:28:08
ইসলামিক বই ভান্ডার-20250116T040014Z-004/ইসলামিক বই ভান্ডার/মোটিভেশন বুকস/Bangla Motivational Book [PDF]/Bangla Motivational Book [PDF]/The 5 Second Rule by Mel Robbins.pdf,2580082,2.5 MB,.pdf,2022-09-13 22:28:16
ইসলামিক বই ভান্ডার-20250116T040014Z-004/ইসলামিক বই ভান্ডার/মোটিভেশন বুকস/Bangla Motivational Book [PDF]/Bangla Motivational Book [PDF]/The 7 Habits of Highly Effective Teens by Sean Covey.pdf,20454069,19.5 MB,.pdf,2022-09-13 22:28:54
ইসলামিক বই ভান্ডার-20250116T040014Z-004/ইসলামিক বই ভান্ডার/মোটিভেশন বুকস/Bangla Motivational Book [PDF]/Bangla Motivational Book [PDF]/The Art of Thinking Clearly By Rolf Dobelli.pdf,34301327,32.7 MB,.pdf,2022-09-13 22:29:56
ইসলামিক বই ভান্ডার-20250116T040014Z-004/ইসলামিক বই ভান্ডার/মোটিভেশন বুকস/Bangla Motivational Book [PDF]/Bangla Motivational Book [PDF]/The Business School by Robert Kiyosaki.pdf,20864246,19.9 MB,.pdf,2022-09-13 22:30:36
ইসলামিক বই ভান্ডার-20250116T040014Z-004/ইসলামিক বই ভান্ডার/মোটিভেশন বুকস/Bangla Motivational Book [PDF]/Bangla Motivational Book [PDF]/The Monk Who Sold His Ferrari by Robin Sharma.pdf,9770801,9.3 MB,.pdf,2022-09-13 22:30:58
ইসলামিক বই ভান্ডার-20250116T040014Z-004/ইসলামিক বই ভান্ডার/মোটিভেশন বুকস/Bangla Motivational Book [PDF]/Bangla Motivational Book [PDF]/The One Minute Manager by Ken Blanchard and Spencer Johnson.pdf,10409544,9.9 MB,.pdf,2022-09-13 22:31:20
ইসলামিক বই ভান্ডার-20250116T040014Z-004/ইসলামিক বই ভান্ডার/মোটিভেশন বুকস/Bangla Motivational Book [PDF]/Bangla Motivational Book [PDF]/The Power of Positive Thinking by Norman Vincent Peale.pdf,12729905,12.1 MB,.pdf,2022-09-13 22:31:46
ইসলামিক বই ভান্ডার-20250116T040014Z-004/ইসলামিক বই ভান্ডার/মোটিভেশন বুকস/Bangla Motivational Book [PDF]/Bangla Motivational Book [PDF]/The Power of Your Subconscious Mind by Joseph Murphy.pdf,9836029,9.4 MB,.pdf,2022-09-13 22:32:06
ইসলামিক বই ভান্ডার-20250116T040014Z-004/ইসলামিক বই ভান্ডার/মোটিভেশন বুকস/Bangla Motivational Book [PDF]/Bangla Motivational Book [PDF]/Warren Buffett_s Management Secrets Proven Tools for Personal and Business Success.pdf,8395011,8.0 MB,.pdf,2022-09-13 22:32:24
ইসলামিক বই ভান্ডার-20250116T040014Z-004/ইসলামিক বই ভান্ডার/মোটিভেশন বুকস/Bangla Motivational Book [PDF]/Bangla Motivational Book [PDF]/Who Moved My Cheese by Spencer Johnson.pdf,9301041,8.9 MB,.pdf,2022-09-13 22:32:42
ইসলামিক বই ভান্ডার-20250116T040014Z-004/ইসলামিক বই ভান্ডার/মোটিভেশন বুকস/Bangla Motivational Book [PDF]/Bangla Motivational Book [PDF]/You Can Win by Shiv Khera.pdf,7032834,6.7 MB,.pdf,2022-09-13 22:32:58
ইসলামিক বই ভান্ডার-20250116T040014Z-004/ইসলামিক বই ভান্ডার/মোটিভেশন বুকস/Bangla Motivational Book [PDF]/Bangla Motivational Book [PDF]/Zero to One by Blake Masters and Peter Thiel.pdf,34443948,32.8 MB,.pdf,2022-09-13 22:34:00
ইসলামিক বই ভান্ডার-20250116T040014Z-004/ইসলামিক বই ভান্ডার/মোটিভেশন বুকস/Bangla Motivational Book [PDF]/Bangla Motivational Book [PDF]/না বলতে শিখুন.pdf,8038332,7.7 MB,.pdf,2022-09-13 22:34:28
ইসলামিক বই ভান্ডার-20250116T055918Z-002/ইসলামিক বই ভান্ডার/Islamic  books  pdf/Bukhari Sharif/al_quran_bangla.pdf,4630794,4.4 MB,.pdf,2014-05-01 15:50:56
ইসলামিক বই ভান্ডার-20250116T055918Z-002/ইসলামিক বই ভান্ডার/Islamic  books  pdf/Bukhari Sharif/Bangla Bukhari 3 1.0_3.apk .pdf,10358483,9.9 MB,.pdf,2014-06-01 20:24:44
ইসলামিক বই ভান্ডার-20250116T055918Z-002/ইসলামিক বই ভান্ডার/Islamic  books  pdf/Bukhari Sharif/Bukhari 6th volume 1.0_3.apk .pdf,15089679,14.4 MB,.pdf,2014-06-01 20:16:42
ইসলামিক বই ভান্ডার-20250116T055918Z-002/ইসলামিক বই ভান্ডার/Islamic  books  pdf/Bukhari Sharif/Bukhari 7th volume 1.0_3.apk .pdf,14244864,13.6 MB,.pdf,2014-06-01 20:18:24
ইসলামিক বই ভান্ডার-20250116T055918Z-002/ইসলামিক বই ভান্ডার/Islamic  books  pdf/Bukhari Sharif/Bukhari 8th volume 1.0_3 .pdf,16138464,15.4 MB,.pdf,2014-06-01 20:14:56
ইসলামিক বই ভান্ডার-20250116T055918Z-002/ইসলামিক বই ভান্ডার/Islamic  books  pdf/Bukhari Sharif/Bukhari Sarif 4th volume 1.0_3.apk .pdf,11541543,11.0 MB,.pdf,2014-06-01 20:23:46
ইসলামিক বই ভান্ডার-20250116T055918Z-002/ইসলামিক বই ভান্ডার/Islamic  books  pdf/Bukhari Sharif/Bukhari Sharif 5th Volume 1.0_3.apk .pdf,12521838,11.9 MB,.pdf,2014-06-01 20:19:52
ইসলামিক বই ভান্ডার-20250116T055918Z-002/ইসলামিক বই ভান্ডার/Islamic  books  pdf/Bukhari Sharif/Quran-2.pdf,3234569,3.1 MB,.pdf,2015-03-04 14:50:34
ইসলামিক বই ভান্ডার-20250116T055918Z-002/ইসলামিক বই ভান্ডার/Islamic  books  pdf/Bukhari Sharif/quranerbishoy.pdf,40211715,38.3 MB,.pdf,2015-02-11 18:47:30
ইসলামিক বই ভান্ডার-20250116T055918Z-002/ইসলামিক বই ভান্ডার/Islamic  books  pdf/Bukhari Sharif/Quran_ShareefSimple_Bengali_Translation.pdf,29492211,28.1 MB,.pdf,2014-05-28 19:01:24
ইসলামিক বই ভান্ডার-20250116T055918Z-002/ইসলামিক বই ভান্ডার/Islamic  books  pdf/Bukhari Sharif/sahih-bukhari-part-01-with-interactive-link.pdf,9495329,9.1 MB,.pdf,2014-04-07 10:42:14
ইসলামিক বই ভান্ডার-20250116T055918Z-002/ইসলামিক বই ভান্ডার/Islamic  books  pdf/D. ZAKIR NAIK/concept of God in major Religion.pdf,1121791,1.1 MB,.pdf,2012-06-26 14:04:40
ইসলামিক বই ভান্ডার-20250116T055918Z-002/ইসলামিক বই ভান্ডার/Islamic  books  pdf/D. ZAKIR NAIK/hinduism-islam.pdf,2300459,2.2 MB,.pdf,2012-06-26 14:05:32
ইসলামিক বই ভান্ডার-20250116T055918Z-002/ইসলামিক বই ভান্ডার/Islamic  books  pdf/D. ZAKIR NAIK/quran and bilble.pdf,2137996,2.0 MB,.pdf,2012-06-26 14:20:22
ইসলামিক বই ভান্ডার-20250116T055918Z-002/ইসলামিক বই ভান্ডার/আল কোরআন/Al Quran Sharif/Al Quran Sharif/Al Quraner Shikkha 1.pdf,6228455,5.9 MB,.pdf,2022-06-21 07:53:48
ইসলামিক বই ভান্ডার-20250116T055918Z-002/ইসলামিক বই ভান্ডার/আল কোরআন/Al Quran Sharif/Al Quran Sharif/Al Quraner Shikkha 2.pdf,5532413,5.3 MB,.pdf,2022-06-21 07:18:26
ইসলামিক বই ভান্ডার-20250116T055918Z-002/ইসলামিক বই ভান্ডার/আল কোরআন/Al Quran Sharif/Al Quran Sharif/কোরআন মাজিদ-বাংলা_ড.জহুরুল হক ১.pdf,1968966,1.9 MB,.pdf,2022-06-21 07:16:14
ইসলামিক বই ভান্ডার-20250116T055918Z-002/ইসলামিক বই ভান্ডার/আল কোরআন/Al Quran Sharif/Al Quran Sharif/কোরআন মাজিদ-বাংলা_ড.জহুরুল হক ৩.pdf,4566125,4.4 MB,.pdf,2022-06-21 08:31:20
ইসলামিক বই ভান্ডার-20250116T055918Z-002/ইসলামিক বই ভান্ডার/আল কোরআন/Al Quran Sharif/Al Quran Sharif/কোরআন শরীফ - আল কোরআন একাডেমী লন্ডন.pdf,28949800,27.6 MB,.pdf,2022-06-21 08:23:30
ইসলামিক বই ভান্ডার-20250116T055918Z-002/ইসলামিক বই ভান্ডার/আল কোরআন/Al Quran Sharif/Al Quran Sharif/কোরআনের অভিধান.pdf,5794739,5.5 MB,.pdf,2022-06-21 06:46:18
ইসলামিক বই ভান্ডার-20250116T055918Z-002/ইসলামিক বই ভান্ডার/আল কোরআন/Al Quran Sharif/Al Quran Sharif/তরজমায়ে কুরআন মজীদ.pdf,47126824,44.9 MB,.pdf,2022-06-21 08:02:20
ইসলামিক বই ভান্ডার-20250116T055918Z-002/ইসলামিক বই ভান্ডার/আল কোরআন/Al Quran Sharif/Al Quran Sharif/পারা ২৯ নূরানী.pdf,5176536,4.9 MB,.pdf,2022-06-21 08:17:42
ইসলামিক বই ভান্ডার-20250116T055918Z-002/ইসলামিক বই ভান্ডার/আল কোরআন/Al Quran Sharif/Al Quran Sharif/পারা ৩০ নূরানী.pdf,5692571,5.4 MB,.pdf,2022-06-21 07:15:30
ইসলামিক বই ভান্ডার-20250116T055918Z-002/ইসলামিক বই ভান্ডার/আল কোরআন/Darse Quran/Darse Quran/Darse Quran 2.pdf,4443868,4.2 MB,.pdf,2022-06-21 07:16:36
ইসলামিক বই ভান্ডার-20250116T055918Z-002/ইসলামিক বই ভান্ডার/আল কোরআন/Darse Quran/Darse Quran/Darse Quran 3.pdf,4723201,4.5 MB,.pdf,2022-06-21 07:37:50
ইসলামিক বই ভান্ডার-20250116T055918Z-002/ইসলামিক বই ভান্ডার/আল কোরআন/Darse Quran/Darse Quran/Darse Quran 4.pdf,4399391,4.2 MB,.pdf,2022-06-21 08:34:22
ইসলামিক বই ভান্ডার-20250116T055918Z-002/ইসলামিক বই ভান্ডার/আল কোরআন/Darse Quran/Darse Quran/Darse Quran 5.pdf,4314482,4.1 MB,.pdf,2022-06-21 07:24:30
ইসলামিক বই ভান্ডার-20250116T055918Z-002/ইসলামিক বই ভান্ডার/আল কোরআন/Darsul Quran-/Darsul Quran/Darsul Quran 1 Badruzzaman.pdf,4052605,3.9 MB,.pdf,2022-06-21 07:19:12
ইসলামিক বই ভান্ডার-20250116T055918Z-002/ইসলামিক বই ভান্ডার/আল কোরআন/Darsul Quran-/Darsul Quran/Darsul Quran 1 H Parveen.pdf,4670235,4.5 MB,.pdf,2022-06-21 08:18:12
ইসলামিক বই ভান্ডার-20250116T055918Z-002/ইসলামিক বই ভান্ডার/আল কোরআন/Darsul Quran-/Darsul Quran/Darsul Quran 2 Badruzzaman.pdf,3282339,3.1 MB,.pdf,2022-06-21 08:01:50
ইসলামিক বই ভান্ডার-20250116T055918Z-002/ইসলামিক বই ভান্ডার/আল কোরআন/Darsul Quran-/Darsul Quran/Darsul Quran 2 H Parveen.pdf,4651117,4.4 MB,.pdf,2022-06-21 06:53:46
ইসলামিক বই ভান্ডার-20250116T055918Z-002/ইসলামিক বই ভান্ডার/আল কোরআন/Nirbachito Darse Quran-/Nirbachito Darse Quran/Nirbachito Darse Quran 1.pdf,4125865,3.9 MB,.pdf,2022-06-21 08:33:00
ইসলামিক বই ভান্ডার-20250116T055918Z-002/ইসলামিক বই ভান্ডার/আল কোরআন/Nirbachito Darse Quran-/Nirbachito Darse Quran/Nirbachito Darse Quran 2.pdf,4016409,3.8 MB,.pdf,2022-06-21 08:26:56
ইসলামিক বই ভান্ডার-20250116T055918Z-002/ইসলামিক বই ভান্ডার/আল কোরআন/Shobde Shobde Al-Quran/Shobde Shobde Al-Quran/Shobde_Shobde_Al-Quran_01.pdf,12743775,12.2 MB,.pdf,2022-06-21 08:33:48
ইসলামিক বই ভান্ডার-20250116T055918Z-002/ইসলামিক বই ভান্ডার/আল কোরআন/Shobde Shobde Al-Quran/Shobde Shobde Al-Quran/Shobde_Shobde_Al-Quran_02.pdf,18674182,17.8 MB,.pdf,2022-06-21 07:46:36
ইসলামিক বই ভান্ডার-20250116T055918Z-002/ইসলামিক বই ভান্ডার/আল কোরআন/Shobde Shobde Al-Quran/Shobde Shobde Al-Quran/Shobde_Shobde_Al-Quran_03.pdf,9162014,8.7 MB,.pdf,2022-06-21 07:34:14
ইসলামিক বই ভান্ডার-20250116T055918Z-002/ইসলামিক বই ভান্ডার/আল কোরআন/Shobde Shobde Al-Quran/Shobde Shobde Al-Quran/Shobde_Shobde_Al-Quran_04.pdf,8195048,7.8 MB,.pdf,2022-06-21 08:25:50
ইসলামিক বই ভান্ডার-20250116T055918Z-002/ইসলামিক বই ভান্ডার/আল কোরআন/Shobde Shobde Al-Quran/Shobde Shobde Al-Quran/Shobde_Shobde_Al-Quran_05.pdf,11656805,11.1 MB,.pdf,2022-06-21 08:34:46
ইসলামিক বই ভান্ডার-20250116T055918Z-002/ইসলামিক বই ভান্ডার/আল কোরআন/Shobde Shobde Al-Quran/Shobde Shobde Al-Quran/Shobde_Shobde_Al-Quran_06.pdf,10316933,9.8 MB,.pdf,2022-06-21 07:03:58
ইসলামিক বই ভান্ডার-20250116T055918Z-002/ইসলামিক বই ভান্ডার/আল কোরআন/Shobde Shobde Al-Quran/Shobde Shobde Al-Quran/Shobde_Shobde_Al-Quran_07.pdf,10291859,9.8 MB,.pdf,2022-06-21 07:23:46
ইসলামিক বই ভান্ডার-20250116T055918Z-002/ইসলামিক বই ভান্ডার/আল কোরআন/Shobde Shobde Al-Quran/Shobde Shobde Al-Quran/Shobde_Shobde_Al-Quran_08.pdf,14739309,14.1 MB,.pdf,2022-06-21 08:25:42
ইসলামিক বই ভান্ডার-20250116T055918Z-002/ইসলামিক বই ভান্ডার/আল কোরআন/Shobde Shobde Al-Quran/Shobde Shobde Al-Quran/Shobde_Shobde_Al-Quran_09.pdf,13603412,13.0 MB,.pdf,2022-06-21 08:32:16
ইসলামিক বই ভান্ডার-20250116T055918Z-002/ইসলামিক বই ভান্ডার/আল কোরআন/Shobde Shobde Al-Quran/Shobde Shobde Al-Quran/Shobde_Shobde_Al-Quran_10.pdf,15477426,14.8 MB,.pdf,2022-06-21 06:55:34
ইসলামিক বই ভান্ডার-20250116T055918Z-002/ইসলামিক বই ভান্ডার/আল কোরআন/Shobde Shobde Al-Quran/Shobde Shobde Al-Quran/Shobde_Shobde_Al-Quran_11.pdf,13177653,12.6 MB,.pdf,2022-06-21 08:34:08
ইসলামিক বই ভান্ডার-20250116T055918Z-002/ইসলামিক বই ভান্ডার/আল কোরআন/Shobde Shobde Al-Quran/Shobde Shobde Al-Quran/Shobde_Shobde_Al-Quran_12.pdf,14653706,14.0 MB,.pdf,2022-06-21 08:33:58
ইসলামিক বই ভান্ডার-20250116T055918Z-002/ইসলামিক বই ভান্ডার/আল কোরআন/Shobde Shobde Al-Quran/Shobde Shobde Al-Quran/Shobde_Shobde_Al-Quran_13.pdf,15780270,15.0 MB,.pdf,2022-06-21 07:36:12
ইসলামিক বই ভান্ডার-20250116T055918Z-002/ইসলামিক বই ভান্ডার/আল কোরআন/Shobde Shobde Al-Quran/Shobde Shobde Al-Quran/Shobde_Shobde_Al-Quran_14.pdf,8631057,8.2 MB,.pdf,2022-06-21 08:25:38
ইসলামিক বই ভান্ডার-20250116T055918Z-002/ইসলামিক বই ভান্ডার/আল কোরআন/Tafsir/Tafsir/Tafir a Jalalail 01.pdf,39443716,37.6 MB,.pdf,2022-06-21 08:25:38
ইসলামিক বই ভান্ডার-20250116T055918Z-002/ইসলামিক বই ভান্ডার/আল কোরআন/Tafsir/Tafsir/Tafir a Jalalail 02.pdf,37607191,35.9 MB,.pdf,2022-06-21 08:24:32
ইসলামিক বই ভান্ডার-20250116T055918Z-002/ইসলামিক বই ভান্ডার/আল কোরআন/Tafsir/Tafsir/Tafsirul Quran - tawhid prokashoni.pdf,26540756,25.3 MB,.pdf,2022-06-21 08:25:22
ইসলামিক বই ভান্ডার-20250116T055918Z-002/ইসলামিক বই ভান্ডার/আল হাদিস/Bukhari Sharif - Arabic/Fathul Bari Sharah Sahih Al-Bukhari (Arabic) 01.pdf,22344922,21.3 MB,.pdf,2022-06-21 08:11:00
ইসলামিক বই ভান্ডার-20250116T055918Z-002/ইসলামিক বই ভান্ডার/আল হাদিস/Bukhari Sharif - Arabic/Fathul Bari Sharah Sahih Al-Bukhari (Arabic) 02.pdf,21583928,20.6 MB,.pdf,2022-06-21 08:04:14
ইসলামিক বই ভান্ডার-20250116T055918Z-002/ইসলামিক বই ভান্ডার/আল হাদিস/Bukhari Sharif - Arabic/Fathul Bari Sharah Sahih Al-Bukhari (Arabic) 03.pdf,22634857,21.6 MB,.pdf,2022-06-21 08:13:32
ইসলামিক বই ভান্ডার-20250116T055918Z-002/ইসলামিক বই ভান্ডার/আল হাদিস/Bukhari Sharif - Arabic/Fathul Bari Sharah Sahih Al-Bukhari (Arabic) 04.pdf,19318181,18.4 MB,.pdf,2022-06-21 08:21:20
ইসলামিক বই ভান্ডার-20250116T055918Z-002/ইসলামিক বই ভান্ডার/আল হাদিস/Bukhari Sharif - Arabic/Fathul Bari Sharah Sahih Al-Bukhari (Arabic) 05.pdf,14956643,14.3 MB,.pdf,2022-06-21 07:04:30
ইসলামিক বই ভান্ডার-20250116T055918Z-002/ইসলামিক বই ভান্ডার/আল হাদিস/Bukhari Sharif - Arabic/Fathul Bari Sharah Sahih Al-Bukhari (Arabic) 06.pdf,21864520,20.9 MB,.pdf,2022-06-21 07:16:46
ইসলামিক বই ভান্ডার-20250116T055918Z-002/ইসলামিক বই ভান্ডার/আল হাদিস/Bukhari Sharif - Arabic/Fathul Bari Sharah Sahih Al-Bukhari (Arabic) 07.pdf,18615421,17.8 MB,.pdf,2022-06-21 07:49:28
ইসলামিক বই ভান্ডার-20250116T055918Z-002/ইসলামিক বই ভান্ডার/আল হাদিস/Bukhari Sharif - Arabic/Fathul Bari Sharah Sahih Al-Bukhari (Arabic) 08.pdf,26864368,25.6 MB,.pdf,2022-06-21 08:26:18
ইসলামিক বই ভান্ডার-20250116T055918Z-002/ইসলামিক বই ভান্ডার/আল হাদিস/Bukhari Sharif - Arabic/Fathul Bari Sharah Sahih Al-Bukhari (Arabic) 09.pdf,17030277,16.2 MB,.pdf,2022-06-21 07:50:06
ইসলামিক বই ভান্ডার-20250116T055918Z-002/ইসলামিক বই ভান্ডার/আল হাদিস/Bukhari Sharif - Arabic/Fathul Bari Sharah Sahih Al-Bukhari (Arabic) 10.pdf,24037022,22.9 MB,.pdf,2022-06-21 08:17:32
ইসলামিক বই ভান্ডার-20250116T055918Z-002/ইসলামিক বই ভান্ডার/আল হাদিস/Bukhari Sharif - Arabic/Fathul Bari Sharah Sahih Al-Bukhari (Arabic) 11.pdf,26642627,25.4 MB,.pdf,2022-06-21 08:13:04
ইসলামিক বই ভান্ডার-20250116T055918Z-002/ইসলামিক বই ভান্ডার/আল হাদিস/Bukhari Sharif - Arabic/Fathul Bari Sharah Sahih Al-Bukhari (Arabic) 12.pdf,19032494,18.2 MB,.pdf,2022-06-21 07:42:26
ইসলামিক বই ভান্ডার-20250116T055918Z-002/ইসলামিক বই ভান্ডার/আল হাদিস/Bukhari Sharif - Arabic/Fathul Bari Sharah Sahih Al-Bukhari (Arabic) 13.pdf,20463929,19.5 MB,.pdf,2022-06-21 07:10:36
ইসলামিক বই ভান্ডার-20250116T055918Z-002/ইসলামিক বই ভান্ডার/আল হাদিস/drive-download/al_hidiya_1.pdf,11967074,11.4 MB,.pdf,2022-06-21 07:03:52
ইসলামিক বই ভান্ডার-20250116T055918Z-002/ইসলামিক বই ভান্ডার/আল হাদিস/drive-download/al_hidiya_2.pdf,16160824,15.4 MB,.pdf,2022-06-21 07:32:30
ইসলামিক বই ভান্ডার-20250116T055918Z-002/ইসলামিক বই ভান্ডার/আল হাদিস/drive-download/al_hidiya_3.pdf,19235937,18.3 MB,.pdf,2022-06-21 07:50:44
ইসলামিক বই ভান্ডার-20250116T055918Z-002/ইসলামিক বই ভান্ডার/আল হাদিস/drive-download/al_hidiya_4.pdf,19046079,18.2 MB,.pdf,2022-06-21 07:06:16
ইসলামিক বই ভান্ডার-20250116T055918Z-002/ইসলামিক বই ভান্ডার/আল হাদিস/drive-download/মিশকাতে বর্ণিত জাল ও যইফ হাদিস - আলবানি(রাঃ).pdf,2003972,1.9 MB,.pdf,2022-06-21 07:15:52
ইসলামিক বই ভান্ডার-20250116T055918Z-002/ইসলামিক বই ভান্ডার/আল হাদিস/drive-download/মুসনাদে আহমাদ - ১ম খন্ড.pdf,14318228,13.7 MB,.pdf,2022-06-21 08:27:32
ইসলামিক বই ভান্ডার-20250116T055918Z-002/ইসলামিক বই ভান্ডার/আল হাদিস/drive-download/যঈফ- সুনানে আত০তিরমিযী ২.pdf,13567258,12.9 MB,.pdf,2022-06-21 07:34:36
ইসলামিক বই ভান্ডার-20250116T055918Z-002/ইসলামিক বই ভান্ডার/আল হাদিস/drive-download/সিহাহ সিত্তার হাদীসে কুদসী.pdf,4668566,4.5 MB,.pdf,2022-06-21 08:33:46
ইসলামিক বই ভান্ডার-20250116T055918Z-002/ইসলামিক বই ভান্ডার/আল হাদিস/drive-download/সুনানে আদ-দারা কুতনী.pdf,22685500,21.6 MB,.pdf,2022-06-21 07:46:30
ইসলামিক বই ভান্ডার-20250116T055918Z-002/ইসলামিক বই ভান্ডার/আল হাদিস/drive-download/হাদীসের নামে জালিয়াতী.pdf,19050204,18.2 MB,.pdf,2022-06-21 08:24:34
ইসলামিক বই ভান্ডার-20250116T055918Z-002/ইসলামিক বই ভান্ডার/আল হাদিস/Mishkatul Sharif/Mishkatul Sharif  4.pdf,8376837,8.0 MB,.pdf,2022-06-21 08:32:16
ইসলামিক বই ভান্ডার-20250116T055918Z-002/ইসলামিক বই ভান্ডার/আল হাদিস/Mishkatul Sharif/Mishkatul Sharif 1.pdf,12216392,11.7 MB,.pdf,2022-06-21 08:29:24
ইসলামিক বই ভান্ডার-20250116T055918Z-002/ইসলামিক বই ভান্ডার/আল হাদিস/Mishkatul Sharif/Mishkatul Sharif 2.pdf,17521684,16.7 MB,.pdf,2022-06-21 07:07:00
ইসলামিক বই ভান্ডার-20250116T055918Z-002/ইসলামিক বই ভান্ডার/আল হাদিস/Mishkatul Sharif/Mishkatul Sharif 3.pdf,9788891,9.3 MB,.pdf,2022-06-21 08:25:00
ইসলামিক বই ভান্ডার-20250116T055918Z-002/ইসলামিক বই ভান্ডার/আল হাদিস/Musnade Ahmad/Musnad_Ahmad_Part-1.pdf,29698134,28.3 MB,.pdf,2022-06-21 07:44:24
ইসলামিক বই ভান্ডার-20250116T055918Z-002/ইসলামিক বই ভান্ডার/আল হাদিস/Musnade Ahmad/Musnad_Ahmad_Part-2.pdf,18118714,17.3 MB,.pdf,2022-06-21 07:35:32
ইসলামিক বই ভান্ডার-20250116T055918Z-002/ইসলামিক বই ভান্ডার/আল হাদিস/Rahe Amol/Rahe Amol 1.pdf,5325144,5.1 MB,.pdf,2022-06-21 07:20:10
ইসলামিক বই ভান্ডার-20250116T055918Z-002/ইসলামিক বই ভান্ডার/আল হাদিস/Rahe Amol/Rahe Amol 2.pdf,6417009,6.1 MB,.pdf,2022-06-21 07:34:14
ইসলামিক বই ভান্ডার-20250116T055918Z-002/ইসলামিক বই ভান্ডার/আল হাদিস/Sahih Al Bukhari/Sahih Al Bukhari 1.pdf,18859286,18.0 MB,.pdf,2022-06-21 08:30:42
ইসলামিক বই ভান্ডার-20250116T055918Z-002/ইসলামিক বই ভান্ডার/আল হাদিস/Sahih Al Bukhari/Sahih Al Bukhari 2.pdf,18532562,17.7 MB,.pdf,2022-06-21 08:22:18
ইসলামিক বই ভান্ডার-20250116T055918Z-002/ইসলামিক বই ভান্ডার/আল হাদিস/Sahih Al Bukhari/Sahih Al Bukhari 3.pdf,21236461,20.3 MB,.pdf,2022-06-21 08:26:58
ইসলামিক বই ভান্ডার-20250116T055918Z-002/ইসলামিক বই ভান্ডার/আল হাদিস/Sahih Al Bukhari/Sahih Al Bukhari 4.pdf,23024988,22.0 MB,.pdf,2022-06-21 08:32:00
ইসলামিক বই ভান্ডার-20250116T055918Z-002/ইসলামিক বই ভান্ডার/আল হাদিস/Sahih Al Bukhari/Sahih Al Bukhari 5.pdf,17813165,17.0 MB,.pdf,2022-06-21 08:26:58
ইসলামিক বই ভান্ডার-20250116T055918Z-002/ইসলামিক বই ভান্ডার/আল হাদিস/Sahih Bukhari/Sahih Bukhari 1.pdf,8900581,8.5 MB,.pdf,2022-06-21 08:21:46
ইসলামিক বই ভান্ডার-20250116T055918Z-002/ইসলামিক বই ভান্ডার/আল হাদিস/Sahih Bukhari/Sahih Bukhari 10.pdf,23445015,22.4 MB,.pdf,2022-06-21 08:17:32
ইসলামিক বই ভান্ডার-20250116T055918Z-002/ইসলামিক বই ভান্ডার/আল হাদিস/Sahih Bukhari/Sahih Bukhari 2.pdf,13095652,12.5 MB,.pdf,2022-06-21 08:28:10
ইসলামিক বই ভান্ডার-20250116T055918Z-002/ইসলামিক বই ভান্ডার/আল হাদিস/Sahih Bukhari/Sahih Bukhari 3.pdf,10358483,9.9 MB,.pdf,2022-06-21 08:31:30
ইসলামিক বই ভান্ডার-20250116T055918Z-002/ইসলামিক বই ভান্ডার/আল হাদিস/Sahih Bukhari/Sahih Bukhari 4.pdf,12485989,11.9 MB,.pdf,2022-06-21 07:44:42
ইসলামিক বই ভান্ডার-20250116T055918Z-002/ইসলামিক বই ভান্ডার/আল হাদিস/Sahih Bukhari/Sahih Bukhari 5.pdf,12521838,11.9 MB,.pdf,2022-06-21 08:17:24
ইসলামিক বই ভান্ডার-20250116T055918Z-002/ইসলামিক বই ভান্ডার/আল হাদিস/Sahih Bukhari/Sahih Bukhari 6.pdf,16187621,15.4 MB,.pdf,2022-06-21 08:22:26
ইসলামিক বই ভান্ডার-20250116T055918Z-002/ইসলামিক বই ভান্ডার/আল হাদিস/Sahih Bukhari/Sahih Bukhari 7.pdf,14244864,13.6 MB,.pdf,2022-06-21 08:17:16
ইসলামিক বই ভান্ডার-20250116T055918Z-002/ইসলামিক বই ভান্ডার/আল হাদিস/Sahih Bukhari/Sahih Bukhari 8.pdf,10289152,9.8 MB,.pdf,2022-06-21 07:23:46
ইসলামিক বই ভান্ডার-20250116T055918Z-002/ইসলামিক বই ভান্ডার/আল হাদিস/Sahih Bukhari/Sahih Bukhari 9.pdf,22712816,21.7 MB,.pdf,2022-06-21 07:35:54
ইসলামিক বই ভান্ডার-20250116T055918Z-002/ইসলামিক বই ভান্ডার/আল হাদিস/Sahih Muslim Sharif/Sahih Muslim Sharif 1.pdf,11976111,11.4 MB,.pdf,2022-06-21 06:59:38
ইসলামিক বই ভান্ডার-20250116T055918Z-002/ইসলামিক বই ভান্ডার/আল হাদিস/Sahih Muslim Sharif/Sahih Muslim Sharif 2.pdf,15629878,14.9 MB,.pdf,2022-06-21 08:22:26
ইসলামিক বই ভান্ডার-20250116T055918Z-002/ইসলামিক বই ভান্ডার/আল হাদিস/Sahih Muslim Sharif/Sahih Muslim Sharif 3.pdf,14405604,13.7 MB,.pdf,2022-06-21 07:34:42
ইসলামিক বই ভান্ডার-20250116T055918Z-002/ইসলামিক বই ভান্ডার/আল হাদিস/Sahih Muslim Sharif/Sahih Muslim Sharif 4.pdf,13452784,12.8 MB,.pdf,2022-06-21 08:34:46
ইসলামিক বই ভান্ডার-20250116T055918Z-002/ইসলামিক বই ভান্ডার/আল হাদিস/Sahih Muslim Sharif/Sahih Muslim Sharif 5.pdf,12977971,12.4 MB,.pdf,2022-06-21 08:29:54
ইসলামিক বই ভান্ডার-20250116T055918Z-002/ইসলামিক বই ভান্ডার/আল হাদিস/Sahih Muslim Sharif/Sahih Muslim Sharif 6.pdf,16862491,16.1 MB,.pdf,2022-06-21 07:19:46
ইসলামিক বই ভান্ডার-20250116T055918Z-002/ইসলামিক বই ভান্ডার/আল হাদিস/Sahih Muslim Sharif/Sahih Muslim Sharif 7.pdf,16174038,15.4 MB,.pdf,2022-06-21 07:39:56
ইসলামিক বই ভান্ডার-20250116T055918Z-002/ইসলামিক বই ভান্ডার/আল হাদিস/Sunane aan Nasai/Sunan_An-Nasai_Part-1.pdf,14567009,13.9 MB,.pdf,2022-06-21 08:34:24
ইসলামিক বই ভান্ডার-20250116T055918Z-002/ইসলামিক বই ভান্ডার/আল হাদিস/Sunane aan Nasai/Sunan_An-Nasai_Part-2.pdf,22008929,21.0 MB,.pdf,2022-06-21 07:44:02
ইসলামিক বই ভান্ডার-20250116T055918Z-002/ইসলামিক বই ভান্ডার/আল হাদিস/Sunane aan Nasai/Sunan_An-Nasai_Part-3.pdf,64869339,61.9 MB,.pdf,2022-06-21 08:33:26
ইসলামিক বই ভান্ডার-20250116T055918Z-002/ইসলামিক বই ভান্ডার/আল হাদিস/Sunane aan Nasai/Sunan_An-Nasai_Part-4.pdf,57451303,54.8 MB,.pdf,2022-06-21 08:19:08
ইসলামিক বই ভান্ডার-20250116T055918Z-002/ইসলামিক বই ভান্ডার/আল হাদিস/Sunane aan Nasai E Se/Sunane aan Nasai E Se 1.pdf,12020124,11.5 MB,.pdf,2022-06-21 07:37:50
ইসলামিক বই ভান্ডার-20250116T055918Z-002/ইসলামিক বই ভান্ডার/আল হাদিস/Sunane aan Nasai E Se/Sunane aan Nasai E Se 2.pdf,12640602,12.1 MB,.pdf,2022-06-21 08:04:44
ইসলামিক বই ভান্ডার-20250116T055918Z-002/ইসলামিক বই ভান্ডার/আল হাদিস/Sunane aan Nasai E Se/Sunane aan Nasai E Se 3.pdf,12471729,11.9 MB,.pdf,2022-06-21 07:20:34
ইসলামিক বই ভান্ডার-20250116T055918Z-002/ইসলামিক বই ভান্ডার/আল হাদিস/Sunane Abu Daud E Fa - 1/Sunane Abu Daud E Fa - 1.pdf,17403590,16.6 MB,.pdf,2022-06-21 08:26:36
ইসলামিক বই ভান্ডার-20250116T055918Z-002/ইসলামিক বই ভান্ডার/আল হাদিস/Sunane Abu Daud E Fa - 1/Sunane Abu Daud E Fa - 2.pdf,15361916,14.7 MB,.pdf,2022-06-21 08:18:46
ইসলামিক বই ভান্ডার-20250116T055918Z-002/ইসলামিক বই ভান্ডার/আল হাদিস/Sunane Abu Daud E Fa - 1/Sunane Abu Daud E Fa - 3.pdf,15161798,14.5 MB,.pdf,2022-06-21 07:58:34
ইসলামিক বই ভান্ডার-20250116T055918Z-002/ইসলামিক বই ভান্ডার/আল হাদিস/Sunane Abu Daud E Fa - 1/Sunane Abu Daud E Fa - 4.pdf,17088806,16.3 MB,.pdf,2022-06-21 07:48:32
ইসলামিক বই ভান্ডার-20250116T055918Z-002/ইসলামিক বই ভান্ডার/আল হাদিস/Sunane Abu Daud E S/Sunane Abu Daud E S 1.pdf,11385054,10.9 MB,.pdf,2022-06-21 08:31:12
ইসলামিক বই ভান্ডার-20250116T055918Z-002/ইসলামিক বই ভান্ডার/আল হাদিস/Sunane Abu Daud E S/Sunane Abu Daud E S 2.pdf,15881469,15.1 MB,.pdf,2022-06-21 08:25:38
ইসলামিক বই ভান্ডার-20250116T055918Z-002/ইসলামিক বই ভান্ডার/আল হাদিস/Sunane Abu Daud E S/Sunane Abu Daud E S 3.pdf,12492497,11.9 MB,.pdf,2022-06-21 08:17:24
ইসলামিক বই ভান্ডার-20250116T055918Z-002/ইসলামিক বই ভান্ডার/আল হাদিস/Sunane Abu Daud E S/Sunane Abu Daud E S 4.pdf,15782883,15.1 MB,.pdf,2022-06-21 07:16:54
ইসলামিক বই ভান্ডার-20250116T055918Z-002/ইসলামিক বই ভান্ডার/আল হাদিস/Sunane Abu Daud E S/Sunane Abu Daud E S 5.pdf,12388370,11.8 MB,.pdf,2022-06-21 07:12:56
ইসলামিক বই ভান্ডার-20250116T055918Z-002/ইসলামিক বই ভান্ডার/আল হাদিস/Sunane Abu Daud E S/Sunane Abu Daud E S 6.pdf,16716187,15.9 MB,.pdf,2022-06-21 07:12:34
ইসলামিক বই ভান্ডার-20250116T055918Z-002/ইসলামিক বই ভান্ডার/আল হাদিস/Sunane Ibne Majah Aa Pro/Sunane Ibne Majah 1.pdf,14019229,13.4 MB,.pdf,2022-06-21 08:17:04
ইসলামিক বই ভান্ডার-20250116T055918Z-002/ইসলামিক বই ভান্ডার/আল হাদিস/Sunane Ibne Majah Aa Pro/Sunane Ibne Majah 4.pdf,13632809,13.0 MB,.pdf,2022-06-21 08:32:14
ইসলামিক বই ভান্ডার-20250116T055918Z-002/ইসলামিক বই ভান্ডার/আল হাদিস/Zaal O Zoef Hadis/Zaal O Zoef Hadis 1.pdf,8799023,8.4 MB,.pdf,2022-06-21 08:17:02
ইসলামিক বই ভান্ডার-20250116T055918Z-002/ইসলামিক বই ভান্ডার/আল হাদিস/Zaal O Zoef Hadis/Zaal O Zoef Hadis 2.pdf,7033986,6.7 MB,.pdf,2022-06-21 07:22:40
ইসলামিক বই ভান্ডার-20250116T055918Z-002/ইসলামিক বই ভান্ডার/আল হাদিস/দারসে হাদীস/দারসে হাদীস (ভলিউম-১) _খঃরঃমমিন.pdf,5869524,5.6 MB,.pdf,2022-06-21 08:33:46
ইসলামিক বই ভান্ডার-20250116T055918Z-002/ইসলামিক বই ভান্ডার/আল হাদিস/দারসে হাদীস/দারসে হাদীস (ভলিউম-২) __খঃরঃমমিন.pdf,4591512,4.4 MB,.pdf,2022-06-21 07:47:38
ইসলামিক বই ভান্ডার-20250116T055918Z-002/ইসলামিক বই ভান্ডার/আল হাদিস/দারসে হাদীস/দারসে হাদীস - ২য় খন্ড _আঃমতিন.pdf,3930854,3.7 MB,.pdf,2022-06-21 07:46:08
ইসলামিক বই ভান্ডার-20250116T055918Z-002/ইসলামিক বই ভান্ডার/আল হাদিস/দারসে হাদীস/দারসে হাদীস -১ম খন্ড _হাঃপারভিন.pdf,4187396,4.0 MB,.pdf,2022-06-21 07:49:16
ইসলামিক বই ভান্ডার-20250116T055918Z-002/ইসলামিক বই ভান্ডার/আল হাদিস/দারসে হাদীস/দারসে হাদীস -২য় খন্ড _হাঃপারভিন.pdf,4208803,4.0 MB,.pdf,2022-06-21 07:49:18
ইসলামিক বই ভান্ডার-20250116T055918Z-002/ইসলামিক বই ভান্ডার/ইসলামিক ইতিহাস/Book New folder/আয়েশা রা. সম্পর্কে ১৫০ টি শিক্ষণীয় ঘটনা.pdf,3638328,3.5 MB,.pdf,2022-06-21 06:49:30
ইসলামিক বই ভান্ডার-20250116T055918Z-002/ইসলামিক বই ভান্ডার/ইসলামিক ইতিহাস/Book New folder/কোরআন হাদীস সংকলনের ইতিহাস.pdf,4684734,4.5 MB,.pdf,2022-06-21 06:52:30
ইসলামিক বই ভান্ডার-20250116T055918Z-002/ইসলামিক বই ভান্ডার/ইসলামিক ইতিহাস/জীবনি/Abdullah Bin Baj (rah).pdf,382466,373.5 KB,.pdf,2022-06-21 07:14:16
ইসলামিক বই ভান্ডার-20250116T055918Z-002/ইসলামিক বই ভান্ডার/ইসলামিক ইতিহাস/জীবনি/Imam Bukhari (rah).pdf,451204,440.6 KB,.pdf,2022-06-21 07:18:46
ইসলামিক বই ভান্ডার-20250116T055918Z-002/ইসলামিক বই ভান্ডার/ইসলামিক ইতিহাস/জীবনি/Imam Tirmidhi (rah).pdf,757453,739.7 KB,.pdf,2022-06-21 08:22:36
ইসলামিক বই ভান্ডার-20250116T055918Z-002/ইসলামিক বই ভান্ডার/ইসলামিক ইতিহাস/জীবনি/MaulanaAhmadAliBySheikhAkhterHosain.pdf,530409,518.0 KB,.pdf,2022-06-21 07:18:46
ইসলামিক বই ভান্ডার-20250116T055918Z-002/ইসলামিক বই ভান্ডার/ইসলামিক ইতিহাস/জীবনি/Mia Nazir Hussain Delovi.pdf,280784,274.2 KB,.pdf,2022-06-21 07:14:16
ইসলামিক বই ভান্ডার-20250116T055918Z-002/ইসলামিক বই ভান্ডার/ইসলামিক ইতিহাস/জীবনি/Shah Waliullah Dehlovi.pdf,787423,769.0 KB,.pdf,2022-06-21 07:51:02
ইসলামিক বই ভান্ডার-20250116T055918Z-002/ইসলামিক বই ভান্ডার/ইসলামিক ইতিহাস/জীবনি/Shaikh-Salih-Al-Fawzan.pdf,212890,207.9 KB,.pdf,2022-06-21 07:14:16
ইসলামিক বই ভান্ডার-20250116T055918Z-002/ইসলামিক বই ভান্ডার/ইসলামিক ইতিহাস/জীবনি/তিতুমীর.pdf,503427,491.6 KB,.pdf,2022-06-21 07:18:46
ইসলামিক বই ভান্ডার-20250116T055918Z-002/ইসলামিক বই ভান্ডার/ইসলামিক সাহিত্য/New book 1/Dr zakir nayak/আহাম্মদ দিদার এর বই.pdf,7043471,6.7 MB,.pdf,2022-06-21 07:22:40
ইসলামিক বই ভান্ডার-20250116T055918Z-002/ইসলামিক বই ভান্ডার/ইসলামিক সাহিত্য/New book 1/Dr zakir nayak/চাঁদ ও কোরআন.pdf,1102919,1.1 MB,.pdf,2022-06-21 07:10:34
ইসলামিক বই ভান্ডার-20250116T055918Z-002/ইসলামিক বই ভান্ডার/ইসলামিক সাহিত্য/New book 1/Dr zakir nayak/ড. বেলাল ফিলিপস লেকচার সমগ্র - ১.pdf,11487897,11.0 MB,.pdf,2022-06-21 08:33:14
ইসলামিক বই ভান্ডার-20250116T055918Z-002/ইসলামিক বই ভান্ডার/ইসলামিক সাহিত্য/New book 1/Dr zakir nayak/ডা. জাকির নায়েক ও আমরা.pdf,3770063,3.6 MB,.pdf,2022-06-21 08:25:18
ইসলামিক বই ভান্ডার-20250116T055918Z-002/ইসলামিক বই ভান্ডার/ইসলামিক সাহিত্য/New book 1/Dr zakir nayak/ডা. জাকির নায়েক লেকচার সমগ্র - ১.pdf,18975562,18.1 MB,.pdf,2022-06-21 08:30:42
ইসলামিক বই ভান্ডার-20250116T055918Z-002/ইসলামিক বই ভান্ডার/ইসলামিক সাহিত্য/New book 1/Dr zakir nayak/ডা. জাকির নায়েক লেকচার সমগ্র উম্মুক্ত প্রশ্নোত্তরসহ.pdf,39622696,37.8 MB,.pdf,2022-06-21 08:17:16
ইসলামিক বই ভান্ডার-20250116T055918Z-002/ইসলামিক বই ভান্ডার/ইসলামিক সাহিত্য/New book 1/আল কুরআনে নারী/আল কুরআনে নারী - ১ম খন্ড.pdf,4688193,4.5 MB,.pdf,2022-06-21 08:17:02
ইসলামিক বই ভান্ডার-20250116T055918Z-002/ইসলামিক বই ভান্ডার/ইসলামিক সাহিত্য/New book 1/আল কুরআনে নারী/আল কুরআনে নারী - ২য় খন্ড.pdf,7193982,6.9 MB,.pdf,2022-06-21 07:45:18
ইসলামিক বই ভান্ডার-20250116T055918Z-002/ইসলামিক বই ভান্ডার/ইসলামিক সাহিত্য/New book 1/আল্লামা সাঈদী রচনাবলী/আল্লামা সাঈদী রচনাবলী - ১ম খন্ড.pdf,10983967,10.5 MB,.pdf,2022-06-21 08:27:38
ইসলামিক বই ভান্ডার-20250116T055918Z-002/ইসলামিক বই ভান্ডার/ইসলামিক সাহিত্য/New book 1/আল্লামা সাঈদী রচনাবলী/আল্লামা সাঈদী রচনাবলী - ২য় খন্ড.pdf,12163176,11.6 MB,.pdf,2022-06-21 07:44:58
ইসলামিক বই ভান্ডার-20250116T055918Z-002/ইসলামিক বই ভান্ডার/ইসলামিক সাহিত্য/New book 1/আশরাফুল জওয়াব/আশরাফুল জওয়াব (1).pdf,3468907,3.3 MB,.pdf,2022-06-21 08:27:36
ইসলামিক বই ভান্ডার-20250116T055918Z-002/ইসলামিক বই ভান্ডার/ইসলামিক সাহিত্য/New book 1/আশরাফুল জওয়াব/আশরাফুল জওয়াব (2).pdf,3574570,3.4 MB,.pdf,2022-06-21 07:10:54
ইসলামিক বই ভান্ডার-20250116T055918Z-002/ইসলামিক বই ভান্ডার/ইসলামিক সাহিত্য/New book 1/আশরাফুল জওয়াভ - মাওলানা আশরাফ আলী থানভী(র)/ExcellentBrilliantAnswers-MaulanaAshrafAliThanviPart1.pdf,3468907,3.3 MB,.pdf,2022-06-21 06:54:54
ইসলামিক বই ভান্ডার-20250116T055918Z-002/ইসলামিক বই ভান্ডার/ইসলামিক সাহিত্য/New book 1/আশরাফুল জওয়াভ - মাওলানা আশরাফ আলী থানভী(র)/ExcellentBrilliantAnswers-MaulanaAshrafAliThanviPart2.pdf,3574570,3.4 MB,.pdf,2022-06-21 07:09:20
ইসলামিক বই ভান্ডার-20250116T055918Z-002/ইসলামিক বই ভান্ডার/ইসলামিক সাহিত্য/New book 1/আশরাফুল জওয়াভ - মাওলানা আশরাফ আলী থানভী(র)/ExcellentBrilliantAnswers-MaulanaAshrafAliThanviPart3.pdf,3569651,3.4 MB,.pdf,2022-06-21 07:44:58
ইসলামিক বই ভান্ডার-20250116T055918Z-002/ইসলামিক বই ভান্ডার/ইসলামিক সাহিত্য/New book 1/ইসলামি আকিদা/ইসলামি আকিদা ১.pdf,4829250,4.6 MB,.pdf,2022-06-21 08:33:46
ইসলামিক বই ভান্ডার-20250116T055918Z-002/ইসলামিক বই ভান্ডার/ইসলামিক সাহিত্য/New book 1/ইসলামি আকিদা/ইসলামি আকিদা ২.pdf,7674860,7.3 MB,.pdf,2022-06-21 08:25:18
ইসলামিক বই ভান্ডার-20250116T055918Z-002/ইসলামিক বই ভান্ডার/ইসলামিক সাহিত্য/New book 1/ইসলামি আকিদা/ইসলামি আকিদা ৩.pdf,10322140,9.8 MB,.pdf,2022-06-21 08:31:50
ইসলামিক বই ভান্ডার-20250116T055918Z-002/ইসলামিক বই ভান্ডার/ইসলামিক সাহিত্য/New book 1/কে সে জন/কে সে জন ১.pdf,4531805,4.3 MB,.pdf,2022-06-21 08:31:20
ইসলামিক বই ভান্ডার-20250116T055918Z-002/ইসলামিক বই ভান্ডার/ইসলামিক সাহিত্য/New book 1/কে সে জন/কে সে জন ২.pdf,3589756,3.4 MB,.pdf,2022-06-21 07:09:30
ইসলামিক বই ভান্ডার-20250116T055918Z-002/ইসলামিক বই ভান্ডার/ইসলামিক সাহিত্য/New book 1/খাসায়েসুল কুবরা/KhasayesulQubura-AllamaJalaluddinShuyutiRA-V1-IntroAndPage-0-81.pdf,3602006,3.4 MB,.pdf,2022-06-21 07:46:36
ইসলামিক বই ভান্ডার-20250116T055918Z-002/ইসলামিক বই ভান্ডার/ইসলামিক সাহিত্য/New book 1/খাসায়েসুল কুবরা/KhasayesulQubura-AllamaJalaluddinShuyutiRA-V1-Page-170-257.pdf,3960769,3.8 MB,.pdf,2022-06-21 07:44:02
ইসলামিক বই ভান্ডার-20250116T055918Z-002/ইসলামিক বই ভান্ডার/ইসলামিক সাহিত্য/New book 1/খাসায়েসুল কুবরা/KhasayesulQubura-AllamaJalaluddinShuyutiRA-V1-Page-258-345.pdf,4073414,3.9 MB,.pdf,2022-06-21 07:22:14
ইসলামিক বই ভান্ডার-20250116T055918Z-002/ইসলামিক বই ভান্ডার/ইসলামিক সাহিত্য/New book 1/খাসায়েসুল কুবরা/KhasayesulQubura-AllamaJalaluddinShuyutiRA-V1-Page-346-433.pdf,3840385,3.7 MB,.pdf,2022-06-21 07:50:58
ইসলামিক বই ভান্ডার-20250116T055918Z-002/ইসলামিক বই ভান্ডার/ইসলামিক সাহিত্য/New book 1/খাসায়েসুল কুবরা/KhasayesulQubura-AllamaJalaluddinShuyutiRA-V1-Page-434-520-End.pdf,3687885,3.5 MB,.pdf,2022-06-21 07:24:32
ইসলামিক বই ভান্ডার-20250116T055918Z-002/ইসলামিক বই ভান্ডার/ইসলামিক সাহিত্য/New book 1/খাসায়েসুল কুবরা/KhasayesulQubura-AllamaJalaluddinShuyutiRA-V1-Page-82-169.pdf,3550743,3.4 MB,.pdf,2022-06-21 07:44:58
ইসলামিক বই ভান্ডার-20250116T055918Z-002/ইসলামিক বই ভান্ডার/ইসলামিক সাহিত্য/New book 1/খাসায়েসুল কুবরা/KhasayesulQubura-AllamaJalaluddinShuyutiRA-V2-Page-90-189.pdf,3485698,3.3 MB,.pdf,2022-06-21 07:12:00
ইসলামিক বই ভান্ডার-20250116T055918Z-002/ইসলামিক বই ভান্ডার/ইসলামিক সাহিত্য/New book 1/খোতবাতুল আহকাম/KhutbatulAhkam-Page0-80-MaulanaAshrafAliThanvi.pdf,2812315,2.7 MB,.pdf,2022-06-21 07:17:50
ইসলামিক বই ভান্ডার-20250116T055918Z-002/ইসলামিক বই ভান্ডার/ইসলামিক সাহিত্য/New book 1/খোতবাতুল আহকাম/KhutbatulAhkam-Page161-228-MaulanaAshrafAliThanvi.pdf,2086937,2.0 MB,.pdf,2022-06-21 07:02:18
ইসলামিক বই ভান্ডার-20250116T055918Z-002/ইসলামিক বই ভান্ডার/ইসলামিক সাহিত্য/New book 1/খোতবাতুল আহকাম/KhutbatulAhkam-Page81-160-MaulanaAshrafAliThanvi.pdf,2409634,2.3 MB,.pdf,2022-06-21 07:08:16
ইসলামিক বই ভান্ডার-20250116T055918Z-002/ইসলামিক বই ভান্ডার/ইসলামিক সাহিত্য/New book 1/গাফেলদের জন্য সতর্কতা/গাফেলদের জন্য সতর্কতা  ১.pdf,5290738,5.0 MB,.pdf,2022-06-21 06:55:48
ইসলামিক বই ভান্ডার-20250116T055918Z-002/ইসলামিক বই ভান্ডার/ইসলামিক সাহিত্য/New book 1/গাফেলদের জন্য সতর্কতা/গাফেলদের জন্য সতর্কতা  ২.pdf,5133336,4.9 MB,.pdf,2022-06-21 07:36:12
ইসলামিক বই ভান্ডার-20250116T055918Z-002/ইসলামিক বই ভান্ডার/ইসলামিক সাহিত্য/New book 1/জিন জাতির কাহানি/জিন জাতির কাহানি ১.pdf,3232435,3.1 MB,.pdf,2022-06-21 08:05:48
ইসলামিক বই ভান্ডার-20250116T055918Z-002/ইসলামিক বই ভান্ডার/ইসলামিক সাহিত্য/New book 1/জিন জাতির কাহানি/জিন জাতির কাহানি ২.pdf,3627823,3.5 MB,.pdf,2022-06-21 07:36:22
ইসলামিক বই ভান্ডার-20250116T055918Z-002/ইসলামিক বই ভান্ডার/ইসলামিক সাহিত্য/New book 1/জিন জাতির কাহানি/জিন জাতির কাহানি ৩.pdf,3440303,3.3 MB,.pdf,2022-06-21 07:57:40
ইসলামিক বই ভান্ডার-20250116T055918Z-002/ইসলামিক বই ভান্ডার/ইসলামিক সাহিত্য/New book 1/জ্বিন জাতির বিস্ময়কর ইতিহাস/JIN-NationsExtraordinaryHistory-Part1-AllamaJalaluddinSuyuti.pdf,3232435,3.1 MB,.pdf,2022-06-21 08:05:46
ইসলামিক বই ভান্ডার-20250116T055918Z-002/ইসলামিক বই ভান্ডার/ইসলামিক সাহিত্য/New book 1/জ্বিন জাতির বিস্ময়কর ইতিহাস/JIN-NationsExtraordinaryHistory-Part2-AllamaJalaluddinSuyuti.pdf,3627823,3.5 MB,.pdf,2022-06-21 07:36:22
ইসলামিক বই ভান্ডার-20250116T055918Z-002/ইসলামিক বই ভান্ডার/ইসলামিক সাহিত্য/New book 1/জ্বিন জাতির বিস্ময়কর ইতিহাস/JIN-NationsExtraordinaryHistory-Part3-AllamaJalaluddinSuyuti.pdf,3440303,3.3 MB,.pdf,2022-06-21 07:57:40
ইসলামিক বই ভান্ডার-20250116T055918Z-002/ইসলামিক বই ভান্ডার/ইসলামিক সাহিত্য/New book 1/পশু পাখীর গল্প/পশু পাখীর গল্প - ২.pdf,2079834,2.0 MB,.pdf,2022-06-21 07:02:16
ইসলামিক বই ভান্ডার-20250116T055918Z-002/ইসলামিক বই ভান্ডার/ইসলামিক সাহিত্য/New book 1/ফাজায়েলে তাওবা/BenefitOfTawbaAndListOfSins-MaulanaAshekElahiRA-IntroAndPage-0-131.pdf,3904743,3.7 MB,.pdf,2022-06-21 07:03:10
ইসলামিক বই ভান্ডার-20250116T055918Z-002/ইসলামিক বই ভান্ডার/ইসলামিক সাহিত্য/New book 1/ফাজায়েলে তাওবা/BenefitOfTawbaAndListOfSins-MaulanaAshekElahiRA-Page-132-272.pdf,4060346,3.9 MB,.pdf,2022-06-21 07:10:04
ইসলামিক বই ভান্ডার-20250116T055918Z-002/ইসলামিক বই ভান্ডার/ইসলামিক সাহিত্য/New book 1/মরনের পর কি হবে/১.pdf,6631985,6.3 MB,.pdf,2022-06-21 07:51:16
ইসলামিক বই ভান্ডার-20250116T055918Z-002/ইসলামিক বই ভান্ডার/ইসলামিক সাহিত্য/New book 1/মরনের পর কি হবে/২.pdf,7194881,6.9 MB,.pdf,2022-06-21 07:45:16
ইসলামিক বই ভান্ডার-20250116T055918Z-002/ইসলামিক বই ভান্ডার/ইসলামিক সাহিত্য/New book 1/রাসূলুল্লাহ (সাঃ)-এর নামায ও মাসআলা/NamazOfRasulullahSAWS-LessonOfRulesPart2.pdf,3045107,2.9 MB,.pdf,2022-06-21 07:43:28
ইসলামিক বই ভান্ডার-20250116T055918Z-002/ইসলামিক বই ভান্ডার/ইসলামিক সাহিত্য/New book 2/আরবী সকল ভাষার জননী.pdf,1552264,1.5 MB,.pdf,2022-06-21 08:23:56
ইসলামিক বই ভান্ডার-20250116T055918Z-002/ইসলামিক বই ভান্ডার/ইসলামিক সাহিত্য/New book 2/আল কোরআন শিক্ষা পদ্ধতি.pdf,2769988,2.6 MB,.pdf,2022-06-21 08:34:54
ইসলামিক বই ভান্ডার-20250116T055918Z-002/ইসলামিক বই ভান্ডার/ইসলামিক সাহিত্য/New book 2/আল্লাহর পথে যাত্রা.pdf,788992,770.5 KB,.pdf,2022-06-21 07:51:02
ইসলামিক বই ভান্ডার-20250116T055918Z-002/ইসলামিক বই ভান্ডার/ইসলামিক সাহিত্য/New book 2/ইছালাহুল মুসলিমীন.pdf,3359820,3.2 MB,.pdf,2022-06-21 07:01:32
ইসলামিক বই ভান্ডার-20250116T055918Z-002/ইসলামিক বই ভান্ডার/ইসলামিক সাহিত্য/New book 2/ইরাক যুদ্ধ মানবতার কান্না.pdf,2538387,2.4 MB,.pdf,2022-06-21 08:10:20
ইসলামিক বই ভান্ডার-20250116T055918Z-002/ইসলামিক বই ভান্ডার/ইসলামিক সাহিত্য/New book 2/ইসমুত তাফসীর.pdf,2718623,2.6 MB,.pdf,2022-06-21 08:34:48
ইসলামিক বই ভান্ডার-20250116T055918Z-002/ইসলামিক বই ভান্ডার/ইসলামিক সাহিত্য/New book 2/ইসলাম ও গণতন্ত্র.pdf,592035,578.2 KB,.pdf,2022-06-21 08:22:36
ইসলামিক বই ভান্ডার-20250116T055918Z-002/ইসলামিক বই ভান্ডার/ইসলামিক সাহিত্য/New book 2/ইসলাম ও বিজ্ঞান.pdf,633638,618.8 KB,.pdf,2022-06-21 08:22:36
ইসলামিক বই ভান্ডার-20250116T055918Z-002/ইসলামিক বই ভান্ডার/ইসলামিক সাহিত্য/New book 2/ইসলাম ও শারিয়া.pdf,1177657,1.1 MB,.pdf,2022-06-21 07:46:52
ইসলামিক বই ভান্ডার-20250116T055918Z-002/ইসলামিক বই ভান্ডার/ইসলামিক সাহিত্য/New book 2/ইসলামী রাষ্ট্রে অমুসলিমদের অধিকার- ইসলামী রাষ্ট্রে অমুসলিমদের অধিকার.pdf,1453908,1.4 MB,.pdf,2022-06-21 07:19:46
ইসলামিক বই ভান্ডার-20250116T055918Z-002/ইসলামিক বই ভান্ডার/ইসলামিক সাহিত্য/New book 2/ইসলামী সভ্যতা বনাম পাশ্চাত্য সভ্যতা.pdf,1124769,1.1 MB,.pdf,2022-06-21 07:46:52
ইসলামিক বই ভান্ডার-20250116T055918Z-002/ইসলামিক বই ভান্ডার/ইসলামিক সাহিত্য/New book 2/কাফন-দাফন-জানাযা.pdf,1664387,1.6 MB,.pdf,2022-06-21 07:06:42
ইসলামিক বই ভান্ডার-20250116T055918Z-002/ইসলামিক বই ভান্ডার/ইসলামিক সাহিত্য/New book 2/জামায়াতে ইসলামীর ৫০ বছর.pdf,1540580,1.5 MB,.pdf,2022-06-21 08:23:56
ইসলামিক বই ভান্ডার-20250116T055918Z-002/ইসলামিক বই ভান্ডার/ইসলামিক সাহিত্য/New book 2/জাযাউল আমাল.pdf,2852091,2.7 MB,.pdf,2022-06-21 07:45:16
ইসলামিক বই ভান্ডার-20250116T055918Z-002/ইসলামিক বই ভান্ডার/ইসলামিক সাহিত্য/New book 2/জীবনের শেষ দিন.pdf,1183050,1.1 MB,.pdf,2022-06-21 07:46:52
ইসলামিক বই ভান্ডার-20250116T055918Z-002/ইসলামিক বই ভান্ডার/ইসলামিক সাহিত্য/New book 2/তাজবীদ শিক্ষা.pdf,659997,644.5 KB,.pdf,2022-06-21 08:22:36
ইসলামিক বই ভান্ডার-20250116T055918Z-002/ইসলামিক বই ভান্ডার/ইসলামিক সাহিত্য/New book 2/দোয়ায়ে মাছনুন.pdf,2763666,2.6 MB,.pdf,2022-06-21 08:34:54
ইসলামিক বই ভান্ডার-20250116T055918Z-002/ইসলামিক বই ভান্ডার/ইসলামিক সাহিত্য/New book 2/নামাজের দোয়া বা জিকর্.pdf,661813,646.3 KB,.pdf,2022-06-21 08:22:36
ইসলামিক বই ভান্ডার-20250116T055918Z-002/ইসলামিক বই ভান্ডার/ইসলামিক সাহিত্য/New book 2/নূরনবী.pdf,1751050,1.7 MB,.pdf,2022-06-21 08:34:46
ইসলামিক বই ভান্ডার-20250116T055918Z-002/ইসলামিক বই ভান্ডার/ইসলামিক সাহিত্য/New book 2/পর্দা একটি বাস্তব প্রয়োজন.pdf,1893845,1.8 MB,.pdf,2022-06-21 07:36:24
ইসলামিক বই ভান্ডার-20250116T055918Z-002/ইসলামিক বই ভান্ডার/ইসলামিক সাহিত্য/New book 2/পিতা মাতার ১৪ অধিকার.pdf,96866,94.6 KB,.pdf,2022-06-21 07:14:16
ইসলামিক বই ভান্ডার-20250116T055918Z-002/ইসলামিক বই ভান্ডার/ইসলামিক সাহিত্য/New book 2/পুরুষের পর্দা ও নারীর পর্দা.pdf,1233982,1.2 MB,.pdf,2022-06-21 07:18:46
ইসলামিক বই ভান্ডার-20250116T055918Z-002/ইসলামিক বই ভান্ডার/ইসলামিক সাহিত্য/New book 2/বইঃ ইকামাতুস সালাত.pdf,113212,110.6 KB,.pdf,2022-06-21 07:14:16
ইসলামিক বই ভান্ডার-20250116T055918Z-002/ইসলামিক বই ভান্ডার/ইসলামিক সাহিত্য/New book 2/বাংলার ফকির বিদ্রোহ.pdf,465681,454.8 KB,.pdf,2022-06-21 07:18:46
ইসলামিক বই ভান্ডার-20250116T055918Z-002/ইসলামিক বই ভান্ডার/ইসলামিক সাহিত্য/New book 2/মালফুজাত.pdf,3477110,3.3 MB,.pdf,2022-06-21 08:27:26
ইসলামিক বই ভান্ডার-20250116T055918Z-002/ইসলামিক বই ভান্ডার/ইসলামিক সাহিত্য/New book 2/মিশকাতুল আনোয়ার.pdf,2078293,2.0 MB,.pdf,2022-06-21 07:34:00
ইসলামিক বই ভান্ডার-20250116T055918Z-002/ইসলামিক বই ভান্ডার/ইসলামিক সাহিত্য/New book 2/মুসলিম বিশ্বে ইহুদিদের চক্রান্ত.pdf,1565869,1.5 MB,.pdf,2022-06-21 08:33:14
ইসলামিক বই ভান্ডার-20250116T055918Z-002/ইসলামিক বই ভান্ডার/মোটিভেশন বুকস/Bangla Motivational Book [PDF]/Bangla Motivational Book [PDF]/The 5 Second Rule by Mel Robbins.pdf,2580082,2.5 MB,.pdf,2022-09-13 22:28:16
জোতিষ বিদ্যা-20250115T170417Z-001/জোতিষ বিদ্যা/অধ্যাত্ম-জ্যোতিষ.pdf,9128436,8.7 MB,.pdf,2024-06-18 12:29:26
জোতিষ বিদ্যা-20250115T170417Z-001/জোতিষ বিদ্যা/কোষ্ঠী-দেখা.pdf,10691701,10.2 MB,.pdf,2024-06-18 12:29:30
জোতিষ বিদ্যা-20250115T170417Z-001/জোতিষ বিদ্যা/গণিত-জ্যোতিষ.pdf,17140786,16.3 MB,.pdf,2024-06-18 12:29:26
জোতিষ বিদ্যা-20250115T170417Z-001/জোতিষ বিদ্যা/জ্যোতিক বিজ্ঞান.pdf,8056933,7.7 MB,.pdf,2024-06-18 12:29:34
জোতিষ বিদ্যা-20250115T170417Z-001/জোতিষ বিদ্যা/জ্যোতিষ প্রভাকর.pdf,31425773,30.0 MB,.pdf,2024-06-18 12:29:10
জোতিষ বিদ্যা-20250115T170417Z-001/জোতিষ বিদ্যা/জ্যোতিষ যোগ-তত্ত্ব.pdf,11096438,10.6 MB,.pdf,2024-06-18 12:29:32
জোতিষ বিদ্যা-20250115T170417Z-001/জোতিষ বিদ্যা/জ্যোতিষ সোপান.pdf,3792847,3.6 MB,.pdf,2024-06-18 12:29:22
জোতিষ বিদ্যা-20250115T170417Z-001/জোতিষ বিদ্যা/জ্যোতিষ-রত্নাকর.pdf,21141254,20.2 MB,.pdf,2024-06-18 12:29:22
জোতিষ বিদ্যা-20250115T170417Z-001/জোতিষ বিদ্যা/ফলিত জ্যোতিষ [খণ্ড-2].pdf,44176240,42.1 MB,.pdf,2024-06-18 12:29:16
জোতিষ বিদ্যা-20250115T170417Z-001/জোতিষ বিদ্যা/ফলিত জ্যোতিষ [খণ্ড-১].pdf,32271069,30.8 MB,.pdf,2024-06-18 12:29:20
জোতিষ বিদ্যা-20250115T170417Z-001/জোতিষ বিদ্যা/বাস্তু বিচার.pdf,7088090,6.8 MB,.pdf,2024-06-18 12:29:14
জোতিষ বিদ্যা-20250115T170417Z-001/জোতিষ বিদ্যা/সরল জ্যোতিষ.pdf,6060756,5.8 MB,.pdf,2024-06-18 12:29:16
জোতিষ বিদ্যা-20250115T170417Z-001/জোতিষ বিদ্যা/সামুদ্রিক রেখাদি-বিচার.pdf,7669350,7.3 MB,.pdf,2024-06-18 12:29:14
জোতিষ বিদ্যা-20250115T170417Z-001/জোতিষ বিদ্যা/হস্তরেখা বিচার.pdf,5113661,4.9 MB,.pdf,2024-06-18 12:29:14
ABNORMAL PSYCHOLOGY/David H. Barlow_ V. Mark Durand - Abnormal Psychology_ An Integrative Approach- 8th (2017).pdf,212018198,202.2 MB,.pdf,2020-02-23 07:32:02
ABNORMAL PSYCHOLOGY/DSM 5 Comparison Chart.pdf,142159,138.8 KB,.pdf,2020-02-23 07:32:18
ABNORMAL PSYCHOLOGY/dsm-5-overview.pdf,1566387,1.5 MB,.pdf,2020-02-23 07:33:20
ABNORMAL PSYCHOLOGY/Changes-From-DSM-IV-TR-to-DSM-5.pdf,412275,402.6 KB,.pdf,2020-02-23 07:23:40
ABNORMAL PSYCHOLOGY/dsm-5 insanely simplified unlocking the spectrums within dsm-5 and icd-10 by steven buser leonard cruz luke sloan.pdf,3351744,3.2 MB,.pdf,2020-03-07 05:21:56
ABNORMAL PSYCHOLOGY/Butcher. Abnormal Psychology 14th Edition.pdf,1233,1.2 KB,.pdf,2020-02-25 06:44:34
ABNORMAL PSYCHOLOGY/DSM-5 Essentials The Savvy Clinicians Guide to the Changes in Criteria by Lourie W. Reichenberg.pdf,5954370,5.7 MB,.pdf,2020-03-07 04:57:24
ABNORMAL PSYCHOLOGY/DSM-5TM-Handbook-of-Differential-Diagnosis.pdf,1133623,1.1 MB,.pdf,2021-02-27 05:23:26
ABNORMAL PSYCHOLOGY/Oltmann. Case Studies in Abnormal Psychology 9th Edition.pdf,1916880,1.8 MB,.pdf,2020-02-25 06:46:24
ABNORMAL PSYCHOLOGY/Ethan E. Gorenstein - Case Studies in Abnormal Psychology. 2-Worth Publishers (2015).pdf,3480341,3.3 MB,.pdf,2020-02-23 07:33:46
ABNORMAL PSYCHOLOGY/DSM Self Exam Question.pdf,1749104,1.7 MB,.pdf,2020-02-22 15:33:16
"ABNORMAL PSYCHOLOGY/David_Sue, Derald Wing Sue, Diane M. Sue Essentials of Understanding Abnormal Behavior 2017.pdf",41169998,39.3 MB,.pdf,2020-03-07 05:59:26
"ABNORMAL PSYCHOLOGY/James Morrison - DSM-5 Made Easy, The Clinician’s Guide to Diagnosis.pdf",3665144,3.5 MB,.pdf,2020-02-23 07:33:52
ABNORMAL PSYCHOLOGY/Abnormal Psychology in a Changing World (9th Edition).pdf,43916200,41.9 MB,.pdf,2020-02-27 21:16:04
"ABNORMAL PSYCHOLOGY/Thomas F. Oltmann, Robert E. Emery Abnormal Psychology 8th ed 2015.pdf",34071832,32.5 MB,.pdf,2020-03-07 04:49:14
"ABNORMAL PSYCHOLOGY/Nevid J.S., Rathus S.A., Greene B. Abnormal Psychology in a Changing World.pdf",82586771,78.8 MB,.pdf,2020-03-07 05:00:06
ABNORMAL PSYCHOLOGY/Christopher A. Kearney_ Timothy J. Trull Abnormal Psychology and Everyday Life.pdf,39281450,37.5 MB,.pdf,2020-03-07 06:01:06
"ABNORMAL PSYCHOLOGY/David Sue, Derald Wing Sue, Diane Sue, Stanley Sue - Understanding Abnormal Behavior 2016 11th ed.pdf",41176336,39.3 MB,.pdf,2020-03-25 04:27:24
"ABNORMAL PSYCHOLOGY/Whitbourne, Susan Krauss Abnormal psychology 2017.pdf",106159283,101.2 MB,.pdf,2020-03-07 04:52:14
"ABNORMAL PSYCHOLOGY/OLTMANNS Abnormal Psychology, Global Edition 8th 2015.pdf",31913661,30.4 MB,.pdf,2020-03-07 05:01:12
ABNORMAL PSYCHOLOGY/DSM 5.pdf,32014281,30.5 MB,.pdf,2020-02-23 07:33:06
ABNORMAL PSYCHOLOGY/Synopsis of Psychiatry 10th.pdf,47156285,45.0 MB,.pdf,2020-02-25 06:53:02
ABNORMAL PSYCHOLOGY/Abnormal psychology an integrative approach Barlow and Durand 6th.pdf,33525588,32.0 MB,.pdf,2020-02-27 03:48:06
"ABNORMAL PSYCHOLOGY/Abnormal Psychology, 7th Edition-Thomas F. Oltmanns, Robert E. Emery-0205037437-Person-2012-6.pdf",37525969,35.8 MB,.pdf,2020-02-23 07:14:40
ABNORMAL PSYCHOLOGY/Comer (2013). Abnormal Psychology (8th ed.).pdf,48560101,46.3 MB,.pdf,2020-02-23 07:26:40
ABNORMAL PSYCHOLOGY/DSM-IV TR.pdf,57337507,54.7 MB,.pdf,2020-03-25 04:32:10
ABNORMAL PSYCHOLOGY/DSM-5-TR.pdf,10914275,10.4 MB,.pdf,2022-04-01 03:02:24
"ABNORMAL PSYCHOLOGY/Butcher, James Neal_ Hooley, Jill M._ Mineka, Susan_ Nock, Matthew K - Abnormal Psychology, Global Edition-Pearson (2017).pdf",38401248,36.6 MB,.pdf,2020-02-23 07:24:40
"ABNORMAL PSYCHOLOGY/Comer, Ronald J Fundamentals of Abnormal Psychology 2014 7th ed.pdf",176032056,167.9 MB,.pdf,2020-03-07 04:57:08
ABNORMAL PSYCHOLOGY/Kring. Abnormal Psychology 12th Edition DSM-5 Update.pdf,46982448,44.8 MB,.pdf,2020-02-25 06:46:18
ABNORMAL PSYCHOLOGY/Susan Nolen-Hoeksema - Abnormal Psychology 6th (2013).pdf,33535257,32.0 MB,.pdf,2020-02-23 07:35:54
ABNORMAL PSYCHOLOGY/Abnormal Psychology - Ronald J. Comer 9th.pdf,57228249,54.6 MB,.pdf,2020-02-23 07:06:16
ABNORMAL PSYCHOLOGY/Linda Wilmshurst Abnormal Child and Adolescent Psychology 2nd ed 2017.pdf,11531074,11.0 MB,.pdf,2020-03-07 04:57:46
ABNORMAL PSYCHOLOGY/Barlow - Abnormal Psychology An Integrative Approach 7th 2015.pdf,49440266,47.1 MB,.pdf,2020-02-23 07:22:02
ABNORMAL PSYCHOLOGY/Abnormal Psychology Davison et al. 12th ed.pdf,43868325,41.8 MB,.pdf,2020-02-23 07:10:46
ABNORMAL PSYCHOLOGY/Nolen-Hoeksema (2011). Abnormal Psychology (5th ed.).pdf,42933921,40.9 MB,.pdf,2020-02-23 07:35:02
ABNORMAL PSYCHOLOGY/Robert J. Weis Introduction to Abnormal Child and Adolescent Psychology 3rd ed 2018.pdf,19577851,18.7 MB,.pdf,2020-03-07 05:01:48
ABNORMAL PSYCHOLOGY/Ronald B. Miller Not So Abnormal Psychology 2015.pdf,2057971,2.0 MB,.pdf,2020-03-07 04:48:14
ABNORMAL PSYCHOLOGY/Synopsis of Psychiatry 11th Edition.pdf,90516326,86.3 MB,.pdf,2020-02-23 07:38:06
DEVELOPMENTAL PSYCHOLOGY/Dev Psych Handbook Of Psychology Vol 06.pdf,7158598,6.8 MB,.pdf,2020-02-25 06:54:48
DEVELOPMENTAL PSYCHOLOGY/Life-Span Human Development - Sigelman-Rider.pdf,37704063,36.0 MB,.pdf,2020-02-27 03:49:40
"DEVELOPMENTAL PSYCHOLOGY/David R. Shaffer, Katherine Kipp - Developmental Psychology_ Childhood and Adolescence-Cengage Learning (2013).pdf",51279577,48.9 MB,.pdf,2020-02-23 07:54:38
DEVELOPMENTAL PSYCHOLOGY/Experience Human Development - Papalia 13th Edition.pdf,98988842,94.4 MB,.pdf,2022-11-21 07:26:16
DEVELOPMENTAL PSYCHOLOGY/Santrock. Life-span Development 13th Edition.pdf,50615598,48.3 MB,.pdf,2020-02-25 06:56:34
DEVELOPMENTAL PSYCHOLOGY/John W. Santrock - Life-Span Development-McGraw-Hill Education (2018).pdf,143780122,137.1 MB,.pdf,2020-03-25 09:35:02
"I-O PSYCHOLOGY/Bisen, Priya Industrial Psychology.pdf",2819122,2.7 MB,.pdf,2020-02-23 08:02:06
I-O PSYCHOLOGY/Industrial-Organizational Psychology - Levy  3rd ed 2010.pdf,15968127,15.2 MB,.pdf,2020-03-30 23:10:10
I-O PSYCHOLOGY/Organizational Psychology - Jex.pdf,6612375,6.3 MB,.pdf,2020-02-27 03:50:00
I-O PSYCHOLOGY/Riggio - Introduction to Industrial and Organizational Psychology.pdf,6993264,6.7 MB,.pdf,2020-03-25 09:35:44
I-O PSYCHOLOGY/Industrial-Organizational Psychology Spector 6th ed.pdf,13342614,12.7 MB,.pdf,2020-02-23 08:02:28
I-O PSYCHOLOGY/Work Psychology Peeters 1st ed.pdf,5584732,5.3 MB,.pdf,2020-02-23 08:04:02
"I-O PSYCHOLOGY/2006 [Muchinsky, P.M.] Psychology Applied to Work.pdf",9621200,9.2 MB,.pdf,2020-02-23 08:02:00
I-O PSYCHOLOGY/Michael G. Aamodt - Industrial_Organizational Psychology_ An Applied Approach 8th (2015).pdf,37476252,35.7 MB,.pdf,2020-02-23 08:03:26
I-O PSYCHOLOGY/IO - Handbook of Psychology.pdf,6723150,6.4 MB,.pdf,2020-02-27 03:20:52
"I-O PSYCHOLOGY/Robbins, S. P. & Judge, T.A. Organizational Behavior 5th Edition.pdf",23668977,22.6 MB,.pdf,2020-02-25 07:14:32
I-O PSYCHOLOGY/Michael G. Aamodt Industrial Organizational Psychology 6th.pdf,6698505,6.4 MB,.pdf,2020-02-23 08:03:38
"I-O PSYCHOLOGY/McShane, S. & Von Glinow, M. Organizational Behavior, 5th Edition.pdf",20290858,19.4 MB,.pdf,2020-02-25 07:13:42
"I-O PSYCHOLOGY/Frank J. Landy, Jeffrey M. Conte Work in the 21st century 4th ed.pdf",17807219,17.0 MB,.pdf,2020-03-07 05:47:54
I-O PSYCHOLOGY/Ronald E. Riggio Introduction to Industrial Organizational Psychology 7th ed.pdf,11073870,10.6 MB,.pdf,2020-03-07 05:48:26
I-O PSYCHOLOGY/Steven G. Rogelberg Encyclopedia of Industrial and Organizational Psychology.pdf,13022099,12.4 MB,.pdf,2020-03-07 05:47:18
PSYCHOLOGICAL ASSESSMENT/ITC Guidelines on Test Use (2013).pdf,361491,353.0 KB,.pdf,2022-02-10 02:40:40
PSYCHOLOGICAL ASSESSMENT/ITC Guidelines for Translating and Adapting Tests Second Edition (2017).pdf,939500,917.5 KB,.pdf,2022-02-24 03:41:56
PSYCHOLOGICAL ASSESSMENT/Essentials of Psychological Testing (Susana Urbina).pdf,1093757,1.0 MB,.pdf,2020-02-23 08:04:22
PSYCHOLOGICAL ASSESSMENT/ITC A Test-Taker_s Guide to Technology-Based Testing (2010).pdf,1174248,1.1 MB,.pdf,2022-02-10 02:40:50
PSYCHOLOGICAL ASSESSMENT/Essentials of Psychological Testing Urbina 2nd ed.pdf,1751412,1.7 MB,.pdf,2020-02-23 08:04:28
PSYCHOLOGICAL ASSESSMENT/The Standards for educational and psychological testing.pdf,7935808,7.6 MB,.pdf,2020-03-25 09:23:54
PSYCHOLOGICAL ASSESSMENT/Keith Coaley - An Introduction to Psychological Assessment and Psychometrics  -Sage Publications Ltd (2010).pdf,3112437,3.0 MB,.pdf,2020-02-23 08:04:34
"PSYCHOLOGICAL ASSESSMENT/Multimethod Clinical Assessment - Christopher J. Hopwood, Robert F. Bornstein - 2014.pdf",4002095,3.8 MB,.pdf,2023-08-30 08:10:16
PSYCHOLOGICAL ASSESSMENT/Psychological Testing (7th Edition) - Kaplan and Saccuzzo.pdf,11031419,10.5 MB,.pdf,2020-02-27 03:50:34
PSYCHOLOGICAL ASSESSMENT/Psychological Testing (Kapalan and Sacuzzo) 6th.pdf,4263356,4.1 MB,.pdf,2020-02-23 08:04:42
"PSYCHOLOGICAL ASSESSMENT/APA Handbook of Testing and Assessment in Psychology, Vol. 1 Test Theory and Testing and Assessment in Industrial and Organizational Psychology.pdf",7783239,7.4 MB,.pdf,2020-03-30 21:45:22
PSYCHOLOGICAL ASSESSMENT/Assessment - Handbook Of Psychology Vol 10.pdf,6245884,6.0 MB,.pdf,2020-02-25 07:31:06
"PSYCHOLOGICAL ASSESSMENT/APA handbook of testing and assessment in psychology, Vol. 2, Testing and assessment in clinical and counseling psychology.pdf",8596707,8.2 MB,.pdf,2020-03-30 21:51:18
PSYCHOLOGICAL ASSESSMENT/Cohen-Swerdlik-Psychological-Testing-Assessment-9th-Ed.pdf,5903733,5.6 MB,.pdf,2020-02-23 08:04:18
"PSYCHOLOGICAL ASSESSMENT/Handbook of Personality Assessment (Irving B. Weiner, Roger L. Greene).pdf",64500682,61.5 MB,.pdf,2023-08-22 20:57:28
"PSYCHOLOGICAL ASSESSMENT/The SAGE Handbook of Personality Theory and Assessment, Volume 2 Personality Measurement and Testing.pdf",4895382,4.7 MB,.pdf,2020-03-30 21:54:42
PSYCHOLOGICAL ASSESSMENT/Groth-Marnat. Handbook of Psychological Assessment 4th Edition.pdf,9238200,8.8 MB,.pdf,2020-02-25 07:31:26
"PSYCHOLOGICAL ASSESSMENT/Robert M. Kaplan, Dennis P. Saccuzzo - Psychological Testing_ Principles, Applications, and Issues-Cengage Learning (2017) 9th.pdf",18287893,17.4 MB,.pdf,2020-02-23 08:05:14
PSYCHOLOGICAL ASSESSMENT/Psychological Testing an Introduction - Domino & Domino 2nd ed 2006.pdf,5086949,4.9 MB,.pdf,2020-03-30 21:52:36
"PSYCHOLOGICAL ASSESSMENT/Robert M. Kaplan, Dennis P. Saccuzzo Psychological Testing 8th.pdf",9233477,8.8 MB,.pdf,2020-02-23 08:05:32
"PSYCHOLOGICAL ASSESSMENT/Anastasi, Anne Psychological testing 4th Edition 1976.pdf",26696413,25.5 MB,.pdf,2020-03-07 05:34:24
"PSYCHOLOGICAL ASSESSMENT/Ronald Jay Cohen, Mark Swerdlik Psychological Testing and Assessment 7th.pdf",5550105,5.3 MB,.pdf,2020-02-23 08:05:42
"PSYCHOLOGICAL ASSESSMENT/Gary Groth-Marnat, A. Jordan Wright - Handbook of Psychological Assessment-John Wiley & Sons (2016).pdf",9065979,8.6 MB,.pdf,2020-03-25 09:23:12
